﻿姓名,评论内容
小草,你们是在哪里搬的哟，丛林沟的哇
勤劳的小蜜蜂,[赞]
💕๓烟花易冷ꦿᮁ໊,好多钱一斤嘛老乡
快手用户1648451656840,[火]
烟3816,[赞]
陈靖瑶妈妈,[赞][赞]
快手用户1650113299228,[赞][爱心]
儿童小故事,这个竹子什么时候栽种？
颜摄映画,这个笋子好小
布拉格 梦,[666]
陈平汽修厂,可以在山上剥壳了再回来。
崽儿795,好吃
来年秋风乱。0325,想去拔，水竹笋。。。好大。
摄影师—肖林,这个安逸
心恋621,[赞]
