﻿姓名,评论内容
蜀和春,日子有甜有咸，生活有苦有乐，不变的是我们对未来的期望和憧憬，不改的是我们对一切的初心和坚持[抱抱][抱抱][爱心]
❤️小凤（孕晚期）,现在视频风格 貌似比较金贵矫情  没之前好看了[笑哭][捂脸]
御兔❦瑶瑶❦,自从胖子哥来了，剧情就变味了，没有以前和琴琴拍的自然，开心，接地气，多了一些矫情做作，个人观点，不要喷[笑哭]
平凡逗逗乐,你至少有两三个老公吧
回首,有点假
善意的谎言（ꂃꐩꃅꈱꅄ）,只要夫妻恩爱，用不着山珍海味，一个棒棒糖就够了[爱心]
ღ᭄ꦿ °如愿এ⁵²º᭄এ,视频杂越来越假。
♀玉萍❣️,老高呢
筱晓,[龇牙][龇牙][龇牙]
江南雨2542,这是阿春去江浙认识的老公吗[龇牙]
茉莉花8332崔崔618,[捂脸][捂脸][捂脸][捂脸]
快手用户1656653396300,[赞][赞][赞]
User_1569032960870,[爱心]
，，,[赞][赞][赞][赞][赞][赞][赞]
无怨无悔72123,[赞][赞][赞][赞][赞][赞]
惊鸿一瞥,胖子吃饭不洗手，逛了一大圈不洗手就抓菜吃，不讲卫生
开心每一天00629,[赞][赞][赞]
嫒媛,[赞]
李瑶,[玫瑰]
真,[捂脸][捂脸][捂脸]
爱我所爱10662,做得好吃
6058号,老高呢
李成梅851,[赞][赞][赞]
nice菊,[赞][赞][赞]
创文相逢,越来越无聊了
无所谓2218,阿贞真幸福的，胖子人真好的。还蛮细心的。[赞][赞][赞][赞][赞][赞][赞][赞][赞][赞][赞][赞][赞][赞]
Yin英,[玫瑰][玫瑰][玫瑰]
美好时光54480,日子过的好啊[赞][赞][赞][赞][赞][赞][赞]
ᥬ😂᭄小周,还是老高好
💞 开心快乐💫691,[赞][赞][赞]
金秋夏月,[玫瑰]
幸福快乐,[捂脸]
空谷幽兰,[玫瑰][玫瑰][玫瑰][玫瑰][玫瑰][玫瑰]
杨国素,[玫瑰][玫瑰][玫瑰][玫瑰][玫瑰]
雪梅64905,@[赞][赞][赞]
今生有缘53206,[玫瑰][玫瑰][玫瑰][玫瑰]
八月的雨,[赞][赞][赞]
郑大汉儿,[赞][赞][赞][赞][赞][赞]
二姨435,[赞][玫瑰][玫瑰][玫瑰][玫瑰][玫瑰]
过的自己,[奸笑]
清风63045,[赞]
（奋斗）、（木）,[调皮][奸笑]
怡怡,[赞][赞][赞]
东29359,[玫瑰][玫瑰][玫瑰]
陈学如726,[赞][赞][赞]
老妈,[赞][赞][爱心][爱心][火][火][666][666]
450༊࿆烈酒伴浓烟*ꦿ,[赞][赞]
落尽芳华＠981,[赞][赞][赞]
显慧182,[666][666]
秉诚,[赞][赞][赞]
君莉,[666]
User_1574089143233,[笑哭][笑哭][笑哭][笑哭][笑哭][笑哭]
路边的小疯子,[火]
唐光鞠,@[爱心]
农民华姐779,[赞][赞]
霞ヾ☺,[捂脸]
英（fqy）,[赞]
self,[赞]
快乐宝贝,[火]
快乐宝贝,[火]
好运来94117,[玫瑰]
好运来94117,[赞]
陈陈16069,[赞][赞][赞][赞][赞][龇牙]
邹木元,[赞][赞][赞][赞][赞][赞][赞][赞]
爱你 不完,[奸笑]
清汭,[爱心][爱心][爱心][爱心][爱心][爱心][爱心]
罗民,[赞][赞][赞]
忘记34061,[色][色][色]
一生平安，.+,[玫瑰]
一生平安，.+,[爱心]
不以物喜.不以己悲🍀.,[666]
平平淡淡才是真,[玫瑰][玫瑰]
陈先会,[赞]
风格81957,[赞][赞][赞]
💝永恒的玫瑰💝,[赞]
斌麟,[赞][赞][赞][赞][赞][赞]
每天快乐5561,[赞]
翠珊9269,[赞][玫瑰]
mceee,[玫瑰]
寤誷,[玫瑰]
庞春连341,[玫瑰][玫瑰][玫瑰][玫瑰]
琴,[赞][赞][赞][赞]
人活着好累512,很好
。,[赞]
爱恰榴莲,[赞]
梦想成真01614,[赞]
谁是谁的谁29477,@[赞]
红🌺 尘🌺645,@[赞][赞][赞]
＠啊罗，爱唱歌,[玫瑰][玫瑰][玫瑰][玫瑰]
mei94474,[666]
吉祥如意56564,好吃
快手用户1638197788294,[火][火][火][火][火][666][666][666]
李楠,[玫瑰][玫瑰][玫瑰]
开心果02453,[玫瑰][玫瑰][玫瑰][玫瑰]
谢明清653,[赞][赞][赞][赞]
User_1622000282009,[赞][赞][赞][赞][赞][赞][赞]
快手用户1665111437017,[赞][赞][赞][赞][赞][赞][赞][赞][赞]
邓连英393,[赞][赞]
王。我自己,[赞]
惜梦,[玫瑰]
开心27359,[赞]
天豹家冷暖自知98012,有人心疼了[赞][赞][赞]
农村（飞哥冲万粉）,平淡有爱也是幸福的
Huke,[玫瑰]
离4963,[666][火]
离4963,[爱心]
离4963,[玫瑰]
离4963,[火][赞]
范琼仙,[赞]
A小傻瓜440,[赞][赞]
含辛如苦514,[爱心]
唐安平176,好样的
魅力9857,[赞]
FUYingMei,[玫瑰][玫瑰][玫瑰]
User_1574496615185,[赞]
小华46700,[赞][笑哭]
希望明天会更好4178,@[赞][赞]
爱的💋 承诺741,[火]
平安是福19580,[赞][赞][赞][玫瑰][玫瑰][玫瑰]
馨瑶,[赞]
爱你,[玫瑰][玫瑰]
岳岳,[赞][赞][赞]
杨大姐yzh,[玫瑰]
赵献菊,[赞][赞][玫瑰][玫瑰]
朴树村,[赞]
刘姐,[奸笑][捂脸]
岁月静好,[666][666][666][666][666][666][666][666]
真爱永恒98024,[赞][赞][赞]
快手用户1675309788685,[玫瑰][玫瑰][玫瑰][玫瑰]
丁香1613,[赞]
红苹果62447,[赞][赞][赞]
冉姐13174,[赞][赞][赞]
任福兴,[捂脸]
涵梦似若仙...,[赞]
M浪子熊,[赞]
荣,[玫瑰]
🌿,[爱心]
华70973,@[赞][赞]
丽珍,[赞][赞][赞]
丽珍,[赞]
smile64365,[赞][赞]
lp3797,[玫瑰]
梅,[玫瑰][玫瑰][玫瑰][火]
小刘0798123,[赞][赞]
lp3797,[玫瑰]
香姐,[玫瑰]
平平,[火]
上官珍,[666][666][666][666]
叶子10308,[玫瑰][玫瑰]
秀,[火]
等待奇迹hiAHYfwO,[666][666][666][666][666][666]
豆芽机,[赞][火][火][666][666]
岁月静好80686,[赞][赞]
叶少燕,[赞][赞][赞][赞][赞]
迪迦戴拿盖亚泽塔赛罗赛文,[赞]
兰花草50069,[爱心]
快手用户1646406230838,[赞][赞][赞][赞]
琴儿69024,[玫瑰][玫瑰][玫瑰]
转身  泪也倾城,[赞]
财哥8566,[火]
开心＠快乐408,[赞][赞]
开心就是幸福,@[666][666][666]
''怪我们始终太念旧ゝ',[赞]
碧玉蓝天732,[优秀]
沐沐,[赞][赞]
吉祥,[赞]
夏日的玫瑰145,[666][666][666][666][666]
戴春霞,[赞][赞]
、簡單陪絆,[装傻]
梅716,[赞][赞][赞][赞][赞][赞][玫瑰][玫瑰][玫瑰]
何大江013,[爱心]
玫瑰人生,[赞][赞][赞][赞]
风中的承诺,[赞][赞][赞]
926+81,[666]
好运35856,[玫瑰]
东东39844,[赞][赞]
唐姐485,[火]
User_1577197611600,[赞][赞][赞][赞]
张贵宣,[奸笑]
快手用户1641907475323,[赞][赞][赞]
真心❤相对,[666][赞][爱心]
牛奶,[玫瑰]
金坪迎奥合作厅,[赞][赞][赞][赞]
随心自如763,[赞][赞]
旺仔浩,[玫瑰]
明天会更好65645,[玫瑰]
天天快乐22899,[玫瑰][玫瑰]
千舟山水,勤快媳妇[赞]
水晶城堡的月光,[赞]
恋鞠奶酥,@[赞][赞]
＠凤558,[赞][赞][赞]
天空71075,[赞]
hytg,[赞][赞][捂脸]
为你钟情3003,[666][666]
墩墩儿（//∇//）,[赞][赞][赞]
随遇而安13982421855,胖子过去对阿春关心不够，所以才导致离婚；现在他想跟阿春复婚，是应该好好表现表现，不存在阿春矫情一说，应该是现在有胖子疼了，会感觉幸福些了吧！[憨笑]
燕♥子297,[爱心]
云鼎🏆淑菲,[捂脸]
春暖花开,[666]
幸福87518,[666][666][666]
User_1596184637032,[666][玫瑰]
User_1557302995946,[赞][赞][赞]
罗庆文108,[赞][赞][赞][赞]
缘来是你,[666][666][666]
铃铛,[赞]
快手用户1637646327321,[赞][玫瑰][玫瑰]
敏83519,[赞][赞][赞]
美美6067,[赞][赞][赞][赞][赞][赞][玫瑰][玫瑰][玫瑰][玫瑰][玫瑰]
退休的老奶奶,[赞][赞][玫瑰][玫瑰]
红紅火火88046,[玫瑰]
苟建琼,[玫瑰][玫瑰][玫瑰]
為ˡᵒᵛᵉ祈禱.,[赞][赞][玫瑰]
瑲茕,[玫瑰]
喜之郎果冻211,[赞][玫瑰]
红红书语,[赞]
🐠上你是我的缘,[赞]
User_1587811665034,@[赞][赞][赞]
心语心愿52842,[赞][赞][赞]
笑对人生5NCHtvVl,[赞][爱心][玫瑰]
但愿忘掉过去,[赞]
慕晨,[笑哭]
美好的594874,@[赞][赞]
咖啡不加糖,[666]
快手用户1658146343032,[赞][赞][赞][赞][赞][赞][赞]
南昌世界,[赞]
一生幸福63972,[赞][赞][赞][赞]
精灵87833,[赞][赞][赞][赞]
幸福约定40498,[玫瑰][玫瑰][玫瑰]
谦谦,[赞][赞][赞]
心如止水52512,[爱心][爱心]
香香妹709,[赞]
紫色＠薰衣草337,[玫瑰]
张智,[赞][666]
wuliyun143,[赞][赞][赞][赞]
大足五金（田××）,[赞]
yin6899,[666]
春菊793,[666]
czy,@[666]
乖乖╭牌,[微笑]
随遇儿安656,只要夫妻恩爱，用不着山珍海味，一个棒棒糖就够了[爱心]
KS❀毛肚,[666]
艾梦琼,[火]
ঞ᭄余生终未归᭄ꦿ้࿐,[玫瑰][玫瑰][玫瑰]
静静煕煕150,[赞][赞][赞][赞][赞][玫瑰]
过好每一天81633,[爱心][赞]
芬&芳（⑉°з°）-♡,[赞][赞][赞]
欧孟英,[玫瑰][玫瑰][玫瑰]
贝贝,[赞]
周莉7726,[赞][赞][赞]
User_1613043382379,@[赞][赞][赞]
百合,[爱心][爱心]
芬&芳（⑉°з°）-♡,[赞][赞][赞][赞][赞][赞]
晴天83248,[赞]
初见,[比心][打招呼]
小王05415,[赞][赞]
开心,[666]
韦霞630,[赞]
一天又一天😆541,[赞][赞][666][666]
怦然心动7500,[赞]
集美【美甲 美睫 纹绣】,[龇牙]
User_1593830452019,[捂脸][捂脸][捂脸]
黑玫瑰89244,[赞][赞]
一叶知秋95694,吃的好
快乐小蝶,[玫瑰]
付晓菊844,[笑哭][笑哭][笑哭][笑哭][笑哭][笑哭][笑哭][笑哭]
付晓菊844,[赞][赞][赞][赞][赞][赞][赞][赞]
往事随风云,[龇牙]
小余,[666][666][666][666][666]
欣欣小盆友,[666]
燕波37,@[赞][赞]
自🌹 由🌹 自🌹 在,[玫瑰][玫瑰][玫瑰]
小敏51687,[赞][赞][赞]
幸福保桂,[玫瑰][玫瑰]
珊珊76583,[玫瑰][玫瑰][玫瑰]
如意,[玫瑰]
幸福一生27757,[赞][赞][赞][赞]
心静,[赞][赞][赞]
云42236,好香
User_1625706763083,[赞][爱心]
程晨曦光,[火][666][666]
莫大大419,[赞][赞]
阳光百合,[赞][赞]
老大,[赞][赞][赞]
she,[666]
lucky,[玫瑰]
嘿.我还在.,[玫瑰][玫瑰][玫瑰][火][火][火][666][666][666]
沈 月 辞⁵²¹,[爱心]
快手用户1640621569062,[微笑][微笑][微笑]
心若向阳0643,[666][666]
合川爱川,[祈祷]
追梦人88459,[玫瑰]
快手用户1651678036537,[玫瑰]
微笑,[赞][赞]
轩帅645,[玫瑰][666]
萍水相逢,[赞][赞][赞][赞][赞]
芋嶙,这是你老公吧
萍水相逢,[赞][赞][赞][赞][赞]
小公举%019,[爱心]
惊落人间💞,[火]
一切随缘,[爱心][爱心]
桂贵,[赞][赞][赞]
快手用户1652338972734,[赞][赞][赞][赞]
夕阳红99768,[赞][玫瑰]
周树芬,[玫瑰][玫瑰][玫瑰]
嗯n嗯n嗯,[玫瑰]
周碧云,[爱心][赞][玫瑰][爱心]
朝玖挽吾,[赞]
开心一百,[赞][赞][赞]
✨星宇⚡,[捂脸]
随缘09004,[玫瑰][玫瑰]
青春常在,[欢迎][欢迎][欢迎]
123456789,[赞][赞]
相见恨晚7414,[赞]
☜你💖love🌸花,[赞]
小苹果nice,[赞][赞][赞]
如烟75720,[玫瑰]
刘姥姥,[奸笑]
三姐66489,[火]
命中注定有缘无分,[赞]
明天，你好2921,[玫瑰]
漫漫人生路,[赞]
漫漫人生路,[赞]
快手用户1670838337196,生活就是这样的
一切随缘,[赞][赞][赞]
莉81915,[赞]
老姜,[赞]
我丑但我善良815,[奸笑][赞]
伟_1582012,[玫瑰]
香香妹,[赞][赞][赞]
心相印6994,[赞]
无语,[赞][赞][赞]
有雨花开,[赞][赞][赞][赞][赞]
平安是福,[赞][赞][赞]
梦寻千古香132,[爱心]:[爱心]:
王秀,[赞][赞][赞]
一生平安94929,[爱心][爱心][爱心]
User_1580645344290,[赞]
侐老六,[奸笑][奸笑][奸笑][奸笑]
月月,[玫瑰]
刘建元,@[玫瑰]
漠子🍦,[奸笑]
hhh,[哼]
易亚辉725,[赞]
遇见70033,[666][666][666]
蓉蓉,[爱心][爱心][爱心][爱心][爱心][爱心][爱心]
开心每一天62586,[赞]
浮生萧条047,[赞]
不安于现状,[赞]
快手用户1646555052049,@[赞][赞][赞]
＠乔依诺,[赞]
素英300,[赞]
肖自蓉,[玫瑰]
小清,[赞]
小草16175,[玫瑰]
可惜,[玫瑰]
User_1580295706029,[赞][赞][赞]
张凤英8430,[赞]
赵玉兰,[赞]
芳KK7OeF4t,[玫瑰]
User_1559791091,换老公了吗？
菲菲73194,[666][666]
夏日微风,[爱心]
丑八怪咿呀~,辣子鸡补身体？
臭宝的快乐源泉,[666][666][666]
扶🌸玉🌺兰,[赞][赞][赞][赞][赞][赞][赞][赞]
婉瑶😍,[赞][赞]
🇲🇲🌹良 ❤少🌺,[玫瑰][玫瑰][玫瑰][玫瑰][赞][赞][赞][赞]
心星雨,[赞]
新生活6845,[奸笑]
刘平2454,[爱心][爱心]
兰莲花,[666][666][666]
小草43564,[玫瑰][玫瑰][玫瑰][玫瑰]
秀清1551,你的老高去那了
User_1574989655294,[赞][赞]
🌸🌸🌸🌸,[赞][赞]
芬42531,[赞][赞][玫瑰]
蓝颜,自从胖子哥来了，剧情就变味了，没有以前和琴琴拍的自然，开心，接地气，多了一些矫情做作，个人观点，不要喷[笑哭]
顾少💤〈受〉,@[赞][赞][赞][玫瑰][玫瑰][玫瑰]
平安快乐47266,[666][赞][玫瑰]
ALYS-隆昌三店122,@[挑逗][挑逗][挑逗][挑逗]
随心所欲76646,日子有甜有咸，生活有苦有乐，不变的是我们对未来的期望和憧憬，不改的是我们对一切的初心和坚持[抱抱][抱抱][爱心]
～喵小姐,每次说要来人我就知道肯定最后来不了
粉蝶V🐭,老高跟她们拍才自然
泉珍933,[666]
玉兰0711,[666][666][666][666]
英子,一句都没有提爱 且爱在行动[赞][赞][赞]
老美女熊猫严萍13693,[赞][666]
寂寞的女人164,[赞][赞][赞]
萍聚17966,[火]
no～～～,多诚实多能干的美女[玫瑰][玫瑰][玫瑰][玫瑰][玫瑰][玫瑰][玫瑰][玫瑰]
夜深，人未静118,主要是我想知道高兴哥去哪了[捂脸]
平平安安72289,[玫瑰][玫瑰][玫瑰][玫瑰]
Wangbihua515,[666][666][666][666][666]
胡姐6355,@[赞][火]
侯伟,田园生活！[赞][赞][赞][赞][赞][赞]
周健8774,又换老公了？
小雪68296,这男的你什么人
你把我放哪893,[赞][赞][赞]
晓燕《姊妹》,这道菜确实不错[赞]
谢玉梅,太好了
珍珍70571,[玫瑰][玫瑰]
五月天,这老兄对你很不错，[赞]给你点赞
农村霍妹,[666][666][666][666][666][666]
天空之城仙女,[爱心]
假裝不愛你,[火][火][火][火]
清清38567,为了拍视频要找一千个老公
深谷幽兰53533,[赞][赞][赞]
平安83224,[赞][赞][赞]这些人真是无聊，你关别人怎么生活，我觉得胖了好
蓉姐,[赞]
感恩的心18394,对老公多很/正常
美美50783,[赞][赞][赞]
辜三姐778,老公多，很正常
忆青春:周姐,[赞][赞][赞][赞][赞][赞][赞][666][666][666][666][666][666][玫瑰][玫瑰][玫瑰][玫瑰][玫瑰]
全家幸福,[赞]
零6－,流口水了
勤劳的小蜜蜂,[666]
珍m888,[赞][赞][赞][赞][赞][赞][赞][赞][爱心][爱心][爱心]
蝴蝶迷,阿春你有几个老公呀
淡淡清香,在生活中感动，在感动中生活
羽涵112,不切实际的，在家过日子做事情，穿成这样好干家务？还有这男人，女人一干活就大惊小怪不让干，过日子不是这样的
水墨天山,[爱你]双击666[赞][赞][爱你][爱你]
蘶832,[赞][赞][赞][赞][赞][赞][玫瑰][玫瑰][玫瑰][玫瑰]
好人一生平安,[赞]
快手用户1662961914071,[赞][赞][赞][赞][赞][赞][赞][赞][赞][赞][赞][赞][赞][赞][赞][赞][赞][赞][赞][赞][赞][赞]
ghjio 星辰⭐🌴物,日子过得有滋有味甜[赞][爱心][玫瑰][玫瑰][优秀][优秀]
。伈。,不是补气血的嘛不拿来炖
玉,我喜欢这种生活
玉,[赞][赞][赞]
金蝉子,[赞][赞][赞][赞][赞][赞][赞][赞]
江津279,你还是一个好老公吗还会多心疼你老婆吗、[赞]
User_1584337969520,[赞]
江南,[赞][赞][赞]
相濡以沫,[玫瑰][玫瑰][玫瑰]
牛油果,春姐能回复下我吗[玫瑰]
带刺的玫瑰🌹🌹🌹570,[赞]
Angh,[赞][赞][赞][666][666][666]
百度6472,[赞][赞][赞][赞][玫瑰][玫瑰][玫瑰][玫瑰]
梦了无痕,那么大个鸡这样搞，招待客人我觉得不是很合适，用一半炖汤，用一个做辣子鸡比较好！
蓉蓉,[赞][赞][赞][菜刀]
印江妹,[玫瑰][玫瑰][玫瑰]
大姐，大姨！,看着好香啊！[赞][赞][赞][玫瑰][玫瑰][玫瑰][玫瑰]
快手用户1671153118876,@墨羽尘曦
心哥6706,我要是个女的我也受不了胖子这样[生气][生气][生气][生气][生气]
阳光幸福441,有点假心假意
猫猫35101,猜都是最后说不得来，结果还真猜对了
💖 甜甜微笑💖,[赞][赞][赞][赞][赞]
久川＾.爱吃小朋友,[赞]
毛琼芝,[赞][赞][赞][赞][赞]
阿丹0950,[汗][汗][汗]
:一生幸福劉,[赞][赞][赞][666][666][666][玫瑰][玫瑰][玫瑰][玫瑰][玫瑰][玫瑰][欢迎][欢迎]
幸福63108,你找到个好老公，那么疼你
光云,[赞][赞][赞][玫瑰][玫瑰][玫瑰]
꧁散伙꧂,[奸笑][奸笑][奸笑]
真爱（永恒）956,[奸笑][奸笑][奸笑]
老罗（浪迹天涯）,世界再变 人也要跟着
原来的我2805,[赞][赞]
谁懂＆人心薄凉,[优秀]
绽放未来-斌,辣子鸡还是贵州的好吃
幸福花8095（则）,[赞][赞][赞]
转身已陌461,辣子鸡看起来好好吃[赞][赞]
彦娟729,我感觉前夫哥说话有点不好听，虽然都是为了阿春好。口气改改更温柔
翔宇帆裕,怎么有二个男朋友啊
快乐生活3158,[赞][赞][赞][赞][赞]
离开＠就会辜负的😘爱,以前那个更好看
粉蓝662,好假，一会一个剧情
温柔了岁月的情怀,这男的冲缘
User_1583131081783,胖子哥，裤子都快掉
辣妹子58295,同一剧情，不同一故事
小米工作室～余佩旋,在三月里，我们都在努力，与快乐相伴，与美好同行。
刘彬4482,@[赞][玫瑰]
宠儿5163,我想问下胖子是老公还是老高是老公呢，一段时间又出现一个男的
翠鸟692,[赞][赞][赞]
盛鑫，茂盛,[赞][赞][赞][赞][赞]
1种狂、骄傲,是不是怀孕了
黄细苹,[赞][赞][赞][赞][赞][赞]
蝴蝶兰的美706,[火][火][火]
杨煜秀ìììiiìiii,[赞]
完善自己364,胖子的方言是浙江宁波的嘛
凡凡,[赞]
晓云☜,哈哈，买手套还送棒棒糖[笑哭]
晓云☜,如此让一个女人暖心的男人、小家[赞]
快手用户1637848799379,[赞][赞][赞][赞]
无聊,你到底有多少个老公
灼灼464,@[rose][rose]
《痴＠心＠燕》,[666]
好人一生平安23442,[赞][赞]
快手用户1664114322332,[赞][赞][赞]
游戏本营,[玫瑰]
杨,[赞][赞][赞][赞]
怀旧：是一种情怀！,[赞][赞][赞][赞][赞][赞]
佳语承骏,我好像看到鞋子坏了[捂脸]
曲心175,[赞]
User_1552828953880,[赞][赞][赞]
蝴蝶34769,[赞][赞][赞][赞][赞][赞]
开心快乐69214,[赞][赞][赞][赞]
幽幽篮丝带,现在的视频没什么想看的了，尤其是看到胖子
蓝天,口是心非，说随便吃一点，自己又跑去抓鸡
林招莲,[捂脸][捂脸][捂脸]
快手用户1657802584268,[赞][赞][赞][赞][赞][玫瑰][玫瑰][玫瑰][玫瑰][玫瑰][玫瑰]
杨有琴644,[666][666][666][666][666][666][666]
123微笑面对每一天,[赞]
开心就好42691,[玫瑰]
一切安好。,[捂脸]
，阿英934,阿春，你老公心太好了，他心里面全部都是你诶，他会懂得心疼你，这样的老公没有好几个咯[666][666][666]我都好羡慕你老公啊！对你太好了
珍。007,老高呢？[赞]
陈姐65191,[龇牙][爱心]
唐志蓉,[玫瑰][玫瑰][666][赞]
陆,只要夫妻俩恩爱用不着山珍海味[赞][赞][赞]
李,[玫瑰][玫瑰][玫瑰][玫瑰]
AB1623,[赞][赞][赞]
🌸 🌸 梦媛🌸🌸,到底哪个才是真老公
果果05208,[赞]
陈姐🎤〈舞者🔥35〉,[赞][赞][赞][赞][赞]
曾辉804,[赞]
雨后彩虹,你洗不行吗？还买手套
美好的回意！74年的虎！,[赞][赞][赞]
马琴035,[666][666][666]
祝您🌾🌾幸福,你不是女汉子嘛
文文43261,[赞]
猫咪2020617,不是喂了鸡吗
池譲🖤GL,是复婚了吗
如歌0254,[赞][赞][赞]
淑6302,[赞][赞][赞][赞][赞][赞][赞][赞][赞]
靓诚佳人,浙江人都是很可惜粮食的[赞][赞][赞]
素素43050,春春能干，做菜做的好，努力过好自己每一天，开开心心[欢迎][欢迎][欢迎]
玫瑰花,这男人故意有意思[捂脸]
美好41287,[赞][赞][赞]
幼儿园抢饭第一（◔◡◔）,[难过][难过][难过]
李子红,[666][666][666][666]
小英姐423,[赞][赞][赞][赞][赞]
蕻蕻,几天的话还要啊，胖子太省了
快手用户1676050232031,春姐姐，的日子过的越来越幸福了[赞][赞]
从头再来963258,[赞]
胖姐7455,现在的这个风格有点像被黑的那个有外放的小春花，我个风格一模一样[扎心]
花有缺！,[爱心][玫瑰][爱心][龇牙][赞]
刘素碧。,[赞][赞][赞][赞][玫瑰][玫瑰][玫瑰][爱心][爱心]
银银0226,[赞][赞][赞][赞][666][666][666][666]
幸福美满25229,[火][火][火][火][火][火]
飞雪,[赞]
97文案馆ᯤʸᵒᵘ,[666]
保留一种良好的心态✨,没以前好看了
♚ 局外人ᯤʸy,[666]
封存记忆,剧情大转换
静心57050,[666]
阳光46717,[星星眼][星星眼]
杨荣香,看到就想吃[赞][赞][赞][赞]
君子之交淡如水9724,[爱心][爱心][爱心][爱心]
＠云淡风清☁,[赞][赞][赞]
蒋玉芳137,@[赞][赞][赞]
时尚老太太3058,[赞][赞][赞][赞]
————晚辰,好假
冬天里的雪花,[赞][赞][赞][赞][赞][赞]
快手用户1638501419745,[玫瑰][玫瑰][玫瑰][玫瑰][赞][赞][赞][赞]
云钦,[玫瑰][赞]
为幸福l去奔波,两囗子就是应该相互理解。就该这样活
小辉13643,大姐你看见公鸡下蛋吗不要说公鸡蛋看见你拍的好多视频为你点赞[赞][赞][赞][赞][赞][赞][666][666][666][666][666][爱心][爱心][爱心][爱心][爱心]
小媚1877876948,网上的都是公鸡蛋[吃瓜]
叔芳,[爱心]
徐良,跟我老家的做法好不一样
好人一生平安21183,[笑哭]
风景,[赞][赞][赞][赞][赞][赞][赞]
看开就好,[赞][赞][赞]
快手用户1661901868456,[赞][赞][玫瑰][玫瑰][玫瑰]
菩提树~  话生肖,[笑哭][笑哭][笑哭][爱心][爱心][爱心]
A0000🌻利霞,[赞][赞][赞]
忘了过去,[赞][赞][赞]
尘世凡间,看着好辣
吴桂群,[爱心][爱心][爱心]
杨晓899,江浙一带的人不吃辣椒，吃甜的。[龇牙]
User_1577021015542,突然又来了个老公，表演也演的真实一点[捂脸]
桦6009,[赞][赞]
User_1626250913241,[赞][赞][赞]
平祥,[赞][赞]
董事长,[666]
五姐8166,[赞][赞][赞][赞][赞][赞][爱心][爱心][爱心][爱心][爱心][爱心][火][火][火][火][火][火]
心悦（:）,[666]
风云16107,少做点[捂脸]
兜兜转转,阿么么[汗][汗][汗]大惊小怪
💘余生ᝰ随心🥀,[赞]
紫藤花,[赞][赞][玫瑰][玫瑰]幸福满满[玫瑰]祝福你俩[赞][赞]
💍🌾安月霖💘4,我喜欢这样的视频夫唱妇随[赞][赞][赞][赞][赞][赞][赞]
love半岛祺遇记,你家养了这么的家禽，你觉得我会相信你就这样倒掉不要嘛！真是的
在水一方,剧情变了
春夏秋冬,这个老公怎么讲阿拉宁波话了
尹1407,[赞]
陈小敏,[赞][赞][赞]
新主题041,[赞]
岁月静好36806,剧情变味了，不太真实了
兰27394,[玫瑰][玫瑰][玫瑰][玫瑰][玫瑰][玫瑰][玫瑰][玫瑰]
晶晶55374,假了
钱9031,有点太过了，实话
孔9073,[赞][赞][赞][赞][赞][优秀][优秀][优秀]
云淡风轻,日子有甜有咸，生活有苦有乐，不变的是我们对未来的期望和憧憬，不改的是我们对一切的初心和坚持[抱抱][抱抱][爱心]
白荷花💅💅💅💅🌷🌙🌙🌙🌙,[赞][赞]
亚芳1792,[赞][赞][赞]
虫儿飞😘559,[奸笑]
周明英941,[赞][赞][赞][玫瑰][玫瑰][玫瑰][666][666][666][爱心][爱心][爱心]
~*%零^0^度C%*~,[666][666][666]
快手用户1648110360226,[赞]
唯一yeOj126450,老高走了，又来一个[捂脸][捂脸][捂脸][捂脸]
记忆时光,拍得有点无聊[捂脸][捂脸][捂脸]
崽 ·,@恰 逢. 🐻
....,[赞]
云朵59900,有人惦记。有人疼。真幸福，这就是女人应该有的样子。
云朵59900,有老公了，女人就应该娇贵一点。谁想做女强人呐？除非没有老公。
认输是气C质,两个人心里都有对方。怎么说话绕来绕去的猜对方的心情
颖妈,[赞][赞][赞]
春哥1551785,[赞][赞][赞][火][火][火][爱你][爱你][爱你][爱心][爱心][爱心][爱心][爱心][爱心][爱心][爱心][玫瑰][玫瑰][玫瑰][玫瑰][玫瑰][火][火][赞][火][爱你][爱心]
叶子25537,[赞][赞][赞]
弗兰克,[赞]
User_1590035093510,阿春真有福气，胖子哥对你那么的体贴，简直是关怀备至[赞][赞][赞][赞][赞][赞][玫瑰][玫瑰][玫瑰][玫瑰][玫瑰][玫瑰]
税清华259,加油胖子
黄姐,[爱心][爱心][爱心]
颖铃,[赞][赞][赞][赞][赞][赞][赞]
邹孃997,[赞][赞][赞]
龙,[赞][赞][赞][赞][赞][赞][赞]
素子花开280,当电话响的那一刻，我就知道胖子的哥来不了了
鼓成英,男的拍不好看
芳香,[赞][赞][赞]
曾经2984,阿春难道怀孕了吗[666][666]
小无聊ヾ（^▽^*）,[赞]
栀子花香8384,[玫瑰][玫瑰][玫瑰]
曾经的回忆,看着好有食欲[笑哭]
芳芳28733,[666][666][666][666]
黄晶  236,之前还说胖子不吃辣[捂脸]
A欣554,[赞]
相濡以沫,以前很接地气，我很喜欢以前的作品，现在是不是有点……
灿灿是铁粉,[赞]
我们的好日子080,[笑哭][火]
思凯&an,[赞]
xiaoxhan999,见着辣味挺多可会吃辣了[龇牙][龇牙][龇牙]
超能,不想看你们拍的视频了有点假
婷儿,[玫瑰]
一生平安,开心送给你👌👌
淡冰776终极蜘蛛侠无线,[捂脸][捂脸][捂脸]
周光福,[赞][赞][赞][赞][赞]
往事干杯💋💋842,[玫瑰][赞]
💐🌴杨艳红,[捂脸][捂脸][捂脸]
我爱我家95933,[赞][赞][赞]
啥时候明白,体贴心疼人的好男人，运气不会差[爱心][爱心][爱心][玫瑰][玫瑰][玫瑰][赞][赞][赞]只体贴心疼自己，自以为聪明的人，满满的算计加害与人的人，永远大不了财[菜刀]
潇洒哥46794,[玫瑰]
蒋秋妹,[赞]
惠姐1668,[666][666][666][666][666][666]
♀玉萍❣️,老高呢
哈哈07212,[赞][赞][赞][赞][赞][赞]
雨过天晴，081,[赞]
红梅26560,[666][666]
人生何处不相逢9016,我妹好漂亮啊！[玫瑰][玫瑰][玫瑰][玫瑰][玫瑰][玫瑰][玫瑰][赞][赞][赞][赞][赞][赞]
向日葵＠微笑171,[赞]
星星,[赞][赞][赞]
仙女4466,[赞][赞]
好人一生平安,[赞]
💘💘💘5.2.8/,[赞][赞]
晓琳琳,[666][666][666][666][666]
开心梅185,[赞][赞][赞][抱抱]
相守1803,[赞][赞][赞]
linghu199,[玫瑰]
Ai⊙∀⊙！,[666]
相遇就是缘,@[玫瑰]
风雪归人1416,你们不要乱说话，这是人家前夫
轻描淡写€321,[玫瑰][玫瑰][玫瑰][赞][赞][赞]
开心过好每一天27733,[爱心][爱心][爱心]
☞梅子☜……,感觉现在拍的段子越来越难看，做菜没有细节
《约定》％,[玫瑰]
User_1579186416782,个人觉得没有以前真实，貌似现在假得多
往后佘生′,[玫瑰]
MTGMH635,[赞][赞][赞][赞]
陈在会,[赞][赞][赞][赞]
简单的幸福（戴）,[玫瑰][玫瑰][玫瑰]
快手用户1656857927907,@[赞][赞][赞]
小土豆0317,[666][666][666][666]
开心就好45953,[赞][赞][赞][赞][赞][赞][赞][赞]
无聊57759,[玫瑰][玫瑰]
玫瑰21423,[赞]
甯三416,[赞]
快手用户1639221252592,[赞][赞][赞][玫瑰][玫瑰][玫瑰][爱心][爱心][爱心][火][火][火][火]
蔡庆林,太好吃了[赞][赞]
施宝宝呀,[赞][赞]
一生有你20611,幸福感满满的一家人[赞][赞][赞]
开心每一天10727,[赞][赞][赞]
笑容是伪装出来的,[玫瑰][玫瑰][玫瑰]
和你一起牵手看夕阳,[玫瑰][玫瑰][玫瑰]
傲雪寒梅3088,@[赞][赞][赞][赞][赞]
🙈,@[赞][赞][赞][赞][爱心][爱心][爱心][爱心]
浩皓,[赞]
潘建梅，，,不错这二口。
何素华,[赞][赞][赞][赞][赞][赞][赞][赞]
王旅华,[赞][赞][赞][赞]
风清云淡,[玫瑰]
快手用户1667572725993,[赞]
许会连959,有点过了
蓝天     华481,[赞][赞][赞]
胡二姐,胖子成来越对了
张稼豪,[捂脸][捂脸][捂脸]
冬天的秘密,[赞][赞][赞][爱心][爱心][爱心][玫瑰][玫瑰][玫瑰]
06621耶,[赞]
龙在天涯,[捂脸][捂脸][捂脸]
贺泽会,[爱心][爱心][爱心]
李诗嫣 911,怎么现在变成这样了？
青柠小甜味,羡慕了[捂脸]
钟红秀711,[赞][赞][赞][赞][赞][赞][赞]
一万个梦想403,@[赞][赞][赞]
六爷（生活号）,[祈祷][祈祷][祈祷]
六爷（生活号）,[赞][赞]
晨__～晨_～,以前还挺喜欢看她们的视频  现在一看见    果断刷走
打工唐妹,[赞][赞][赞][赞][赞][赞]
雪儿78821,@[666]
PennyPenny🍨,@[666]
এ᭄一代女王☾🌹⋆᭄武,[爱心][爱心][爱心]
钥不可及&,我就知道，做好了客人又说不来了，每次都这样，只是来的人不一样[奸笑]
快手用户1657263931739,[玫瑰][玫瑰]
快手用户1659349771989,[赞][赞][赞]
云朵07173,我喜欢看你的视频[赞][赞][赞][玫瑰][玫瑰][玫瑰]
fant,[赞][赞][赞]
lili18877747909,胖子还是挺体贴的[赞]
快手用户1675504336310,[赞][赞][赞]
茹0858,[玫瑰][玫瑰]
玉如烟,[赞][赞][赞][赞]
姐就这么拽怎么的,怎么说话像宁波人一样[龇牙]
梦想家园,啊春自从有胖子来了后脸上越来越有喜庆，也比之前更漂亮了，但是比以前更好了。[玫瑰]
浅安时光〆2859,不是说离婚了吗？就老婆老婆的叫，不是该说前妻吗？
囍明（674）,视频没以前好看了
-兰兰_.,[赞][赞][赞][赞][赞][赞]
余欢-♛,是不是在新都区
张鱼丸子（涨工资）,你们家的客人一般都不来了
沉默 （涛家军）,[666][666][666]
开心就好94471,[赞][赞][赞]
Mr • 雄娃～,每次都说要来客人，结果都没来，难道就没其它剧情了？
紫琳,[666]
日月明681,太喜欢你俩了
🍀骨子里的 腻爱🍂,[爱心][爱心][爱心]
将心比心❤️12,[赞]
冰水,[赞][赞][火][火][火][火][火]
别碰我的🐠,[爱心]
清风64412,[赞][赞][赞]
刘艳,[微笑][微笑][微笑][微笑][微笑][微笑][微笑]
开心68647,[捂脸][捂脸][捂脸]
环5076,[赞][赞][赞]
一世芳华760,[赞]
戚,[666][666][666]
小米加步枪216,进入复婚的节奏了
何哥,[赞][赞]
朔州市晋隆纸箱包装厂,过日子的好女人
User_1578412969923,[玫瑰][玫瑰]
乡村恋情（华美）,[玫瑰][玫瑰][玫瑰][玫瑰][赞][赞][赞]
温暖的味道🌸🌸🌸,为什么评论区的人大把错别字？[666]
水清云淡6247,口是心非的男人
漂浮的云,为什么跟着阿春干嘛不阿春跟着你吃什么什么的。
湘水百合,同感
小芳,[赞][赞][赞][赞][赞]
溪流049,[赞][赞][赞][赞]
吉祥版爱706,穿着也比以前好看多了
吉祥版爱706,以前没爱人什么都一样会哒，现在怎么啥子都不会
隐藏优伤,[666][666][666][666]
芳芳10565,[龇牙]
草木皆陈情（德云女孩）,[龇牙]
阿秀,[666][666][666]
凌萍，,从胖子回来阿春没有以前有笑容[奸笑][奸笑][奸笑]
美好明天,感觉现在不喜欢看你的视频了没之前好看
罗姐红娘一线牵,牛逼克拉斯[赞][赞]
碧月,[捂脸][捂脸][捂脸]
钟爱玲＆圆,[赞][赞][赞][赞][赞]
忘忧草14074,这身穿搭，小格子配大格子[捂脸][捂脸][捂脸]
陈静75085,[赞][赞][赞]
时光3298,[爱心][玫瑰]
贵在凤凰,[赞][赞][赞][赞][赞]
哈尔滨红太阳,剩饭喂鸡呗，那么多鸡
两小只的超能妈妈,打电话来的时候我就猜肯定因为什么然后来不了最后又是这两个人[笑哭]
小飞禾苗,听不惯胖子吃话的语气，听起不舒服
思念.💖708,好男人
如若不离，,没之前好看了[撇嘴]
一生只爱你9310,现在的视频怎觉得没有以前的好看自然
梅秀,[赞][赞]
李欣欣948,[赞][赞][赞][赞]
快手用户1637311976223,[赞][赞][玫瑰][玫瑰]
容儿,[赞][玫瑰][666]
天天开心35831,[赞][赞][赞]
开心过好美一天160,好婆真好[666][666][666][666][666][666]
翰墨漂香,[玫瑰][玫瑰][玫瑰]
abby,[赞][赞][赞]
Emmie788,阿春已经嫌弃胖哥了，明显的想换男主的节奏
友善从微笑开始。^O^（魏伟,拿去喂鸡🐔🐔🐔
💋超级超级黑滴妞💋,你家公鸡会下蛋厉害[赞][赞]
家辉,[赞][赞][赞][爱心][玫瑰][火]
袁立菊937,我现在看到他们就没有味了
爱.拚才会赢,[赞][赞][赞]
꧁༺伱的女友༻꧂💋,[赞][赞][赞]
人生65667,胖子越来越可爱[爱心]
冬天的雪花,[666][666][666][666][玫瑰][玫瑰][玫瑰][玫瑰][玫瑰]
💃红组,喂鸡不行几天的饭了
联程554,[爱心][爱心][爱心][爱心]
青春🎶 无言,鸡鸭可以喂饭吃的
司宇，思琪宝宝,听不惯胖子吃话的语气，听起不舒服
开开心心一家人 ，,[赞][赞][赞][赞]
༂慧♥妹༂,[玫瑰][玫瑰][玫瑰]
໑ꦿ笨 丫᭄꧔ꦿ头᭄ꦿꪟ,好男人都是别人的 [笑哭][笑哭]
User_1568777458822,[赞][赞][赞][赞][赞]
你好呀,[玫瑰][玫瑰]
花草,[666][666][666]
弛余,[赞][玫瑰]
我是云南人，我是苗族,现在还有这么好的男人啊，难找哦
心，痛，无法呼吸,说一套做一套的男人
hinqinfai,不喜欢看了
祝你开心快乐每一天140,扯淡
90后也很温柔,口音像浙江人
荏苒冬春去，孤芳不自赏,其实挺好的，为什么离婚
浩瀚星辰6908,@政林˙ 我也想吃
璐～～～🌸,[赞][赞]
User_1582883532891,这个丈夫太好了
刘秀英1353,[赞][赞]
叶子05221,好吃
邓德杨,[玫瑰][玫瑰][玫瑰][玫瑰][玫瑰]
冬季雪花飘满天,[赞][赞][赞]
随风飘飘093,[赞][赞][赞]
爺™ 没人愛L,你炒菜勒锅卖不卖[笑哭]
玲34668,喜欢以前你们有琴琴
高龙兰,[赞][赞][赞]
玲34668,不会少煮
🇨🇳小萌子,啥都不用干好了[捂脸] 一个男人怎么可能又要赚钱又要忙家务，再好也不用这样的吧[龇牙]
随遇而安,[赞][赞][赞][赞][赞]
随缘13520,[赞][赞][赞]
金林427,[赞][赞][赞][赞]
孽卿卿,[赞]
太阳97075,[666][666][666][666]
User_1577877177193,@[赞][赞][赞][赞][赞][赞]
江東.꧂,[赞][赞][赞][赞][赞][赞][赞]
等待,[赞][赞][赞][打招呼]
＠？！？！！？,[火][火]
晨,[666]
希望明天更好,[赞][赞][赞][赞][打招呼][打招呼][打招呼][打招呼]
自寻开心759,春春又怀孕了吗？所以气色就不太好了[捂脸]
花零落,口是心扉[暴汗]
冯建新,[赞][赞][赞][赞][赞][赞]
杨祥谷,[赞][赞][赞][赞]
Asundie,@[爱心][爱心][爱心]
王珊4853,阿春希望你珍惜眼前人，开心快乐每一天
雨过天情,@[赞]
曼玉255,春姐现在好幸福喽
彭兴菊,[赞]
培培吖（加油）,[赞][赞][赞]
💗美兰💗098,[666]
回首,有点假
留的444,支持
3119清风,自从胖子回来了阿春就什么都不能干了[捂脸]
香兰,[赞]
小红红,你们家公鸡生蛋吗？
木易,很会做吃的[赞][赞][赞]
何应春,[赞][赞][赞][赞][赞][赞]
如友,[赞][爱心]
User_1577886666867,[玫瑰][玫瑰]
小丫妈,[赞][赞]
九妹11971,@[赞][赞][赞]
XDH👣🍒,[666][666][666][666][666][666]
love蓉970,[赞][赞][赞]
开心就好37962,[赞][赞][赞][赞][赞][666]
张26419,@[赞]
陈兴文,@往后余生一个你！ 日子满满[爱你][爱你][爱你]
风流✧,[笑哭]
王明珍852,[赞][赞][赞]
Mingju789,[赞][赞][赞]
秀秀72477,[赞]
知足常乐22209,@
小鸟,[赞]
快手用户1637983174128,[赞]
美好的回忆,[赞][赞][赞][玫瑰][玫瑰]
善意的谎言（ꂃꐩꃅꈱꅄ）,只要夫妻恩爱，用不着山珍海味，一个棒棒糖就够了[爱心]
东春,@[火][火][火][火][火]
宁15996,不是养有鸡又有鸭又有兔子么？给他们吃就行了，还要自己吃
猎鹰,[赞][赞][赞]
从头再来08551,[赞]
忘记那片海.,结局都猜到了，不来了
生活明天更美好087,[赞][赞][赞]
User_1579876740203,[玫瑰]
高级育婴催乳师周艳花1557,[点赞][点赞][点赞]
💝芳✨芳💝,[赞]
冰雨65617,[玫瑰][赞]
刘玉仙,[我爱你]
燕儿18942,[赞]
李永芬,[赞][赞]
梦中美人635,[赞][赞]
为祖国强大而努力,[赞][赞][赞][赞][赞][赞][赞][赞][666][666][666][666][666][666]
五月的花844,[龇牙][龇牙][龇牙][龇牙][龇牙]
雅阁韵,[赞]
天下,[爱心]
心随梦游640,[666]
陈四姐,[玫瑰]
张琼4487,[赞][赞][赞][赞][赞]
快手用户1668288108193,[爱心][爱心]
快手用户1627529695502,[赞]
林峰98525,怎么现在拍的视频都是不开心的表情
八妹、✩,浙江人就是这个样子的
华仔38156,@很好
心想事成42525,春姐太有本事了
芬芳3918,[玫瑰][玫瑰][玫瑰]
龙珊184,[玫瑰][玫瑰][玫瑰][玫瑰]
起风,[666]
子乐💕,[赞][赞]
香,@[赞]
白云21841,[赞]
可可相思豆,[赞]
唐小群344,祝帅哥美女幸福美满[龇牙]
华华55474,[赞][赞][赞]
‘’得之我幸,[赞][赞][赞][赞][赞][赞]
杨三妹934,[赞][赞][赞][爱心][爱心][爱心]
张吉英430,[赞][赞]
『下一站＠幸福』922,[玫瑰]
＠馨妈～,[玫瑰][玫瑰][玫瑰]
静心,[赞]
豪情快乐7777,[火]
箬雪,[赞]
🐾ゞ餂鈊寶贝ゞ🐾569,每次说有人来吃饭都没有来[呆住][呆住]
彩和^O^泰和,[笑哭][笑哭]
蒋86688,[赞][赞][赞]
User_1597809711066,[玫瑰]
世麟妈,[赞][赞][赞][赞][赞][赞][赞][赞][赞]
燕子12167,[赞]
香72823,[赞][赞][赞]
三妹19904,[赞][赞][赞][赞][赞][赞][赞][赞]
雨56860,[赞]
爱你的赶都赶不走,感觉现在拍的视频，好假呀！一点都不真实的[捂脸][捂脸]
雨56860,[赞]
顺其自然13076,[赞]
梦想在何方,[666][666][666][666]
才芬961,[赞][赞][赞][赞]
看看我是从头再来,[赞][赞][赞][赞][玫瑰]
李桂华,[捂脸]
鄢老五,[赞]
冬天的太阳,[火][火][火][火][火]
唯爱Bαby和恺恺,[撇嘴][调皮][微笑]
顺其自然12625,[赞][赞][赞]
广州轻奢品质女包,[666][666][666][666][666][666][赞][赞][赞][赞][赞][赞][赞][赞]
唯爱Bαby和恺恺,[哼][酷]
逸梦|°з°|,[赞][赞][赞][赞][赞][赞][赞][赞][赞][赞][赞][赞][赞][赞]
周19472,[爱心]
烤鱼的味道。,胖子哥很疼春姐[666][666][666]
User_1602338013050,[赞][赞][赞]
阿芳5211,[赞][赞]
人，,[赞]
123,[赞]
骆亚飞,[玫瑰][玫瑰][玫瑰]
荷3618,[赞][赞][赞]
王俊兰,[捂脸][龇牙][龇牙]
萍水相逢,@[赞][赞][赞][赞]
殷顺淑破例了来看看木马木,[666]
485753685,[赞]
岁月安好,[赞][赞][赞][赞][赞][赞]
村姑1409,[赞]
相逢是缘54919,[赞]
あ猜不透☞,在爱的人面前就是不能太能干，怎么都说装[捂脸]
石头,有滋有味好吃[赞]
洋洋90030,感觉太香了[玫瑰][玫瑰]
红豆,手好老
快手用户1649308864389,[玫瑰]
快手用户1651555948412,[赞][赞][赞]
能否，许我個未来,[666]
小丸子,[赞][赞][赞][赞]
杨玉935,[赞][赞][赞]
秒杀莉莉,[赞][赞]
一生平安69960,[666]
朝花夕拾53779,[赞][赞]
User_1580723258548,[赞][赞][赞][赞][赞][玫瑰][玫瑰][玫瑰][玫瑰]
夕阳红N2VGeDoL,[666][666][666][666][666][666][火][火][火][火][火][火][赞][赞][赞][赞][赞][赞]
黑蛋1354,[赞][赞][赞]
郑秀平,胖子对阿春很好[赞][赞][赞][赞][赞][赞]
为了生活,[赞][赞]
幸福:肖会。,[赞][赞][赞][赞]
何家大院何仙女,[赞][赞][赞]
诚[爱心]怡,看她俩复和还是很好，有感情基础在，祝你们幸福快乐！
椰林,[赞]
一无所有0043,[爱心]
简简单单,[666][666][666][666]
容7461,[666][666][666]
洛.&,[赞][赞][赞][赞][玫瑰][玫瑰][玫瑰][玫瑰]
左顺端,@[玫瑰][玫瑰][玫瑰][玫瑰]
User_1615806769698,@[爱心]
快乐一生50251,[爱心]
萍水相逢,[赞][赞][赞][赞][赞][赞]
拥又你丿生悳爱807,[赞][赞][赞][赞]
缘来0851,[666][666][666]
夕阳西下1501,[赞][赞][赞]
云姐6397,@[火]
柠萌,[赞][赞][赞][赞][赞][赞]
鲁正先,[赞]
肖枫妈妈,[666]
冉方英,看着就好吃[赞][赞]
夏天西瓜408,[赞][赞][赞]
叶子25537,可以
AYING48,[赞][赞][赞][赞]
自秀219,[玫瑰][玫瑰][玫瑰]
夕💅～ 👣 渊,每次他们的亲戚或朋友来都不会来成[挑逗][挑逗][挑逗]
微笑扌奄飾悲伤9524,[赞]
禁欲.,[赞]
爱情擦肩而过148,[赞][赞][赞][赞]
没出息,[爱心][爱心][爱心][爱心][爱心]
珍秀,@[赞]
红红72824,[666][666][666]
风雨过后23157,[赞]
开开心心过一天5322,[爱心][玫瑰][火]
邓孝富445,[奸笑][奸笑]
庞三666,[赞][赞][赞][赞]
酒醉人591,[赞][赞]
文华7823,[奸笑]
微笑22791,[赞]
梅花🌸1299,蜀和春简直变了一个人，和老公在一起就是不一样
陈32850,[赞]
胖妹,@[赞][赞]
快乐天使77697,好老公都是别人家的，你们觉得现实真的有那么好吗？
开心就好,幸福呀胖子
开心08136,太故意做作，没之前自然，生活中还是自然一点好
陈,[666][666][666][666][玫瑰][玫瑰][玫瑰][玫瑰][玫瑰][玫瑰]
凹凸世界_雷师,[666]
古大姐374,[赞][赞][赞][赞][赞][赞][赞][玫瑰][玫瑰][玫瑰][玫瑰][玫瑰]
琴行348,[赞][赞][赞]
卿心365,[666][666][666][666]
张递琴,[火][火][火][火][火][火]
玉,[赞]
夏玲萍,@User_1614848350995 @夏三 @🍺，海燕姐🍺 @★心简单世界就简单 @老李41443 @凌云2259 @小懒🐷 的小猪🐷 呢 @梦中女兵 @单身大叔 @小曦儿吖 @阿伟家的（铁粉） @牛爱芳的小春花 @张常宁-粉丝 @成龙 @康仔农人 @山鸡哥的小师妹 @三姐双胞胎妈妈 @美林和杨俊 @蜀和春 [赞][呆住][愉快][色][委屈][笑哭]
林林,[捂脸]
徃亊隨颩κλ`,[赞][赞]
宇桐非254,[赞][赞][赞]
红珍503,[玫瑰][玫瑰][玫瑰][玫瑰]
💋一指忧伤💕,摘摘挂挂，麻烦死了，重新买新的也没多少钱啊
钟意你7826,[666]
落花～飞雪,[赞][赞][赞]
开心每一天杨882,好吃[赞][爱心][玫瑰][666]
唐长英876,[赞][赞][赞][赞][赞][赞]
木子李72535,[赞][赞]
熟悉的陌生人,[赞][赞][赞][赞]
显国,[赞][赞][赞][赞]
余红琼,好吃[赞][666][玫瑰][爱心]
白茶清欢7987,[赞]
鑫子003,哪来的胖子，不看了。
User_1532928505142,变了
吴二姐7组,[赞][赞]
小洋洋,[落泪]
高杰荣,[赞][赞][赞]
寂寞的人62153,[玫瑰][玫瑰]
天空微晴丶梦唯美521,[赞]
开心快乐38583,[赞]
TA,[捂脸][捂脸][捂脸]
我非柠檬为何心酸1182,[奸笑]
我非柠檬为何心酸1182,[奸笑]
小敏,[赞][赞][赞]
羽昕652,好吃[赞]
醉意079,勤快
兰花,[龇牙][龇牙]
向往美好的人生路,[赞]
User_1586179876498,[玫瑰]
皮华之,[爱心]
飞哥80211,这两个人拍的越来越没意思了
User_1572742616424,[赞]
灿烂的阳光,[赞][赞][赞][666][666][666]
沈杨167,[赞]
幸福快乐15849105,[福字][福字][福字][赞][赞][赞][赞]
辛福一生,[玫瑰]
周扬会。,@[玫瑰][玫瑰][玫瑰][玫瑰][火][火][火]
大山里的👉小甜心💋,老公来了什么也不会做了[捂脸][捂脸][捂脸]
张正芝,好吃
随缘90308,[玫瑰][玫瑰][玫瑰]
hwz,现在视频风格 貌似比较金贵矫情  没之前好看[笑哭[赞][赞][赞][赞][赞]
🌹 白三🍒,[火]
初次拥抱,感觉演得好假
开心快乐71481,[赞][赞][赞]
思念76612,@好吃
微凉一笑475,[捂脸][捂脸][捂脸]
莲92411,[火][火][火]
兰兰99688,现在感觉娇情这也不能那也不能以前姝姝在l的时候什么都做
做回自己开心每一天,[赞]
嗜血殇无痕7160,[666]
AA相伴025,[火]
开心果51984,[赞][赞][赞]
大牛,@[玫瑰]
大王叫我来巡山,@[赞][赞]
朤蹋,[赞][赞][赞][赞][赞]
大牛,@[玫瑰]
努力长胖的陈鹏叔叔🌈 ?,现在那么好，当初为什么要离婚，现在又在一起
李荣芳,[赞]
新春限定.葵柔🎊,[玫瑰][玫瑰][玫瑰]
简简单单一辈子941,好看[赞][赞][赞][赞]
LuGuangYing,[赞]
李德明,[赞]
罗46739,[赞][赞][赞][赞][赞]
快乐的我就是你942,[赞][赞][赞]
惜64488,[666]
小红，纪录日常生活,[火][火][火][火][火]
快手用户1645084198706,[赞]
心语23391想雨918,[666][666][666][666][赞][赞][赞][赞][玫瑰][玫瑰][玫瑰][玫瑰][火][火][火][火][爱心][爱心][爱心][爱心][色][色][色][色]
听源夙念浪漫⭐.,春加油
满,这个老公比老高好点，老公多就是合算
木子红红098,[赞][赞][赞]
香姐2006,几十岁的人 ，好像对小孩一样 ，不喜欢看
%阳,[赞]
用户7462692230,[捂脸]
高贵娥621,[赞]
平凡逗逗乐,你至少有两三个老公吧
Rocky__03,老高快来！！[柴犬]
.开心果218,[赞][赞][赞]
用心侵蚀你灵魂,[捂脸]
熙儿（涨）,从来没有作者回复过[猪蹄]
初见,[赞]
1314花开一世,看着肯定好吃[赞][赞][赞][赞][赞]
💆海阔天空,[赞]
睛天14031,[赞][赞][赞][赞]
再来二两898,[赞][赞][赞][赞][赞]
兰*^_^*轩,[赞]
XGQ416,[玫瑰][玫瑰]
一剪梅07373,[赞][笑哭]
邹君秀,幸福满满的[赞][赞][赞]
林林,[爱心][优秀]
玫瑰恋人。519,你究竟有几个老公啊？
家和万事兴（阿姨）,[赞]
小凤46341,[赞][赞][赞]
曾经心痛4367,[赞][赞][赞][赞][赞]
微薄的幸福,[666]
紫考拉405,[赞][赞][赞]
风雨飘摇0038,@[666]
重庆，小妖精,@[666]
阳光明媚,我记得以前300多万粉丝，怎么掉了这么多
逺刂  殇  憖,[玫瑰]
🔥️琼哥,女人都喜欢棒棒糖[笑哭]
FU,[火]
一佛成天,[玫瑰][玫瑰]
开心一笑36484,[赞]
容03096,[666][666][666]
羊子456,[666][666][666][666]
笑看世界846,[赞][赞][赞]
晨曦,[666][666]
雪中花8479,[666][666][666]
🤘🤘🖕🖕✋✋✋,你家公鸡蛋…
快手用户1634255248108,[赞][赞][赞][赞]
芳芳服装⭕⭕,[赞]
熙熙89080,[666][666][666]
vivi客观里面请🤣,老高呢？
快手用户1677995952674,[赞][赞][赞][玫瑰][玫瑰][玫瑰]
狮子座,胖子回来做回小女人了
小英姐423,[赞][赞][赞][赞][赞]
彩色的づ梦,[赞][赞][赞][赞][赞][爱心][爱心][爱心][爱心][爱心]
其实并不简单516,这男的是浙江
云梦（ฅฅ🌸）,这胖子是广东的吗
文静,[调皮][调皮][调皮]
等待52532,胖子的心挺细[赞]
阳光每一天401,[赞]
西贝88356,[玫瑰]
小艾姐222,[赞]
申桂华,[赞][赞][赞]
快乐每天42792,[赞][赞][赞]
快乐每天42792,[赞][赞][赞]
孟姐,越来越讨厌你们了
。。。。。,[赞]
Pineapple唐,好的男人都是别人家滴[捂脸]
缘缘28439,现在的剧情超级没看头了，也没意思了
雨后,[赞][赞][赞]
家乡美2163,看着就溜口水
新篇续.♥,[赞][赞][赞][亲亲][亲亲]
User_1580440390869,哇，你们的公鸡都下蛋
喵喵丹🐱,你们说，你们说，你们说，你们说，你们说，你们说，你们说……………………………………
去那的纸飞机,[玫瑰]
沙雕怪,[赞]
群啦啦,[赞]
一帆风顺92471,[玫瑰][玫瑰][玫瑰][玫瑰][玫瑰][玫瑰]
时光凉人心,[赞][赞][赞][赞][赞][赞][玫瑰][玫瑰][玫瑰]
希望86677,[赞][赞][赞][赞][赞][赞][赞]
无雨💦,[玫瑰][玫瑰][玫瑰]
尚为英,[赞][赞][赞][赞][赞][赞][赞]
随心78706,[赞][赞]
开心过好每一天20542,[赞][赞][赞][赞][赞][赞]
邮～一杯奶茶☞,之前有段做霉豆腐的时候不是特地做两份，一份辣的一份没辣椒的，说他不能吃辣吗[捂脸][流鼻血]
杨杨,[赞][赞][赞]
User_1589080051237,[赞][赞]
开开心心23012,@[赞][赞][赞][玫瑰][玫瑰][玫瑰]
小玲0155,剧情需要早就知道，胖子接了电话说他哥不来。[捂脸][捂脸][捂脸]
浅笑心柔64408,[赞][赞][赞]
希望,[666]
静静15689,@[爱心][爱心]
浅笑00110,[火]
快手用户1647492430704,我觉得还可以，只觉得别胖子胖子的，改改叫其它更好些[龇牙][龇牙]
李梅／,[赞][赞][赞][赞][玫瑰][玫瑰][玫瑰][玫瑰][爱心][爱心][爱心][爱心][666][666][666]
生如夏花。790,[赞][赞][火][火][赞][赞][赞][火][赞][赞]
钟惠娟940,[捂脸][捂脸][捂脸]
o半夏c,香
笑口常开31557,[赞][赞]
风轻云淡13144,@[爱心]
╯㈱❤Love,现在都不喜欢看了
高山景行,太姣情
周素蓉,[赞][赞][赞][赞]
陈昌兰809,[赞]
缘15910,[赞][赞][赞][赞]
《🎤 顺其🎸 自然🎤 》,[玫瑰][玫瑰][玫瑰]
曾大姐,[赞][赞]
星（♡´∀`♡）,[赞][赞][赞]
余文霞624,[赞][赞][赞]
海英4638,[赞][赞][玫瑰][玫瑰]
下一秒笑靥如花,[666][666][666][666]
🔥美丽的光芒💍🌟,[赞][赞][赞][赞][赞][赞][赞]
LP佩佩,胖子的一贯风格就是说反话[捂脸]
BTF无风,[666][666][666]
任继琼,[赞][赞][赞][赞]
小禾,[666]
任继琼,[赞][赞][赞]
SMILE12337,公鸡下什么蛋啊我？
翔英,这么好的老公，复婚了吧，好好珍惜[笑哭]
梅花季节1,[赞]
思念12319,[赞]
万江港堡,[捂脸]
花仙子49927,[666][666][666]
💫晴💫儿,我还没看完    后面是不是说他哥有事不来了[捂脸]
🍃鬼娘^0^美🍁,太矫情了吧又不是小孩子了[笑哭]
白霞,[666][666][666]
高姐518《善行大队》,[赞][赞][赞][赞][赞][666][666][666][666][666]
慧子87958,[赞][赞][赞]
圣女果,[666][666]
＠握不住的沙675,老可爱的[玫瑰]
晓艳（★･εﾟ）,好男人都是别人家的[奸笑]
Lucky55709,[捂脸]
白云,[赞][赞][赞][赞][赞][火][火][火]
抹茶夏天i🍦,[玫瑰]
Jenny07471,厨艺真的了得[赞]
胖妹,[赞][赞][赞]
桂花香1329,[赞][赞]
龚建波妈妈《313》尘客,他们的剧情都一样的，每一次都说有人来，只要出去接个电话就说有事来不了[捂脸][捂脸][捂脸][捂脸]
曾鸿春020,[爱心]
佼龙在天,@[皱眉][天啊]
花开富贵🌺🌹,[赞][赞]
幸福就好,自己喂的鸡就是好[赞]
冯远丽972,[赞][赞]
快手用户1655119995851,[赞][赞][赞]
萍聚,[赞][赞][赞]
雪涵,[赞]
lxj,@[赞][赞][赞]
迟到==几何,[赞][赞]
微笑背后隐藏的悲伤081,@[赞]
开心每一天70747,[赞]
笑看人生86068,[赞]
张田英594,你们说，跟着阿春在农村简单吃顿辣子鸡它不香吗？ #上快手学做饭   #上快手知乡味   #记录我的乡村生活  @快手粉条  @快手热点  @快手光合计划助手
一抹泪光，䜣尽百股相思,[赞][赞][赞][赞]
惜缘42733,[赞][赞]
仙女12427,[赞][赞][赞][赞][赞]
金凤8736,[666][666][666]
唐姐260,[玫瑰][玫瑰][玫瑰]
含羞草23328,这个阿春就是个苦命！胖子好好的对她！她好像不怎么领情
古，月，,[赞][赞][赞][666][666][666]
草草2393,[玫瑰][玫瑰][玫瑰]
倾心—baby,现在娇贵了，啥也干不了了[捂脸]
书途👑👑👑【林】,好男人
知我者谓我心忧,感觉越发没看法了，都一个样
莫红华1765,[赞]
相伴一生:汪燕（151819036,[赞]
秋语晚烟,我觉得挺好看的
兰兰,[赞][赞][赞]
娟子02443,[赞][赞][赞]
沙漠骆驼3676,[赞]
龙争天下,现在都是拍夫妻俩生活段子了，没以前的好看！[捂脸]
我爱小帅/.,老高呢
😃AK学姐,每次都是有人来，后面又不来了，老套路，我决定取关了，春姐江湖再见[龇牙]
花子拒私聊,[赞][赞][赞]
甜蜜蜜00338,[666][666][666][666][玫瑰][玫瑰][玫瑰][玫瑰]
User_1586043610256,[赞][赞]
雨季落泪835,[赞]
快手用户1666320766470,[赞]
过往云烟26660,同感[捂脸][捂脸][捂脸]
康康05679,[赞][赞]
小蔡,那个老高喃
独赏花景,[赞][赞][赞][赞]
天高地厚,[赞][赞][赞][赞][赞]
缘份103,[赞][赞][赞][玫瑰][玫瑰][玫瑰]
甜冰冰,胖子老是口是心非。以前还感觉可以，越看越感觉好烦躁。
等一个晴天,[赞][赞][赞]
为爱执着5344,[玫瑰][玫瑰][玫瑰]
曾姐,[赞][赞][赞][赞][赞][赞][赞][赞][赞][赞][赞]
泡沫,胖子说的宁海话
User_1614254263889,[赞][赞][赞][赞][赞][赞]
胡19853,[赞]
小宝97250,琴琴也。被开除了么，这里不出现，和婆子妈拍了一段时间现在也不见人影了
蜡毛小新,53分钟
玲玲手工日常🌸,就我一个00后喜欢看她们两口子嘛[奸笑]
chanyoel,[赞]
aaaa今生有缘780,[赞][赞][赞][赞][赞][赞]
隆辉琼,[赞][赞][赞][赞]
丽华85672,[赞]
快手用户1669806604073,[赞]
心心相印43582,[爱心][赞]
快手用户1669806604073,[赞]
懵随訫動,现在穿衣风格好看多了[赞][赞][赞]
兰花,阿春，你老公对你太好了，好体贴，真幸福！[赞][赞][赞]
永不分离6551,[赞]
红太阳,炒个蛋炒饭好了[调皮]
青椒皮丹,假
冰雪节,来个蛋抄饭就解决了。
天涯57785,[赞][赞][赞]
高mother,[赞][赞][赞][玫瑰]
珍珍59174,@春节现，在，有胖子照顾了[赞]
小芳20471,下午好
木子（尘客）,辣子鸡好吃[赞][赞][赞][赞][赞][赞]
遇上你是我的缘,你以前对阿春好，她不会跟你离婚了
云02353,[赞]
快手用户1669806604073,[赞]
为梦想加油,[赞][赞][赞][赞]
你的心房为谁打开❤️,[玫瑰][玫瑰]
开心每一天55968,[赞][赞][赞]
💖💖💖4728,有胖子之后视频就不好看了
爱你一生,吃不了煮那么多干嘛
血衣战士,[玫瑰][玫瑰][玫瑰][玫瑰]
。。。42121,胖子太心疼人了。
御兔❦瑶瑶❦,自从胖子哥来了，剧情就变味了，没有以前和琴琴拍的自然，开心，接地气，多了一些矫情做作，个人观点，不要喷[笑哭]
我是我22463,有点夸张了
孙琼119,[赞][赞][赞]
我是一个大小美,[龇牙][龇牙]
卓,[666]
秋禅351,[赞][赞][赞][赞][赞]
你是个什么鬼 啊？,[爱心][玫瑰]
蓝天,[玫瑰]
喔噢嘿嘿嘿,现在都不怎么喜欢看阿春的视频了[捂脸]
幸福81569,[赞]
春蓉,[赞][赞][赞][赞][赞]
欧雅轩家居,太矫情了越来越不好看了
有爱就有恨071,[666][666][666]
有爱就有恨071,[气球][气球][气球]
收购孤独,[赞][赞]
有爱就有恨071,[爱心][爱心][爱心]
有爱就有恨071,[抱抱][抱抱][抱抱]
英英77358,[龇牙][龇牙]
旧人不必等,好想吃[捂脸]
徐姐6907,[666]
快手用户1636860690717,[赞][赞]
Chsrry,[玫瑰]
🐰袭人🐰,怎么就成老婆了？不是前夫吗？
快手用户1649337842275,刚刚
&承诺&💎,胖子是浙江人
乐家小损龙哥,阿春有了这个男朋友就好象在坐月子了
束束,模仿小春花的文案[捂脸]
蝴蝶纷飞715,[赞][赞][赞]
✨美玲✨715,感觉越来越没意思了，更喜欢以前，越来越矫情了
你的璐宝贝儿,怎么每次说要来的人结果都不来了[笑哭]
艳艳❤『乐芳，曹家』,30分钟前
爱吃的～小侨,看到接电话，就知道不得来了[笑哭]
97文案馆ᯤʸᵒᵘ,[666]
珍珍,[火]
希望每天都要有好运连连…,@小青袭击你
快手用户1653104382497,阿春多能干的
青（庆）,[赞]
☞一见钟<琴>☜,每天都是这一个标题嘛
零碎的回忆.,他是怕你冷，然后才给你弄热水的[装傻]
十字福,无聊
快乐博诚,阿春你老公对你好好哦
残疾青春（奕君）808,[赞][赞]
强人,[捂脸]
🇨🇳,阿春嫁老公了，
六月的雪….,还是喜欢看跟琴琴合作
苍穹明月173,以前为了生活拍段子，现在感觉为了段子在拍段子
人生如梦79904,[赞][赞][赞][赞][赞][赞]
YONGYUAN431,[玫瑰][玫瑰][玫瑰]
爱嘉哥 ✔️,啥都做不得了😂😂
✨彩✨虹✨,[赞][赞][赞]
蓝天白云34394,[玫瑰][玫瑰][玫瑰][赞][赞][赞]
苍穹明月173,感觉设有以前的段子真实，接地气，
胡里胡涂193,[赞][赞][赞][赞]
很谢谢你让我这么幸福,哈哈人家是心疼你，怕你冷
无奈的末来,[赞][赞][赞]
冯建华,@[赞]
柒夏，，？,还是喜欢以前你两姐妹拍的视频
静心77056,[赞][赞][赞][666]
爱你的人☀,[赞][赞][赞]
南离,[优秀][网红]
邱红霞086,[玫瑰]
吴翠华753,[赞][赞][赞]
捂风挽笑1097,[爱心][爱心][爱心][爱心][爱心]
liu46388,[赞]
逆袭风妹,[笑哭][捂脸][赞][赞][赞]
豆豆,[666][666][666][666]
期望,[666][666][666][666]
蜀和春,日子有甜有咸，生活有苦有乐，不变的是我们对未来的期望和憧憬，不改的是我们对一切的初心和坚持[抱抱][抱抱][爱心]
果果的妈咪^O^,[666][666][666]
草莓尖尖405,刚刚
跳跳水家姑娘,感觉没有之前人气高了
追梦人,[赞]
❤️小凤（孕晚期）,现在视频风格 貌似比较金贵矫情  没之前好看了[笑哭][捂脸]
辻弌。,赞永远是双数
我对你的爱，无处不在。,[赞][赞][赞][赞][赞][赞][赞][爱心][爱心][爱心][爱心][爱心]
要善待自己🌷🌷🌷,[666][666][666]
蓝天画,[赞][赞][赞][赞][赞][赞]
青儿3785,不要把好的错过了
平安是福92057,[666][666][666][666]
雨后的彩虹0756,[赞]
青柠136924,[愉快][愉快][愉快]
健康快乐68534,[赞]
波💝旋💝仪💝雨💝,我现在看阿春的视频，都没有以前那么喜欢看了，他现在发的视频都感觉好无聊一样
User_1554440878793,[666][666][666]
健康是福,这老公真好
晨晨奶奶,[玫瑰][玫瑰]
金金ᝰ,两分钟前[奸笑]
在面具下的女人,[赞][火]
“愛若叛離”倩🌸,刚刚[奸笑]
＠刘可可【农村生活】,刚刚
没你好看a。,抢到第一。[龇牙]
没你好看a。,刚刚
