﻿姓名,评论内容
蜀和春,喜欢我们的生活视频记得关注点赞哦，么么哒！[玫瑰][玫瑰][玫瑰]
余生l y,你一天的戏真的多了[捂脸]
花开富贵,这样的生活很惬意我喜欢 好羡慕你
罗美美888😊🍎,拍视频不是也在干活挣钱吗？
花开富贵,我就特别爱吃花卷[捂脸][捂脸]可惜已经很长时间没吃过了
花开富贵,哟吼[捂脸][捂脸]
月亮湖,胖子说话像上海人
꧁忘ᝰ了ᝰ我꧂,我第一个[爱你]
快乐31548,你演过了那来这么好的男人
兰兰82460,看阿春的长像就是个正直纯洁的一个女人。胖子以前把春春弄丢了现在终于知道心疼阿春了。给你俩点赞
💫晴💫儿,你老公 宁波人？
车舞飞扬690,胖子你是浙江宁波的还是上海的
👄淡然一笑❤💎🐠🐠,浙江话
冰雪59205,上海人
气昂昂272,三轮车还是老高买的吧？？
费二姐🍰,[玫瑰][玫瑰][赞][赞]
幸福随缘。（快乐）,[捂脸]
期待未来7866,[爱心][爱心][爱心][爱心][爱心][爱心]
期待未来7866,[玫瑰][玫瑰][玫瑰][玫瑰][玫瑰][玫瑰]
平安是福19580,[赞][赞][赞][玫瑰][玫瑰][玫瑰]
九一i,[赞][赞][赞]就是说的啥没听懂
吴昊轩！？,[赞]
Coolwoman,[爱心][爱心][爱心][赞][赞][哦][哦][哦]
abby,[赞][赞][赞]
东东39844,[赞][赞]
幸福美满,[赞]
吉祥如意11509,夫妻很恩爱，很怕对方劳累，为你点赞
十里桃花,[赞]
梁三哥996点,不知道胖子说的啥鸡蛋吧
15211822822,[赞]
快手用户1659408395814,[666]
清晨的微风,[赞]
英53497,[赞]
牛奶,[玫瑰]
老公15551,[玫瑰]
重新再来丫,胖哥说话像是浙江人
集美【美甲 美睫 纹绣】,[龇牙]
一生平安,[赞][赞]
快手用户1650436766639,[666][666][666][666][666][666][666]
梦见你不能拥抱289,[赞][赞][赞]
花好月圆76570,[玫瑰]
微笑^V^遮掩是一种痛,就是不真实嘛，净打些假电话
春暖花开55960,[赞][赞]
梦寻千古香132,[赞]:
一叶知秋95694,人家比打工强
32号嫁给你,[爱心]
シ妳ら是我心里说不出的痛,看
家有萌宝,感觉有点不真实[捂脸][捂脸][捂脸]
天天开心35831,[玫瑰][玫瑰][玫瑰]
贺泽会,[爱心][爱心][爱心]
花一样的女人246,[赞][赞][赞]
月亮94601,[星星眼]
晏家二小姐💞,有点像牛爱芳了，都是跟谁谁在家吃个什么不香吗？
忘忧草76932,[赞][赞][赞][赞][赞]
梅May580,[赞][赞][赞][祈祷][祈祷][祈祷]
快手用户1645692503986,[666]
？了不起哟,@[赞]
快乐自我,[666]
一生的错333,[赞][赞][赞][赞][赞]
梅城美多集成灶★小魏,以前还喜欢看你的视频[捂脸]胖子来了后就不想看了
刘梓鑫妈妈,[火][火][火][火]
快手用户1657802584268,[玫瑰][玫瑰][玫瑰][玫瑰][玫瑰][玫瑰][玫瑰]
编号：百事可乐,[赞][赞][赞][赞]
慧柔%,老公变得这么好，阿春有福了
心怡76334,[666][666][666]
伍园秀,[奸笑]
兰心,[赞][赞][赞]
一米阳光20054,胖子是浙江人吗
天天好心情06611,[赞]
彭春香116,[赞][赞]
LLM6919,这个胖子演员，应该是浙江人
123微笑面对每一天,[赞]
开心就好。🌹🌹,[玫瑰][玫瑰]
{DTQ},[赞]
小星星,[赞][赞][赞]
永远幸福54467,[赞][赞][赞][赞][赞][赞]
紧扣幸福648,[赞]
Liquor9444,我想知道春姐的老公是谁[捂脸][捂脸]
静思,[捂脸][捂脸]
User_1577810786740,[赞]
桑榆53203,[赞][赞][赞]
平安就是福,[赞]
心随你动3185,[玫瑰][玫瑰][玫瑰]
兰90218,[赞][赞][赞][赞][赞][赞]
我爱我家人372,@[赞][赞][赞]
雨后,[赞]
Lik李💖🍃,剧情需要嘛[捂脸]
心碎了2089,[玫瑰][玫瑰][玫瑰]
愛意隨风起,好好的在一起
往事如风,喜欢你们的视频[玫瑰][玫瑰][玫瑰]
陈永波波,[赞][火][赞][赞][玫瑰]
刘利平,[赞]
forever＠ ¥,[赞][赞][赞][赞][赞]
&&芳~芳&&,[赞][赞][赞]
王朝芬,[玫瑰][玫瑰][玫瑰]
平安,阿春好久有老公的？[赞][赞]
颖宝宝是个开心果❤️,你一天的戏分真多，说不定连百分之20的真实都没有[捂脸]
琴声美女,[赞][赞][玫瑰][玫瑰]
飞翔,[赞][赞][赞][赞][赞][爱心][爱心][爱心]
鹭媱,[666]
平安是富,男人就是要这样有责任心的，给你点赞[赞]
随风飘QLWXynEG,[赞][赞][赞]
向日葵＠微笑171,[玫瑰]
胡芳兰627,[赞][赞][赞]
快手用户1648078474635,帅哥做的好
吴桂群,[爱心][爱心][爱心]
何云云姐,[赞][赞][赞][赞]
CC41442,[赞][赞][赞][赞][666][666][666][666][666]
梁云517,[赞][赞]
陈大碧,[爱心]
快乐每一天24627,[玫瑰][玫瑰][赞]
梦醒了,[玫瑰][玫瑰]
嘎嘣,原来胖子是浙江的
春天,[赞][赞][赞][666][666][666][玫瑰][玫瑰]
随遇而安13982421855,看阿春的长像就是个正直纯洁的一个女人。胖子以前把春春弄丢了，现在终于知道心疼阿春了，祝你俩幸福永远[赞][赞][赞]
时光人静语,两口子客气的像亲戚一样[捂脸][捂脸][捂脸]
吴青华,[666][666][666][666]
記住彤.,[酷]
花开花落01931,好羡慕你们
花落一瞬间087,可以去拍电视剧了，演技不错。
贵州山歌小美妞儿,如果一个男人赚的钱愿意把她交给女人……那么我相信这个家一定会越来越好……而不是女人要一分拿一分就像寄牙膏似的、那么这个家估计开心不到哪里去……甚至迟早也会散[捂脸]
燕子70494,[玫瑰]
贵州🌺翠姐,好幸福的两口子[赞][赞]
🎐蓝天白云🎐879,[玫瑰][玫瑰][玫瑰][玫瑰][玫瑰][玫瑰]
火凤凰35005,[赞][赞][赞][赞]
刘艳,[捂脸][捂脸][捂脸][捂脸][捂脸][捂脸][捂脸][捂脸][捂脸]
快乐,[爱心][爱心][爱心][爱心][爱心][爱心]
忘记91645,[666][666][666]
老娘不毒何以立足324,好羡慕
珍珍,[火]
A欣554,[赞]
忘掉   ，回憶,[赞]
思莉,[火]
小小🌟💓糖果💓💓,[赞]
xiaoxhan999,见着啥阿春和胖子实在可好了[龇牙][龇牙][龇牙]
幸福家庭,[赞][赞][赞]
我爱我家62179,[赞][赞]
happy兰206,[赞][赞][赞]
芬芳,[赞][赞]
曾付林,[赞][赞][赞][赞][赞][赞][赞][赞][赞][赞][赞]
汤圆🦋,没有以前好看了
晓云☜,春姐，666999支持
李大姐8222,[赞][赞][赞][玫瑰][玫瑰][玫瑰][爱心][爱心][爱心]
秋水伊人,[玫瑰]
怎么开心怎么过,这样的生活很惬意我喜欢 好羡慕你[666]
球球42905,[666][666][666]
高兴17093,[赞][赞][赞]
艳子,[赞]
快手用户1670879026594,@[抓狂][晕][冷汗][抓狂][冷汗][抓狂][抓狂]对公户刚回家经常v不u哈哈i好吧俊不帮你拿那你就把那你。你
吕忠容760,[赞][赞][赞][赞]
周凤玲064,[玫瑰][玫瑰][玫瑰]
天雨💃👗059,[玫瑰][玫瑰][玫瑰][玫瑰]
谢开琴716,[666][666][666][666]
User_1579876740203,[玫瑰]
幺妹3396,[欢迎][欢迎][欢迎]
只能靠自己,[赞][赞][赞]
云中鹤9744,[赞][赞]
真情永远0817,胖子对阿舂越来越好了，好羨慕你们哟[赞]
生活VIP,[玫瑰][玫瑰][玫瑰]
珍好,[赞][赞][赞][赞]
小文4560,[赞][赞][赞]
天天快乐39839,@[赞][赞]
蓝天白云52578,[666][666][666][666][666][666]
小榆亮🌹 🌼 💖（新华保险,好吃[赞][赞][玫瑰][玫瑰]
凡凡,[赞]
迷璃,[笑哭]
平平,[赞]
小野猫22454,[赞][赞]
一生平安21756,[赞][爱心][666]
我的心好累呀233,[爱心][爱心][爱心][爱心]
虚假的情d,太幸福了，[赞][赞][赞]
兰宝宝,[666][666]
美美50783,[赞][赞][赞]
木易,日子是自己过的，自己觉得幸福就好
欢乐颂,[捂脸]
逍遥猪663,胖子对你好，祝你幸福[赞][赞][赞]
天天开心74483,[玫瑰][玫瑰][玫瑰][玫瑰][玫瑰]
顺其自然82643,哦哦
Zjy不忘初心977,[赞]
安然,[火]
且听风吟谭明春,胖子[赞]
开心过好每一天,[赞][赞][赞][赞]
￡殷清琼＆,胖子是上海人？
宁静,[赞][赞]
无可替代5498,[666]
开心每一天04871,[赞][赞][赞][赞]
香香71294,[爱心][爱心][爱心]
血衣战士,[玫瑰][玫瑰][玫瑰][玫瑰]
小,[玫瑰][玫瑰][玫瑰]
佳慧小宝贝小红星走起来,[玫瑰][玫瑰][玫瑰]
小土豆,[666]
陈雪芹345,[流鼻血][流鼻血]
奶昔🍥奶盖🍥,[666][666]
云山风景390,[赞]
张大姐,[666][666][666]
ゞ鉁稀★339,这是哪里的语言
吉祥如意30590,[666][666][666]
User_1605449354594,[赞][赞][赞][赞][赞]
忘掉过去68309,[玫瑰]
User_1597764322869,[玫瑰][玫瑰][玫瑰]
吴翠华109,[玫瑰][玫瑰][玫瑰][玫瑰]
宋兴菊,[爱心]
丝竹语,剪不断理还乱的样子
韩明华在江西 🌱367,现在觉得胖子越来越靠谱了[赞]
肆,[赞][赞][赞][玫瑰][玫瑰][玫瑰][爱心][爱心][爱心]
秋秋,[捂脸][捂脸][捂脸]
容容,[赞]
人生短暂，做快乐的自己,[赞][赞][赞][赞][赞]
仁珍923,[666][666][666]
听羊南淮,[赞]
User_1567219508330,[666]
快手用户1663755351038,[赞]
蒲公英,[赞]
不哭就好501,[赞]
伊一👣,[爱心][爱心][爱心][爱心][爱心][爱心]
徐英菊512,[玫瑰][玫瑰][玫瑰][玫瑰]
宋秀兰,[赞][赞][玫瑰][玫瑰]
木同言成,[赞]
心比ヘ（_ _ヘ）柠檬酸,[666][666][666][666]
快手用户1641859339953,[赞][赞]
一段情愿，一场梦。,[点赞][点赞][点赞][点赞][点赞][点赞]
今生今世,[赞][赞][赞][赞]
秒杀莉莉,[赞]
mceee,[玫瑰]
刘姐,[奸笑][捂脸]
久明,[赞]
开心每一天25894,[玫瑰]
杨小红5569,[赞][赞][赞][赞]
韶华易逝911,[玫瑰]
简简单单11593,[666][666][666][666][666]
刘后英041,[奸笑]
扯淡人生,[呆住]
欧婷玉,[赞]
W🎉🍒Y,[赞][赞][赞]
幺妹7490,[爱心]
青青75037,[赞]
回眸彭小会,[捂脸][捂脸][捂脸]
AA ~ 莫莫,这三轮车是老高买的吧
家纺：,[赞][赞][赞]
自己75891,[火][火][火]
（⊙o⊙）kSCD5oUV,[星星眼][星星眼][星星眼]
梦想飞翔4306,[赞][赞]
山清水秀56340,[赞][赞]
向往未来,[玫瑰]
灵28805,[赞]
江荣书（刘松家长）,[赞]
太阳雨75501,@[赞]
庆丰,[赞][赞][赞][赞][赞][赞]
袁梦专业装修美家居,[赞][赞][赞]
兰兰9346,哟吼[赞][赞][赞][赞][赞][赞]
兰五妹LllL,[赞][赞][赞]
兰花93854,[爱心]
但愿忘掉过去,[赞]
淇淇65019,[赞]
芳芳服装⭕⭕,[赞]
红红,[爱心]
兰7425,[赞]
明莉055,[玫瑰][玫瑰]
迈巴赫O_o,@莽哥的幸福生活
汤姐063,[赞]
Xiaxia398,@躲在暗处笑笑
青38138,[赞][赞][赞][赞]
文文,[赞][赞][赞][666][666][666]
相逢是缘13436,[赞][赞][赞]
沉默是一个女人最大的委屈332,[捂脸]
荷花58921,[赞][赞][赞][赞][赞][赞]
💖开心果💖850,[赞]
海宁1873,@[赞][赞]
油菜花157,[赞][赞]
快手用户1627529695502,[赞]
开心是福7271,[玫瑰][玫瑰]
牧夏,我倒是要看看，你们的戏能演到什么时候[白眼]
小陈解说,[赞]
小陈解说,[赞]
错过,[玫瑰]
🍀,老高很好
心想事成83773,[赞][赞][赞]
雨中漫步44338,[赞]
快乐一生!280,[赞][赞][赞][赞][赞]
仑咖若,[玫瑰][玫瑰][玫瑰][玫瑰]
随风而去03722,手艺不错[赞][赞]
兰姐（吴二姐）,[玫瑰][玫瑰][玫瑰][玫瑰][玫瑰]
张丽萍2808,[赞][赞][赞]
yuan莲202,[赞][赞][赞][赞][赞][赞][赞][赞][赞][赞][赞]
向日葵38122,[赞]
魅力吖頭,[赞]
寒更雨歇551,[火]
快乐一生,[玫瑰][玫瑰][赞][赞]
英子,美女你泡的酸菜放什么，我想学
重新开始新生活708,[爱心]
🐏₁伈欣᭄࿐,个阿弟要刮的来
金主514,@[祈祷][祈祷][祈祷][祈祷][祈祷][666][666][666][666][玫瑰][玫瑰][玫瑰][赞]
蓝颜,这样的生活很惬意我喜欢 好羡慕你
晨光52787,对惯着支持
^ঞ᪲ꦿ余生᭄只ꦿ爱᭄你,[捂脸]
王翠平1953,[玫瑰][玫瑰]
四妹0463,这个叫生活
黄姐,[666][666][666][666][666]
水墨天山,[爱你]双击666[赞][赞][赞]
小🌸同学&,[赞]
♚ 局外人ᯤʸy,[666]
97文案馆ᯤʸᵒᵘ,[666]
快手用户1675488980355,[火]
岁月不饶人5396,真是戏多[捂脸][赞]
缘份103,[捂脸][捂脸][捂脸]
汤红英575,这个男的说的是浙江话
江湖之情.,[赞][赞][赞][赞][赞]
我是一个大小美,[爱心]
可爱多,[赞][赞][赞]
英💗子💋,[666]
周乐霞,中
❤红红❤❤的雨❤,[666][666]
幸福^_^511,两个人是相互的，不是说谁多干谁少干，只要两个在一起，家庭都是两个人共同的
燕芬,好羡慕的生活
天天真,[赞]
酷爱丹哥✨,@拒绝骚扰☀ 看看
闲云白鹤影视剧,[玫瑰][玫瑰][玫瑰]
i喜欢狍子肉藕粉,夫妻夫妻同心哪怕天天吃素都是开心的！！！
春天的风4669,[赞]
徐乃淑,[赞][赞][赞]
曾大姐,[赞][赞]
刘华008,[赞][赞][赞]
活出个熊样。,[赞]
情感类型男帅我叫李娜我是,[赞][赞][赞]
时光i435,大哥就是胖子[笑哭]
💃红组,这哥也是阿春那么勤快的人还说人[奸笑]
纯洁无瑕,[赞][赞][赞][赞][赞][玫瑰][玫瑰]
一帆风顺21956,[666]
叶子10308,[玫瑰][玫瑰]
记住快乐时光,@[玫瑰]
情海孤舟688,[赞][赞][赞]
幸福87518,[赞][赞][赞]
年年好运来,[龇牙][龇牙][龇牙][龇牙]
酸甜苦辣07143,[爱心][爱心][爱心][爱心]
梅花季节1,[赞]
往事如烟,[666][666]
落尽芳华＠981,[赞][赞][赞]
崽 ·,@恰 逢. 🐻
不愛a🎀.,阿春，勤劳，善良，贤惠，好厨艺。[赞][赞]
天天85605,[奸笑]
方崇枝,[摄像机][摄像机][摄像机][玫瑰][玫瑰][666][666][666][火][火][火]
真爱永恒98024,[赞][赞][赞]
❤☀余生各自安好💘💍,好想好想好想找个真心实意的对自己好的老公[大哭][大哭][大哭][大哭]
╭我（╯ε╰）╮,[笑哭][笑哭]
黄种人1111,[赞]
田兴云,[玫瑰][玫瑰][玫瑰]
静静煕煕150,[赞][赞][赞][赞]
玲珑,[666][666]
我爱我自己540,[呆住]
陈淑昭,[玫瑰]
水云间0965,终于过上好日子了[赞][赞][赞][赞]
花的事见,[赞][赞][赞]
明天更好,[赞][赞][赞][赞]
友哥，这是孙子的头像,[赞][赞][赞][赞]
好运姐,[赞][赞][赞]
💖兰姐💖593,[火]
慧姐,[赞]
路世芳035,[爱心][爱心][爱心][爱心][爱心][爱心][爱心][爱心][爱心][爱心][爱心][爱心][爱心][爱心][爱心][爱心][爱心]
💝💝金菀琳,这样的生活很惬意我喜欢 好羡慕你
芬09539,[赞][赞][赞]
轻舞飞扬,[赞]
chen6219,油菜花闻了会晕的
梅96948,[玫瑰]
龙女,[赞]
nnbbnn,胖子说的哪里话，好像日本话
玉绣699,[赞]
快乐,[赞][赞][赞]
黑色曼陀罗96398,[赞][赞][赞]
树苗,[赞][赞][赞][赞]
娟子1452,[赞][赞]
老八,[微笑]
快手用户1647270063169,@乡村生活[赞]
《苹水相逢》,啊春没有胖子人家过得非常好
刘俊妈妈926,[赞][赞]
快乐,[赞][赞][赞]
往事随风,[赞][赞][赞][赞][666][666][666]
柠萌,[爱心][爱心][爱心][爱心][爱心]
快乐宝贝,[火]
....,[赞]
斗地主,[赞]
贞38110,拍戏，找的零时老公吧
杨燕子,[赞][赞][赞][赞][赞][赞]
知足常乐44958,，
傅晓红127,[玫瑰][爱心]
小丽64744,[666]
知足常乐44958,，
阿芬4124,[玫瑰]
快手用户1658137182936,[玫瑰][玫瑰][玫瑰]
一粟草,[赞]
简单平乐849,怎么听起像日本话。[笑哭]
开💝就好🌹459,[666]
开开心心,[赞]
可🌷🌸🌹🍃🌴新,[玫瑰]
🌼 香830,[玫瑰][玫瑰]
你是你，我是我，他是谁,[赞][赞][赞][赞]
没心没肺,@[赞][赞]
茹0858,[玫瑰][玫瑰]
六月お雨,啊春，该怎样做就怎样做，不要为了胖子去改变，那就不是你了！！还是喜欢看你以前想怎样就怎样的那个自己！！
西澜护肤品化妆品,[赞][赞][赞]
一生平安69960,[666]
好人一生平安40204,[赞][赞][赞][赞][赞][赞][赞][赞][赞]
严三866,[赞]
快手用户1639534406946,[赞][赞][赞][赞]
醉人心0468,[玫瑰]
二哥,[赞]
Paris White梨雪,[赞][赞][赞][赞][赞]
百香果,[赞]
从头再来28526,[玫瑰][玫瑰][玫瑰][玫瑰][玫瑰][玫瑰]
谢小红,[赞][赞][赞][赞][赞][赞][玫瑰][玫瑰][爱心][爱心]
笑颜如花,[666][666][666]
香香妹709,[赞]
一朵花,[赞][赞][赞]
心相印6994,[赞]
小雷纯手工蒸饺和冰冻食品,[666]
天天开心77447,[玫瑰]
韩亚美🌻🌻🌻,[赞][赞][赞]
懿个人的温度,@[赞][赞]
平淡人生06639,[赞][赞]
章奶奶136,[赞]
从零开始04939,[笑哭][笑哭]
74861美好回忆,[赞]
软心糖031,[玫瑰]
银杏533,[玫瑰][玫瑰][玫瑰]
User_1616774150747,[赞]
笑看人生09059,[玫瑰]
贵州姑娘🌹🌹🌹🌹,上海人
蝴蝶纷飞715,[赞][赞][赞]
余生安康,好丈夫，知道心痛自己的老婆[赞][赞][赞]
刘姐,[笑哭][惊讶][赞][爱心][火]
我是小雨点奶奶,[赞][赞][赞][赞]
神经蛙30885莉姐,[赞][赞][赞]
蒋玉芳137,@[赞][赞][赞][赞]
梅,[玫瑰][玫瑰]
mei94474,[666]
好人一生平安:池世群,[赞][赞][赞]
幸福约定40498,[爱心][爱心][爱心]
揣着明白装糊涂,你一天的戏真的多了[捂脸]
老四68997,[赞][赞][赞][玫瑰][玫瑰][玫瑰]
兰,两口孑真好[赞]
User_1597809711066,[玫瑰]
夏栀.,[赞]
Deprecating。741,[捂脸]
一切安好,[赞]
姐就是规矩👑女王心,胖哥真好
姐就是规矩👑女王心,胖哥真好
健康快乐👏729,[赞][赞][赞]
~*%零^0^度C%*~,[666][666][666]
缘来是你,[赞][赞][赞]
烟花炮竹纸火专买店,[玫瑰]
老胡99859,[666][666][666][666]
香水百合75082,[赞][赞][赞]
紫涵,[捂脸]
徐先容,[玫瑰][玫瑰][玫瑰][666][666][666]
👏 法国欧雅顿香薰有机庄园,[666]
王红婷259,[玫瑰][玫瑰][玫瑰]
莫大大419,[赞][赞]
真心❤相对,[玫瑰][爱心][玫瑰]
张腊香,[玫瑰][玫瑰][玫瑰]
平淡人生68724,[赞]
心想事成95934,[赞]
喜来宾酒业勇哥,[赞]
刘能玉614,未经她人苦难莫劝善
简♡凡,[赞][赞]
雪儿,[玫瑰][玫瑰]
Happiness is good665,这话还好听哦[笑哭]
荷花96553,[赞]
跟着感觉走94933,[赞][赞][赞]
乡间三月,[赞]
球球2410,[奸笑]
秋妈331,[赞][赞]
蝴蝶兰的美706,[火][火][火][火][火]
自力更生70992,[赞]
美嬢嬢🎃小赖,[赞][赞][赞][赞][赞][赞]
小苹果nice,[666][666][666]
小琴55019,[爱心][爱心][爱心]
开心就好。,好人啊[玫瑰]
hhhjkkklkk,[赞][赞]
相遇是缘,[赞]
毕姥爷707,胖子人不错，实在[赞][赞][赞][666][666][666]
李玉辉432,[赞][赞][赞]
快手用户1630945414031,[赞]
User_1580190240890,@[赞]
ysq0887,[赞]
冯时琼,[玫瑰][玫瑰][玫瑰][玫瑰][玫瑰]
嘴角的那一丝微笑987,[奸笑]
青儿3785,春姐这样的男人[赞][赞][赞]
User_1623378388448,@[赞][赞][赞]
蔡琴,[赞][玫瑰]
天天开心15145,[祈祷][祈祷][祈祷][祈祷][祈祷]
仙女12427,[赞][赞][赞][赞][赞]
🍀༊🌺ꦿ꯭小꧔雪এ᭄,[666]
天使的眼泪436,[赞]
蒋亿芳,[爱心]
🍒勿忘初心＠兰儿,虽然是段子，但很真实[赞][赞][赞]
万里晴空6139,[祈祷][祈祷][祈祷][祈祷][祈祷][祈祷][祈祷][祈祷][祈祷]
吴丽群651,@[666][666][666][666]
爱情擦肩而过148,[赞][赞][赞]
玩具店576,这个老公太好了
胡磬颖妈妈,[玫瑰][赞][赞][赞][赞][赞]
蔡述琴,[赞][赞][赞]
User_1557302995946,[赞][赞][赞]
顺其自然,[赞]
User_1579172414585,江苏浙江上海一段就是这样说的
像小鸟一样自油飞翔,[赞][玫瑰]
、温柔了岁月48霖霖粉丝,[赞]
潇洒哥46794,[玫瑰]
蒽蒽知道,@
猪猪87634,[赞]
心如止水25551,[爱心]
【那一抹淡笑】,这样的生活很惬意我喜欢 好羡慕你
君姐＠_＠,好能干啥都会做
幸福保桂,[玫瑰][玫瑰]
一笑而过,[赞][赞]
邱素芬508,[爱心]
♥月亮失忆了♥,@[玫瑰][玫瑰][玫瑰][玫瑰]
贝贝,[赞]
李兴淑－∵,[赞]
红紅火火88046,[玫瑰]
忍姐姐来也～,阿春琴琴去哪了？怎么看不到琴琴了
青玉305,[赞][赞][赞][赞][赞]
珍惜缘分9001,[赞][赞][赞]
甜蜜的棉花糖迷你世界,好[玫瑰]
谢刚13658016718,[赞]
16岁已成回忆,[赞]
yin6899,[666]
清欢62512,为所欲为生物实验室万事如意
周幺妹,[赞][赞][赞][赞]
丹♥♥丹,这接电话还是上角，第一次见[捂脸][捂脸]
英英🐭,浙江人
穆世贵701,[赞]
闫闫＆,[玫瑰][玫瑰][玫瑰]
榴莲781,[666][666][666]
孤单和寂寞.,[赞][赞][赞]
开心就是幸福,[cheers]
吴淑容,[赞][赞][赞]
柯柯,[赞]
幸福家庭,[赞][赞][赞]
若隐若现“”,[赞][赞][赞][赞][赞][赞]
快手用户1643878585301,[赞][赞]
挽柠（ET）,@灵蝶（天龍）
芳姐（๑°3°๑）,[赞][赞][赞][赞][赞]
小丽74278,[玫瑰][玫瑰][玫瑰][赞]
User_1614845152288,[赞][赞][赞][赞]
含笑戏红尘🍀🐾,[玫瑰]
春梅7304,[火]
快手用户1674444880681,[666][666][玫瑰][玫瑰]
User_1612330182268,[赞][赞][赞]
吉祥如意159,你俩复婚了吗？
青山绿水Lao5Ioyu,[赞][赞]
水中望月,[666]
晓川520,[赞]
🇨🇳🇨🇳,[赞]
淡定91812,[赞][赞]
刘永禄822,[赞][赞][玫瑰]
肖士兰（萧氏茶荘）135458,[赞][赞][赞]
任瑞珍,[赞][赞][赞]
故技重演766,[赞]
香见专推荐藕粉羹好吃🍓,[赞][赞][赞][赞][赞][赞]
蒋蒋,[赞]
新篇续.♥,[赞][赞][赞][赞][赞][赞][赞][赞]
佟9527,[笑哭][笑哭][火][火][玫瑰][玫瑰][玫瑰][奸笑][奸笑][奸笑][爱心][爱心][爱心][666][666][赞][赞][捂脸][捂脸][捂脸]
开心就好60735,[玫瑰][玫瑰]
0702,[赞][赞][赞][玫瑰][玫瑰][玫瑰]
微笑,[赞][赞]
猫七꧔ꦿ᭄࿐,[玫瑰]
太阳97075,[666][666][666][666]
沙雕留给小姜,[赞][赞]
“琪欣”^,[赞]
中秋悦缘^O^,[666][赞][玫瑰]
一切随缘87220女50,真好[赞][赞][赞]
👀06855,[赞]
一天又一天😆541,[666][666][赞]
豆芽57773,[爱心]
流年,上海话
刘芳,[玫瑰]
对你们不离不弃,@[赞][赞][赞][赞]
随缘09004,[玫瑰][玫瑰][玫瑰][玫瑰]
雨,[赞][赞][赞][赞][赞]
老大,[赞][赞][赞]
冰山上的雪莲花381,[赞][赞][赞]
A💄梦梦,[捂脸]
周末有约卿小青,[爱心][玫瑰]
多多,[赞][赞][赞][赞]
红玫瑰53180,[赞]
南方雨,[赞][赞][赞]
User_1611147412043,[赞][赞][赞]
一切随缘,[赞][赞][赞]
罗英,[玫瑰]
微笑HZW,[赞][赞][赞][赞]
家有两宝78437,[赞][赞][火]
she,[666]
｡✧* ꧁倾国倾꧂✧*｡,[生气][生气]
User_1619700092581,[赞][赞][赞][赞][赞]
老张29224,[赞][赞][赞]
快手用户1641907475323,[赞][赞][赞]
真诚88432,[玫瑰][玫瑰][玫瑰]
心想事成67153,@[赞][赞][赞]
唐丽梅,[赞][赞][赞]
睿,[赞][赞][赞][赞][赞][玫瑰][玫瑰][玫瑰]
追梦人88459,[玫瑰]
快乐就好20678,[玫瑰]
平淡93517,[赞][赞][赞][赞]
甜蜜宝贝,[玫瑰][玫瑰][玫瑰]
🍓如燕🇨🇳,这花卷做的挺好
小情绪54447,[赞][赞][赞]
🍒Niso💕,[赞]
User_1528005448044,[赞]
马晓翠238,[玫瑰][玫瑰]
友谊,[玫瑰]
张英,[赞]
自秀219,[赞][赞][赞]
明天，你好2921,[玫瑰]
天天向上31974,[赞][赞][赞]
凡凡外婆934,[赞]
清01523,[赞]
一生平安12791,[玫瑰]
＠左耳邊的幸福,[玫瑰]
快乐,[赞]
李大姐7217,前夫前妻的和谐
美女一晥欣,[玫瑰]
yang00422,[玫瑰]
罗庆文108,[赞][赞][赞][赞]
ckx和cyf,[赞][赞][赞][赞]
王姐,[赞][赞]
锦霞46,[666][666][666]
快乐,@[赞]
开心每一天10727,[赞][赞][赞][赞]
浪漫41641,[玫瑰][玫瑰][玫瑰][玫瑰][玫瑰]
✔⊙∀⊙！燕十三,那不是老高买的车吗
清风暖阳,[赞][赞]
蓝天白云,[玫瑰]
蓝天白云,[捂脸]
珍59697,[赞][赞][赞]
金利3224,[赞]
小˪吖,@♡释/怀🥀 浙江话[捂脸]
沈倦-,[玫瑰][玫瑰]
陈姐4290,[赞][赞][赞][赞][赞]
拿得起放得下7459,[赞][赞][赞][玫瑰][玫瑰][玫瑰]
惜梦,[玫瑰]
TA,@[玫瑰]
贾,[赞][赞][赞]
好人一生平安&,[微笑][微笑][微笑]
李刚62427,[赞]
快乐开心4142,[赞][赞][赞]
愿你安好,[赞][赞][赞]
（ง •̀人生若只如初见,[赞]
User_1579708236617,现在越来越不喜欢看了都取消关注了[笑哭]
凤儿9475,[玫瑰]
小美丽,[赞]
幸福😁2111,[赞][赞][赞][赞][赞]
User_1555582096345,[笑哭]
顺其自然76479,[666]
快手用户1644650808494,[赞][赞][赞][赞]
如愿,[666][666][666][666][666][666]
王哥26325,你妹呢？[玫瑰][玫瑰][玫瑰][玫瑰][玫瑰][玫瑰][玫瑰]
赵玉兰,[赞]
阳。257,[赞]
User_2139331199,[赞][赞][赞][666][666][666]
三棵草,[666][666][赞][赞][玫瑰][玫瑰]
留念,[赞]
兴碧387,春姐真善良朴实[赞][玫瑰]
青春常在,[欢迎][欢迎][欢迎][欢迎]
会飞的魚114,[玫瑰]
蒋秋妹,[玫瑰]
甯三416,[赞]
风铃家三千金,[赞]
幽默78775,真棒
兰,[赞][赞][赞]
♛紫💘薯℡于💋你,你家老高呢[憨笑]
小小哦,[666][666][666]
微笑的去面对926,[赞][赞][赞][赞]
彬28124,[呆住]
青春常在,[玫瑰][玫瑰][玫瑰][玫瑰]
幸福17412,[666][666]
凤凰,@[赞][赞][赞][赞][赞][赞]
肖自蓉,[玫瑰]
壹虂阳光,演戏了[赞]
开开心心的过670,阿春现在有胖子心痛你真好！
酉酉,[赞][赞]
周玉芳,[爱心][玫瑰]
谢英876,[赞]
hhh,[哼]
为梦奔跑810,[赞][赞][赞][玫瑰][玫瑰][玫瑰]
秀晶闪光女神,[赞]
我爱我家00240,[赞][赞][赞]
追梦人生6458,[赞][赞]
586543108,[爱心][爱心][爱心]
陈秀英4799,‘[赞]
aiLina190,[火]
张42997,还是你们幸福的一家子
增先718,[赞][赞]
梦想去过,[赞]
天天过的潇洒,[赞][赞][赞]
严云会845,[玫瑰][赞][火][捂脸][爱心][花谢了]
章2438,[爱心][玫瑰][赞]
绿色康乃馨681,[赞][赞][赞]
美好人生52915,[赞][赞][赞][爱心][爱心][爱心]
碧玉蓝天732,[优秀]
小芬,[赞][玫瑰]
虫儿飞😘559,[奸笑]
生活简单点,[赞]
芳芳53774,[爱心]
美好生活,[赞]
简单的幸福（戴）,[玫瑰][玫瑰][玫瑰]
荷花花161,[赞][赞][赞][赞][玫瑰][玫瑰][玫瑰]
陆,这样的生活我很喜欢为他们点赞[玫瑰][玫瑰][玫瑰]
英43607,胖子是个好男人[赞][赞][赞][赞][赞]
妳婼不離我定不弃830,[爱心]
蔣太太,[玫瑰][玫瑰][玫瑰]
我就这样,[奸笑]
丫丫71768,[奸笑]
邓家食店,[玫瑰]
A安谷繁花似锦鲜花店，,[赞][赞][赞][赞][赞][赞][赞][赞][赞][赞][赞][赞]
英49331,[赞][赞]
彩虹的微笑，雨的泪水,一直很喜欢阿春拍的视频，我喜欢农村简单的生活，幸福快乐就好[赞][赞][赞][爱心][爱心][爱心]
美好的未来0338,[赞]
群,[赞]
王英3513,[火]
墨璃,[冷汗][冷汗][冷汗]
✌小小梦想家💪,一
User_1546022562,[玫瑰][玫瑰][玫瑰]
熊家大姐,[玫瑰][玫瑰][玫瑰]
织仙012,[赞]
梦离🦋367,都不知道还有这么好的男人
晴天雨水,@[赞]
ℳ文ℳ̶̶̶̶໌໌້ᮨ꧔,@[火][火][火][火][火][火]
星星,[赞][赞][赞]
梅梅88004图文,[爱心]
小菊,[赞][赞][赞][赞][赞]
🌺 阿香🌺877,[赞][赞]
爱的家园,[赞][赞][赞]
梅42493,[赞][赞]
彭秀英626,[赞][赞][赞][赞][赞][赞][赞][玫瑰][玫瑰][玫瑰][玫瑰][玫瑰]
🌹可爱仙灵子🧚♀️,[赞][赞][赞][赞][赞][爱心][爱心][爱心]
微笑63568,你老公对你真好啊！
微笑63568,[666][666][666][666][666][666][666][666]
微笑63568,[赞][赞][赞][赞][赞][赞]
微笑63568,[爱心][爱心][爱心][爱心][爱心]
快手用户1646625889754,[玫瑰][玫瑰][玫瑰][玫瑰][玫瑰][笑哭][笑哭][笑哭][笑哭][笑哭][捂脸][捂脸][捂脸][捂脸][捂脸]
澜澜080,[赞]
欢乐马00088,[玫瑰][玫瑰][玫瑰]
꧁꫞꯭g꯭y꯭t꯭h꯭g꯭꫞꧂,[玫瑰][玫瑰][玫瑰][玫瑰]
琴姐&746,[赞][赞][赞][赞][赞]
花青素,[玫瑰]
64，1798,[赞][赞][赞][赞][赞][赞][赞]
❤谁懂我心❤492,[赞][赞][赞]
余生不将就╭（╯ε,[生气]
开朗的网友（团长）,[玫瑰]
春天花真会开,[赞]
《痴＠心＠燕》,[666]
日月明681,[赞][赞][赞]
陶琼芳020,[玫瑰][玫瑰][玫瑰][玫瑰]
Quorra's chord857,[呆住]
快手用户1639221252592,[赞][赞][赞][爱心][爱心][爱心][玫瑰][玫瑰][玫瑰]
＠“岁月-静好”＠,[玫瑰][玫瑰][玫瑰]
红尘有你,[玫瑰][玫瑰][玫瑰]
申桂华,[赞][赞][赞][玫瑰][玫瑰][玫瑰]
会3649,[玫瑰]
＠岚新,[赞]
雾格林,[666][666][666]
悠闲82262,[赞]
雨花石35952,[赞][赞][赞][赞][赞]
冰雪儿,[赞][赞]
陈😆0829,[666]
梦想,[玫瑰]
人要为自己而活手机号1500,两个男人吗？
User_1592989390913,[爱心][爱心][爱心]
辛福每一天,[玫瑰][玫瑰][玫瑰]
农村小余互关,[火]
fant,[赞][赞][赞]
寶貝~羣,@[赞][赞]
春哥1551785,[爱心][爱心][爱心][爱你][爱你][爱你][赞][赞][赞]
水果沙拉,[玫瑰][玫瑰]
清除回忆0918,胖子是宁海，宁波的吗？
睛天14031,[赞][赞][赞][赞]
清风皓月,[玫瑰]
快手用户1644586322258,[火][火][火][赞][赞][赞][赞]
心妹888,@[666][666][666]
人间再好我不来,[火]
平平安安6637,[火][火]
肖安晴,[赞][赞][赞][赞][赞][赞]
熊敏＠👄*^O^*💍＠💄,[666][赞]
复,[赞]
龙艳云,[爱心]
User_1546256906238,[赞]
以他之名💋,[奸笑]
恋人的芬芳,[666]
秋霞,[赞]
胡志莲962,[赞][赞][赞][赞][赞][赞][赞][赞][赞][赞][赞][赞][赞][赞][赞][爱心][爱心][爱心][爱心][爱心][爱心][爱心][爱心]
💋多多拉💅,[捂脸]
এ᭄ꦿ情妹,妹妹呢
快手用户1655289129788,[赞]
佳杰一生丨OⅤE！,[玫瑰][赞]
世界那有真情在w,[玫瑰][玫瑰][玫瑰][玫瑰][玫瑰]
健康快乐18178,[赞][赞][赞]
心灵钥匙,[玫瑰]
小金3768,会做好吃的[赞]
yh是我的,[奸笑]
陈芳1847,[赞]
姜春兰191,[赞][赞]
笑脸常开,[赞][赞][赞]
巧克力^ω^（｡･ω･｡,@[赞][赞][赞]
雪花8209,[666][666][666][666]
（123）,[玫瑰]
谁懂＆人心薄凉,[庆祝]
快手用户1670212609964,手机铃声叫什么
年华似水,[赞][赞]
美好时光,[奸笑]
胡姐6355,@[赞]
美丽的回忆9376,[赞][赞][赞][赞]
凉城💤无暧,[笑哭]
平淡43856,[爱心]
王漂亮的美丽人生,[笑哭]
你健康  我快乐123,[赞]
User_1620602803745,[666]
向往美好,[赞]
荷宗分,[666]
雨中漫步7872,[666]
华华07034,[赞][赞][赞][赞][赞]
水芙蓉9038,[赞]
刘海承接室内外瓷粉工程队,你他不如找我
你若安好，便是晴天59408,[玫瑰][玫瑰]
🐳🐳月月红,[玫瑰][玫瑰][玫瑰][赞][赞][赞]
爰笑的眼睛,[赞][赞][赞]
快乐88432,[赞][赞][赞][赞]
User_1579930720153,[赞]
面对现实,[赞]
罗汉降龙,[赞][赞][赞]
紫晨,[赞]
缘来有你,[赞][赞][赞]
……,胖子是上海人
无情,[赞]
云儿,[赞][赞]
平安一家9395,[赞]
User_1580493271712,[赞]
这个世界有点苦我想给你加,这就是为了让人看
蓉蓉,[爱心][爱心][爱心][爱心][爱心][爱心][爱心]
兰花香5605,[玫瑰]
快乐成长,[赞][赞]
玲妹妹5381,[赞]
玲妹妹5381,[赞]
蔡玉兰775,[撇嘴][奸笑][奸笑][666]
清清,[赞][赞][赞]
黄胜利,[爱你][爱你][爱你][爱你][爱你][爱你][爱你][爱心][爱心][爱心][爱心][爱心][爱心][爱心][火][火][火][火][火][火][火][玫瑰][玫瑰][玫瑰][玫瑰][玫瑰][玫瑰][玫瑰][赞][赞][赞][赞][赞][赞][赞][666][666][666][666][666][666][666]
冉姐13174,[赞][赞][赞]
自我救赎,[赞]
相亲主播1975,[赞][赞][赞][赞][赞][赞]
邵东一新宁,[玫瑰][玫瑰]
得高🇨🇳汪远6899,阿春，找到真爱了，祝你和胖子幸福！
User_1569342696320,@[666]
何姐,[赞][赞][赞][赞]
魅力女人,[赞][赞][赞][赞]
唐吊车,[赞][赞]
马久平我的新号码17345439,[赞]
幸福的人生,[赞][赞]
随便一个名字,这是复合了吗
老吴,越来越好加油[玫瑰][玫瑰]
快手用户1636773424488,[赞]
＠霞霞超迷糊,琴琴的网名是啥
建英718761,[赞]
User_1583463011018,[赞][玫瑰]
幻^O^雪683,[玫瑰][玫瑰][玫瑰][玫瑰][玫瑰][玫瑰]
恭喜发财38400,[赞][赞][赞]
cx猜,[玫瑰]
丹丹12326,@平安一生 [爱心]
嚯仙女😘,[666]
老李来了,妹子在家煮饭种莱庄稼要个人领家务要个人两个人上斑去了回吃不上饭[爱心][爱心][爱心]
刘林5590,@
蕶芐32°,[赞][赞][赞]
快手用户1676039475840,[玫瑰][玫瑰]
山谷百合397,[赞]
惠84240,[赞][赞]
WXC3191,[赞][赞][赞]
甘春瑶,真是多管闲事，
人生65667,自己觉得怎么幸福就怎么过不要在乎别人的看法
朋友,[赞]
da姐915,[赞][赞][赞]
User_1613784006379,[赞][赞][赞][赞][赞]
淡然一笑19184,[赞][赞][赞]
拜拜白菜555,[赞][赞][赞]
乡村恋情（华美）,[玫瑰][玫瑰][玫瑰][玫瑰][玫瑰][赞][赞]
AA,[赞][赞][赞]
荷3618,[玫瑰][玫瑰][玫瑰][赞][赞][赞]
钟菊秀796,[玫瑰][玫瑰]
二姐,[赞][赞][赞]
张敏24360,[赞]
萱草🌿鋈幽,[赞][赞][赞]别管别人说什么，你们幸福就OK了[玫瑰][玫瑰][玫瑰]
💖 陪你看海💖,[玫瑰][玫瑰][玫瑰]
快手用户1656938987731,[玫瑰]
钟穗851,[赞]
岁月静好，勿扰,[666][666][666]
胡秀云,啊春是个好女人
彭明兰,[玫瑰][玫瑰]
好人一生平安.........,[赞]
User_1498978229997,[赞][玫瑰][玫瑰][玫瑰][玫瑰]
顺其自然。4048,[赞]
俄态南啦,@[爱心][爱心][爱心][爱心][爱心][爱心][爱心][爱心][爱心]
小草43564,[玫瑰][玫瑰][玫瑰]
我的温暖留给家人,好老公[赞][赞][赞][赞]
兴良,[赞]
快乐,[赞]
兴良,[赞]
米哥,找的男人一个不如一个
月园427,[赞][赞][赞][赞][赞][赞]
自由人,胖子是上海人，一口上海话。
知足常乐32232,[666][666][666][666]
happy＠,[玫瑰][玫瑰][赞][赞]
洋洋563,这样的生活很惬意我喜欢 好羡慕你[奸笑]
楊明芬233,[火]
万必秀,[赞][赞][赞][赞][赞]
秀秀,[赞][赞][赞][赞][赞][玫瑰][爱心][爱心][爱心]
精彩人生84256,[赞][赞][赞]
最爱小海鑫。,[赞][赞][赞][赞][玫瑰][玫瑰][玫瑰]
快手用户1638240267151,[赞]
心随我动36294,[赞]
何,[赞][赞][赞]
开心17174,[赞][赞][赞][赞][赞][赞]
花开富贵🌺🌹,[赞][赞][赞]
兰才淑,[赞][赞][赞][赞][赞][赞]
浅迷离906,[龇牙]
牵手04604,好吃
Beauty丶惜年🌸,[玫瑰]
善待自己33376,[666][666][666]
快手用户1638782104284,@[爱心][爱心][赞][赞]
如梦初醒,@[捂脸]
罗36156,[玫瑰]
快乐怡12622,[666]
湖南高速公路flying,[赞][赞]
一切随缘88230,@[赞][赞]
聪儿,[赞][玫瑰][玫瑰]
可可相思豆,[666]
黑蛋1354,[赞][赞][赞]
雨滴64732,[玫瑰][玫瑰][玫瑰][玫瑰]
颖宝妈咪♥526,阿俊的声音
Z ～ Y  ~  S,[赞][赞][赞]
HYL,老高没戏唱了，白帮忙了
英57723,[玫瑰][玫瑰]
冬雪,[赞][赞][赞][赞][赞][赞][赞]
平安,[666][666][666][赞][赞]
张均蓉795,原配就是好
勇往值钱489,[赞][赞]
贾68729,[赞]
单只蝴蝶,[like][like][like]
_唇劫♥,[玫瑰]
忘掉过去，珍惜现在741,[赞]
User_1618211491211,[666]
梅子80890,[赞][赞][赞]
梦醒了34824,[赞][赞][赞]
开心就好42691,[玫瑰]
杨正芬,[赞][赞][赞]
银鼠958,[玫瑰][玫瑰][玫瑰]
三姐58652,[赞][赞][赞][赞][赞][赞][赞][赞][赞]
一载百味,[玫瑰][玫瑰][玫瑰][玫瑰]
曾启兰724,[玫瑰][玫瑰][玫瑰]
邱红霞086,[玫瑰]
快乐每一天,[爱心][爱心][爱心]
ฅ幸福平安ฅ😊,[色]
一切安好。,[捂脸]
春上草,[赞][赞][赞][赞]
淡然,@[赞][赞][赞][赞][赞][赞]
茗2605,[爱心]
枫叶58658,阿春的男人到底是谁？？
飞飞16527,[赞][赞][赞][赞]
沉默＠无语697,[赞]
双燕奇侠,[赞][赞][赞][赞]
ZGF芳香,[赞][赞][赞][玫瑰][玫瑰][玫瑰]
User_1580384171767,[赞][赞][赞][玫瑰][玫瑰]
冬去春来19892383180,[赞]
女～神,额
晟,好假
心然698,[赞]
唐唐亲哇,上海话吗？
玫瑰21423,[赞][赞][赞]
刘三姐32871,[赞][赞][赞][赞][赞][赞]
幸福在路上浦东新区浦江公,胖子夕夕贤惠
XL2508,很羡慕你们
幸福美满,[666][666][666][666]
简简单单一辈子941,[赞][赞][赞][赞][赞][赞][赞][赞]
心意,[玫瑰][玫瑰][玫瑰]
夏天的雪,[666]
可以笑也可以哭😭,剧本好尴尬😳
快手用户1663638968907,@[玫瑰][玫瑰][玫瑰][玫瑰]
快乐每一天28457,[赞][赞][赞][赞][赞][赞][666][666][666]
勿忘我7798,[玫瑰][玫瑰][玫瑰][玫瑰]
冉43108,[赞][赞][赞]
xiao阿肖283,[奸笑]
莫生气19879362587,[玫瑰]
下一站更幸福,[666]
农村🥂姐姐,直播还🉐钱多，去打工，故事越来越多
我就是我59378,[666]
谁懂我心97546,[赞][赞][赞]
💕 李💕,@[666][666][666]
君子兰龙,胖子是上海人吗？
改变自己,[赞][赞][赞][爱心][爱心][玫瑰][玫瑰]
吉祥如意,[赞]
英子,[爱心][爱心]
o,好棒
阿秋,[赞]
快手用户1657768516685,[玫瑰]
英80918,[666]
蓝天白云34394,[玫瑰][玫瑰][玫瑰][玫瑰][玫瑰][爱心][爱心][爱心][爱心]
蓝天白云34394,[玫瑰][玫瑰][玫瑰][玫瑰][爱心][爱心][爱心][爱心]
杨会835,[666][666][666]
雾里看花90626,[玫瑰]
贾世美说说,[玫瑰][玫瑰][玫瑰][玫瑰]
轻描淡写€321,[赞][赞][赞][玫瑰][玫瑰][玫瑰]
迟de传说577,蒋校长口音[赞]
^_^千年树妖^_^,我还是喜欢看看春春做饭菜的视频[赞][赞]
车舞飞扬690,胖子你是浙江宁波的还是上海的
落叶知秋,胖子是浙江哪里的？
子轩48566,[赞]
期望,胖孑真妁
每天会更好469,@好吃
兰花93854,[赞]
阳光灿烂13482,[赞][赞][赞]
飞了风筝554,[赞]
彩虹77421,[玫瑰][玫瑰][玫瑰]
哈喽,[赞]
飞翔,[赞][赞][赞][赞][赞][爱心][爱心][爱心]
没有理由432,[赞][赞]
知足常乐10752,[玫瑰][玫瑰][爱心][爱心][福字][福字]
没有理由432,[捂脸][捂脸][捂脸]
会费的毯子,[赞]
秀英98454,[赞]
于天天开心#,[赞]
碧天天开心,[赞][赞][赞][赞]
如友,[赞][赞][爱心]
刘闽景观防腐木工程,[玫瑰][玫瑰][玫瑰]
健康是福33046,[龇牙]
水兰4824,[赞][赞][赞]
つ゛无名小姐（๑`･ᴗ･,琴琴呢，怎么没看见了
容7461,[赞][赞][赞]
培培吖（加油）,[赞][赞][赞]
气昂昂272,三轮车还是老高买的吧？？
ᥫᩣɞ是你的慧慧呀෴🌙,拉倒哥呢？
糯米未雨,[赞][赞][赞][赞][赞]
古学美491,[赞][赞][赞]
玉米95512,[赞][赞]
一生有你00811,[赞][赞][赞]
123578110,[赞][赞][赞][玫瑰][玫瑰]
fenfen611,[捂脸][捂脸][捂脸]
15387142586,[赞]
彭徳秀,@[赞]
明天会更好88921,[赞][赞][赞]
陈瑞兰239,[玫瑰][玫瑰]
＠瑶瑶要加油哦,[龇牙]
腊月的雪553,[赞][赞]
💗美兰💗098,[666]
天天快乐,[赞][赞][赞][赞][赞]
我是容姐794,[玫瑰][玫瑰][玫瑰]
简单62360,[玫瑰][玫瑰]
梦^之^蓝,[赞]
平安79093,@[赞]
快手用户1643121613402,'
User_1578745378687,[赞][赞][赞][赞][赞]
照明7085,[赞]
美丽的人生0741,[赞]
User_1579766526829,[赞][赞][赞][赞]
华华55474,[赞][赞][赞][玫瑰][玫瑰][玫瑰]
清纯7784,[赞][赞][赞][赞][赞][赞][玫瑰][玫瑰][玫瑰]
平常人,[赞][赞]
岳岳,[赞]
&所愿&,[赞]
明天继续。。。,[赞]
10086,拍戏做主播挣的还不够吗
ˢ终止爱.,1
10086,老高看到会不会难过
寶馬4,[赞][赞][赞][爱心][爱心][爱心]
陈晨baby（BXB）,胖子宁波人？
青青小草7700,阿春和胖子和好了吗？胖子现也学会心疼阿春了～有个男人帮着干活～也好～[礼花][玫瑰]
好运来24716,[赞]
开心27698,[赞][赞][赞]
轩轩,[赞][赞][赞]
扶🌸玉🌺兰,[赞][赞][赞][赞][赞][赞][赞][赞]
看看我是从头再来,[赞][赞][赞][赞][玫瑰]
梦会现实,菜籽买不
无希wxw,[安排][安排][亲亲]
华英,[赞][赞][赞][赞][赞][爱心][爱心][爱心]
舂华,[666]
快手用户1654176539068,[赞]
杨春红087,[赞][赞][赞]
尼伯尔,[赞][赞][赞]
廖育霞,[赞]
宵云曦,[赞]
′秀秀,[调皮][调皮][调皮][抱抱][抱抱][抱抱][玫瑰][玫瑰][玫瑰][憨笑][憨笑][憨笑][憨笑][爱心][爱心][爱心]
User_1568777458822,[赞][赞][赞][赞][赞]
春暖花开,[赞][赞][赞][赞]
段,[赞]
伤心的我〈胡〉,@[赞][赞][赞]
平安就是福*296,[玫瑰]
一切随缘,[爱心][爱心]
单身的小妞,这样的生活很惬意我喜欢 好羡慕你[优秀][玫瑰][666]
梅子48462,[玫瑰]
想你的夜80562,[赞]
昕薇359,[玫瑰]
BTF无风,[666][666][666]
晚~霞.,[玫瑰]
～浪漫☆樱花～942,[赞][赞]
凤凤07262,[玫瑰]
Y-10.23,还是习惯四川话[偷笑][偷笑]
怡可馨,阿春老公你是浙江哪里的呀，你说的话我都能听懂[捂脸][捂脸]
无奈的末来,[赞][赞][赞]
字母是兄弟,[火][火][火][火][火][火][火][火][火]
微笑22791,[赞]
华67842,[666][666][666][666][666][666][666]
王明珍852,[赞][赞][赞]
海草3760,[赞][赞][赞][赞][赞]
罗华香,[爱心][爱心][爱心][爱心][爱心][爱心][爱心][爱心][爱心][爱心][爱心][爱心][爱心][爱心][爱心]
一见倾心（ˊ˘ˋ*）♡,好男人懂得疼媳妇[赞][赞][赞]
✨------✨,乀
丽君1767,[赞][赞][赞][赞][赞][赞]
高兴47374,[玫瑰]
陶姐789,能互相体谅和关心，才能走得远[赞]
笑口常开46541,[玫瑰]
往事干杯💋💋842,[赞][赞]
枫叶28847,[赞][赞][赞]
红玫瑰,[憨笑][憨笑][赞][赞]
笑口常开46541,[玫瑰]
快乐你.我.她.,[赞][赞][赞]
兰色的梦,阿春善良
春暖花开40573,[赞]
爱一家✔,[赞]
彭志红,俩人感情真好
幸运小草,[爱心][爱心][爱心][爱心][爱心]
开心就好,[赞][赞][赞]
明天会更好13928,弄得[赞][赞][赞][赞][赞][赞][赞][赞]
YOYO💋802,[龇牙][龇牙][龇牙]
🌹再苦再累自己扛。🌹,[赞][赞][赞][赞]
梦78460,现在俩夫妻还可以
显琴,[赞][赞][赞]
从此把心封锁🔒😔😔,[赞][玫瑰]
我的精力就那么些,[赞][赞]
朱洪,[玫瑰]
爱的代价7108,阿春好厉害什么都、会做
开心33871,[玫瑰][玫瑰][赞][赞][赞][赞][赞]
User_1580470314698,几天都是一个版本没意思
邹娜675,[赞][赞][赞][赞][赞]
漫长的日子113,[爱心][爱心][爱心][爱心][爱心][爱心][爱心][爱心]
花开花落,[玫瑰][玫瑰][玫瑰][玫瑰][玫瑰][玫瑰][玫瑰]
敞开心扉,[玫瑰]
强哥21169,[火][火][火][火]
小雪88231,[赞][赞][赞]
惜缘,[赞][赞][赞]
『罗大姐』จุ๊บ,[666][666][666][666][666][666][666][666][玫瑰][玫瑰]
鹮髑1128,@Lsland
华山富林39大队韩大芝,[赞][赞][玫瑰][玫瑰][666][666][火]
谁看樱花飘落（互关）,[赞][赞]
梅秀,[赞][赞]
织金小田妹,上海人说话就是这个样子
快手用户1658805229358,[奸笑]
温柔58685,[666][666][666]
平平淡淡66695,[赞][赞]
平凡人生31222,[赞][赞][赞][赞]
高杰荣,[赞][赞][赞]
小容姐ZxR,[爱心]
书途👑👑👑【林】,[捂脸][捂脸][捂脸]
红桃,[赞]
心心相印06604,[爱心]
平平淡淡43873,[666][666][666][666]
静静好物分享,[玫瑰]
小米辣🍎,做饭好吃可以开个店就好了在农村开一下店好吃肯定生意会好
琼儿,[玫瑰][玫瑰][玫瑰]
User_1580116167749,[玫瑰][玫瑰][玫瑰]
小快乐每一天123,[666]
英28677,[赞]
如歌0254,[赞][赞][赞]
任秀芳,[666][666][666]
User_1615806769698,@[爱心]
做😜自己简单就好💄,还是喜欢看她跟老高拍视频
芳姐21025,😄😄
李王芹58850,[赞]
🌹小妍（՞•Ꙫ•՞）,[赞][赞][赞]
古大姐374,[赞][赞][赞][赞][赞][赞]
幸福73934,[玫瑰][玫瑰][爱心]
山清水秀lmx,@[玫瑰][玫瑰][玫瑰]
逝去308,好像宁波口音
*^_^*💚5139,[赞]
冬香7723,[666]
陈静75085,[赞][赞][赞]
李兆萍,[赞][赞][赞]
じStars妤柔🌷,[玫瑰]
幸运星就是我,一演就找工作[捂脸]
猫咪2020617,不是还有女儿吗
凤兰,[赞][赞][赞][赞]
燕子12167,[赞]
天天开心😃,[赞][赞][赞][赞][元宝][元宝][元宝]
‘乜爱你i’%,[爱心]
天天开心😃,[赞][赞][赞][赞]
岁月静好76831,[赞][赞][赞][火][火][火]
王小艳,[赞][赞][赞]
如意6401,真不错胖哥，为生活加油！
阿巴阿巴,[赞]
人生若只如初见╭（ ′•,[玫瑰]
小袁0091,[赞][赞]
隐藏优伤,[666][666][666][666][666][666]
希望未来幸福860,[赞][赞][赞][赞]
夜色01543,[赞]
草草2393,[玫瑰][玫瑰][玫瑰]
灿妮678,[赞][赞][赞][赞][赞][赞]
快手用户1676482591503,[赞][赞][赞][666][666][666]
苏榆成都,胖子，你说的非常好。祝你们永远幸福。[赞][赞][赞]
胜胜,[赞]
蓝蓝的天空,胖大哥说的对，现在的日子过的不是挺幸福的吗？[玫瑰]
梅梅,[赞]
平淡是金,好一个体贴的男人
李,[玫瑰][玫瑰][玫瑰]
美好的回忆,[玫瑰][玫瑰][玫瑰]
受伤的小鸟551,[666]
坚持,[666]
红梅43520,[赞][赞]
ꕥ᭄饿梦已醒ꦿঞ🕊,为什么不复婚呢
老地方的雨,[赞]
❤️❤️楠哥❤️❤️,上海人
momo,[赞]
百荷花,[赞][赞][赞]
梅子09665,[赞][赞][赞][赞][赞][赞][赞][赞]
农村（飞哥冲万粉）,路过
雾里看花,[赞][赞][赞][赞]
花好月圆41127,他哥不是浙江人，口音不像
single贵族5,[赞][赞][赞]
我的未来不是梦,[赞]
梦梦最萌萌520,不管真假，都好看[赞]
秋天的华叶,[赞][赞][赞]
梅58709,@[赞]
User_1624627871756,[赞][赞][赞][赞][赞][赞]
禁欲.,[赞]
小芳,好男人[赞]
莉香,[赞][赞][赞][赞][赞]
红珍503,[666][666][666]
＠开心快乐每一天《红火》,我就特别爱吃花卷[爱心][爱心]可惜已经很长时间没吃过了
罗46739,[666][666][666]
人生如梦11441,[玫瑰]
江妹310,@[爱心][爱心][爱心]
Z（ •ิ_• ิ）,[赞]
芬芬姐885,[灯笼]
马琴035,[666][666][666][666][666][666]
青云,[玫瑰][玫瑰][玫瑰]
记住  王,[赞][赞]
李桂华,[赞]
殷顺淑破例了来看看木马木,[笑哭]
听源夙念浪漫⭐.,春加油
百顺羊绒大衣制衣厂,[烟花][烟花][烟花][烟花][烟花][烟花][烟花][烟花]
你的帅气只配我拥有,[火][火][火][火][火]
风平浪静,[赞]
月亮湖,胖子说话像上海人
风雨飘摇0038,[666][666]
涵梦似若仙...,@[赞]
涵梦似若仙...,@[赞]
幸福🌹 约定💝,[赞]
张一涵,[玫瑰][玫瑰][玫瑰][玫瑰]
（o^^o）肖,[玫瑰][玫瑰]
唐光鞠,@[爱心]
张宝丽,[赞]
平安一生14900,好老公
小琼,[赞][赞][赞]
勇敢去面对944,[赞][赞][赞]
Fik--Zz,这边叫：“葱油花卷”
何07924,[666][666][火]
侯伟,胖子还是不错的！平平淡淡才是真！
南离,国产自拍
面条994,[赞][赞][赞]
小懿0708,打电话手机屏幕都没有亮，全是剧本吧
tws,[赞]
带刺的玫瑰59817,[赞]
倩倩43511,[玫瑰][玫瑰][玫瑰]
有情不如无情！,[玫瑰]
阳光每一天401,[火]
建平,[玫瑰][龇牙][爱心]
枝美828,[玫瑰][玫瑰]
淡淡の、清香15204,[赞][赞][赞][赞][赞][赞][赞]
黄土地的🌸花🌸,宝岛车我喜欢
兰汐,以前我觉得挺好的，有琴琴 二狗 大爷，有各种好玩的，好吃的，可是现在生活咋越过越回去呢？
付姐3190,好吃
烟雨飘渺805,[赞]
🌹！紫玫瑰！🌹,[赞][赞][赞]
小魔女34561,[玫瑰]
傻🎀 丫🎀 头🎀515,[玫瑰][玫瑰][玫瑰][玫瑰][玫瑰]
李,[赞][赞][赞][赞][玫瑰][玫瑰]
冰水,[赞][赞][火][火][火]
chanyoel,[赞]
，自由的飞翔💋,[捂脸][捂脸][捂脸][捂脸][捂脸][捂脸][捂脸]
八妹、✩,你自己是本地人，喜欢吃海鲜就直接说嘛，你说你老婆喜欢吃[奸笑]
一生有你61243,[赞][赞][赞]
哈哈,[赞][赞][赞]
蒋尔群,[火]
右手不弃＠_＠,演的真好。
左左2309,[赞]
love蓉970,[赞][赞][赞]
开心每一天83186,[赞][赞]
一枝梅28423,[赞]
小苹果250869,[赞][赞][赞]
琪琪小龙女💘,[赞][赞][祈祷][祈祷][祈祷]
快手用户1652118589583,[赞][赞][赞]
千寻,[玫瑰]
慧姐,[赞][赞][赞]
千舟山水,有担当的人[赞]
馨雨3282,[玫瑰][玫瑰][玫瑰][玫瑰][玫瑰]
User_1578764728401,[赞][赞][赞]
兰兰82460,看阿春的长像就是个正直纯洁的一个女人。胖子以前把春春弄丢了现在终于知道心疼阿春了。给你俩点赞
扎小女孩的辫子℡,[赞]
何家人467,[赞][赞][赞][赞][赞][赞]
小云云7604,[赞]
平安43332,[赞][赞]
希望86677,[666][666]
睏北,[666][玫瑰]
刘光琼399,[难过]
冰琳若姿_yizh,[赞][666][玫瑰]
刘03979,[玫瑰]
快手用户1643440374516,[赞][赞][赞][赞]
User_1576142168537,[爱心][爱心][爱心]
逍遥哥哥,[666][666]
沬沫448,赶紧生个二胎[龇牙][龇牙]
快手用户1676421862540,阿春怎么这么多老公，还有一个老高
李大姐7697,[玫瑰]
心如止水45774,[赞]
缨珞♡,[赞]
💆海阔天空,[赞]
文英,[哦][哦][哦]
健健康康才是福108,不知道说什么，点赞代表一切[赞][赞][赞]
朝暮1974,[玫瑰][玫瑰][玫瑰][玫瑰]
果酱软趴趴,我都想取关了[捂脸]
米可,[玫瑰][玫瑰]
花落28348女王316,说的那里话啊！怎么听不懂啊，
琼琼,大哥老婆是用来疼的，不是来当佣人的
湘湘,[玫瑰][玫瑰][玫瑰][玫瑰][玫瑰][玫瑰][玫瑰]
佳玉1941,[赞][赞][赞][赞][赞]
清风64412,[赞][赞][赞]
二姐86696,[捂脸][捂脸]
罗美美888😊🍎,拍视频不是也在干活挣钱吗？
一抹泪光，䜣尽百股相思,[赞][赞][赞][赞]
任容,[赞]
陈晨73763,[赞][赞][赞]
有你就幸福8579,[666][666][666][666][赞][赞][赞][赞][赞][爱心][爱心][爱心]
尹84878,[玫瑰]
雪儿:防水，五金。,[赞][赞]
艳子，艳子,[鞭炮][鞭炮][鞭炮]
User_1617847620273,[赞]
User_1612864454282,[赞]
雨点起泡泡,好吃挣点钱就吃了
风雨同行,[赞]
心杰,[赞][赞][赞][赞][赞]
心语23391想雨918,[666][666][666][666][赞][赞][赞][赞][玫瑰][玫瑰][玫瑰][玫瑰][火][火][火][火][爱心][爱心][爱心][爱心][色][色][色][色]
田春兰,[赞][赞][赞][赞][赞][赞]
User_1565922538040,在农村这样呆上下半辈子也挺好[赞][赞]
冰冰2596,[赞]
如意（cc,好羡慕你们呀！美女
萍水相逢,胖子哪里的口音
洋妈妈🐑 🍃,这大哥声音比胖子的好听多了。[笑哭]
三只猪猪仙女,江西话吗
梦幻74762,[赞][赞][赞]
鲁46717,[666][666][666][666]
小宝婆婆,[666][666][666][赞][赞][赞]
雨后彩虹99000,[666][666][666]
一只一花,他是真是个好人
雾都902,[赞][赞][赞][赞]
酒醉影子,帮？[捂脸]
逺刂  殇  憖,[玫瑰]
杨孃孃578,@[赞]
孔9073,[赞][赞][赞][赞][赞][火][火][火][666][666][666]
冰雪59205,上海人
。。,想琴琴了
汶秀406,[赞][赞][赞]
村姑1409,[赞]
宠着我的人才有资格管着我,花甲美味
加油2020   😊,[赞][赞][赞][赞][赞]
随缘99938,[黑脸问][黑脸问][黑脸问][黑脸问]
颖,[赞][赞]
宠着我的人才有资格管着我,说的好
雅芝兰545,[赞]
冷风夜雨35779,[赞][赞]
为祖国强大而努力,[赞][赞][赞][赞][赞][赞][666][666][666][666][666][666]
龙井街治强盲人按摩店,[玫瑰][赞]
杏仁雨324,[爱心]
💫晴💫儿,你老公 宁波人？
可可可可可🉑乐,这不是老高买的车吗
浩宇67834,[赞][赞]
🥳予我深情菲儿❤️,[赞][赞][赞]
五月的花844,[龇牙][龇牙][龇牙][龇牙][龇牙]
彭波,[666][666][666]
夏玲萍,@🍺，海燕姐🍺 @梦中女兵 @User_1614848350995 @夏三 @单身大叔 @凌云2259 @★心简单世界就简单 @小懒🐷 的小猪🐷 呢 @小曦儿吖 @阿伟家的（铁粉） @道富宝 @杨俊姐姐 @牛爱芳的小春花 @张常宁-粉丝 @成龙 @山鸡哥的小师妹 @三姐双胞胎妈妈 @美林和杨俊 @蜀和春 [愉快][委屈][呆住][色][笑哭][赞]
User_1626522837375,[赞][赞]
胖妹,[玫瑰][玫瑰]
夏玲萍,@小懒🐷 的小猪🐷 呢 @★心简单世界就简单 @凌云2259 @单身大叔 @夏三 @User_1614848350995 @梦中女兵 @🍺，海燕姐🍺 @小曦儿吖 @阿伟家的（铁粉） @道富宝 @杨俊姐姐 @牛爱芳的小春花 @张常宁-粉丝 @成龙 @三姐双胞胎妈妈 @蜀和春 [赞][笑哭][色][呆住][委屈][愉快]
白茶清欢7987,[赞]
或名（长付）,老高呢
👑🇨🇳燕儿飞💍,打电话时可以不拍到手机📱吗？[捂脸]
庞春连341,[玫瑰][玫瑰]
快手用户1658325226416,[赞]
枫叶飞舞811,胖子浙江的
刘坤昊妈妈,[赞]
XGQ416,[赞][赞]
戴春霞,[赞][赞]
人间烟火,分手就好了
快手用户1636860690717,[赞][赞]
快手用户1659774163535,[玫瑰]
会流泪的沙鱼635,[666][666]
雪中飛633,[666][666][666]
名珠852,[赞][赞][赞]
把自己往死里打扮狠狠爱…,好[赞]，㊗️愿你们永远幸福美满健康
快乐每天42792,[赞][赞][赞]
快乐31548,你演过了那来这么好的男人
美好梦想,[赞][笑哭]
您好,[玫瑰]
红苹果,[赞][赞][赞][赞][赞][玫瑰]
👄淡然一笑❤💎🐠🐠,浙江话
小玲子,[赞][赞][赞][赞][玫瑰][玫瑰][玫瑰][玫瑰]
潇洒走一回2651,[赞][赞][赞][赞][赞]
丽珍,[赞]
44＠,蔥香花卷做得很好人人見了都喜歡
🕊琴琴ღ是宝贝᭄ꦿ꯭,还是喜欢听家乡话
幸福女人。。。刘,[赞][赞][赞][赞][赞][赞]
夕阳红N2VGeDoL,[捂脸][捂脸][捂脸][捂脸][捂脸][捂脸][捂脸][捂脸][赞][赞][赞][赞][赞][赞][赞]
梦72081,@[赞][赞][赞][赞]
User_1581769040071,好丈夫
梦中美人635,[赞][赞]
梦中美人635,[赞][赞]
茶～有情,就看上他们做的菜了，故事情节嘛真是不信的
🔥廖琴🔥,好男人[赞][赞][赞]，自己的女人不痛谁痛
User_1547044925331,[玫瑰][玫瑰][玫瑰]
逆袭风妹,阿春做的花卷看着真有食欲了！[捂脸][笑哭][赞][赞][赞]
"white fox,",我也想找个疼我的人[捂脸][捂脸]
橘子小榶果,老高的三轮车[捂脸]
💞ღ余生᭄爱自ღ💞,[玫瑰][玫瑰][玫瑰][玫瑰][玫瑰][玫瑰][玫瑰][玫瑰][玫瑰][玫瑰][玫瑰][玫瑰][玫瑰][玫瑰][玫瑰][玫瑰][玫瑰][玫瑰][玫瑰][玫瑰][玫瑰][玫瑰]
💞ღ余生᭄爱自ღ💞,[666][666][666][666][666][666][666][666][666][666][666][666][666][666][666][666][666]
平淡健康6868,[赞][赞][赞]
windy,[赞]
蜀和春,喜欢我们的生活视频记得关注点赞哦，么么哒！[玫瑰][玫瑰][玫瑰]
安安56412,[火][火][火][玫瑰][玫瑰][玫瑰]
无名,[赞][赞][赞]
天天开心,[赞][赞][赞]
希望每天都要有好运连连…,@小青袭击你
往后&遇生＠,大锅你过来帮哈忙了[不看][不看]
静好,[火][火][火][火][火][火]
🌷流星雨许愿🌺🌴,[赞][赞][赞][赞]
👄＠久儿👄,春姐我想和你一起包地种。
人生无悔0116,[赞][赞][赞][赞][赞][赞][赞][赞]
官官3706,多少离婚的都是被家里人多管闲事拆散的
🔥美丽的光芒💍🌟,[赞][赞][赞][赞][赞][赞]
王世友014,[赞]
敷衍的微笑138,[礼花]
✨彩✨虹✨,[赞][赞][赞]
客舟听雨945,[666][666]
＠喜姐（ ﹡ˆoˆ﹡ ）,就是啊！支持胖子疼媳妇
『白昼,不要在意任何人，只要两个人幸福就好[玫瑰][玫瑰][玫瑰][玫瑰]
黄丽霞女仕,好幸福的阿春[赞][赞][赞][赞][赞][赞][赞]
白云12347,[赞][赞][赞]
飞翔大侠,多吃萝卜少操心，阿春不是那种x！[赞][赞][赞][666][666][666][玫瑰][玫瑰][玫瑰]
身体好,最讨厌别人管
🙂开心就好！,[赞]
冬季雪花飘满天,[赞][赞][赞]
污境🐶,[火][火][火][火]
阳光91674,[难过][难过][难过][难过]
娟子02443,[赞][赞][赞]
安静,阿春多好呀[赞]
艳艳❤『乐芳，曹家』,25分钟前
君莉,[666]
杨素琴,[赞]
静柔620,[赞][赞][赞]
𝙯𝙝𝙤𝙪.🧊☃,前排前来
把爱寄给天使882,[赞][赞]
孔木辛,[笑哭][笑哭]
吕琴,摆摊加卖菜。也是吃香的，你口才那么好
User_1576416100262,[666][666][666][666][666][666]
余生l y,你一天的戏真的多了[捂脸]
糖无量,[火]
封心锁爱,这男人上海人
磁县潮汕牛肉火锅（燕子）,失去之后才知道珍惜，失而复得的感情胖子好好珍惜吧
l在美也只是曾经！1,她老公是浙江的吗
90后单亲妈妈（小艾）,这个是配音啊[捂脸][捂脸][捂脸]
A゛敲喜欢你💋,生活不就是过个你情我愿嘛
茉莉花8332崔崔618,[捂脸][捂脸][捂脸][捂脸][捂脸]这不是我家乡话吗，
美好人生61802,[玫瑰]
城市小雪,[捂脸]
蓉（两个儿子的妈妈）,[干杯][干杯][干杯]
小熙OK,四分钟前
花开富贵,这样的生活很惬意我喜欢 好羡慕你
ˡⁱᵘ先生专属👧🍼,三分钟前
怪ʷᵒ愛太深ˡᵃ .,53个赞
花开富贵,我就特别爱吃花卷[捂脸][捂脸]可惜已经很长时间没吃过了
ℳ.এ᭄零栀.꧔ꦿএ,31
老犯困.,来了
沫之夏◇,来了
花开富贵,哟吼[捂脸][捂脸]
꧁忘ᝰ了ᝰ我꧂,我第一个[爱你]
花开富贵,第一第一[捂脸][捂脸][捂脸][优秀][优秀]
