﻿姓名,评论内容
一人饮酒醉2030,这谁弄的毛必须扣工资
心态好⭐⭐,[赞][赞][赞]
屋脊橄榄,[赞][赞][赞][赞][赞][赞]
想吃葡萄不是提子,不是所有人都喜欢吃腊肉，所以别人说不好吃很正常
✧陌路,是腊，不是那，[捂脸][捂脸]
Joan0335,皮烧了再切，你看皮切了烧，皮都没有了
我乐个趣,跟我说，勒阿啦，腊又。
“”心辰🍃️,那肉？
新馨一生,这个猪没有退毛，厉害👍🏻👍🏻👍🏻👍🏻！
他一个亿？,你們這種肉我們吃不習慣我們的臘肉是撒點鹽放在太陽裡面曬乾就可以使用這一種不好吃
一马平川5071,煮猪脚也不让我们看明白？
࿈࿈࿈࿈࿈࿈࿈࿈࿈࿈࿈,[坑][坑][坑]
࿈࿈࿈࿈࿈࿈࿈࿈࿈࿈࿈,[坑][坑][坑]
快手用户1648010143882,[赞][赞][赞][赞]哈哈哈哈
☔️飞雪似杨🌸,不是先烧再洗最后砍块吗？
平安77428,第一次这样做[偷笑]
快手用户1671947192444,咋全部是毛
喋喋爹跌,真懒，我们这边都是洗干净了在做，怎么可能还有毛
时光荏苒,腊肉，吃不了咸的就放长流水泡3/5天在正常的煮就不咸了
选择，难啊,这猪脚肉生长期应该不到两年
选择，难啊,不是腊肉不好吃，只是人不会做
馋猫eat,还真是，第一次我也生吃的[捂脸]
情深.（方琦826）,[赞][赞][赞][赞][赞][赞]
回头客✺,这个肉咬不动
梦伊，，,哈哈[捂脸]
顺其自然48194,真是服了，生吃腊肉，又不是金华火腿[捂脸][捂脸]
一路格桑花-开心（女神团,[赞][赞][赞][赞][赞][赞][赞]
蒲公英*🍓🍎菌崔莱,[666][666][666][火][火][火]
城市领秀布艺,[赞][赞][赞][赞][赞][赞][666][666]
心想事橙快乐加倍,[赞][赞][赞][赞][赞]
贾丽娟,[赞][赞][赞][赞][赞][赞]
✨✨之🔥545,[赞][赞][赞][赞][赞]
格桑花47197,[赞][赞][赞][赞][赞][赞][赞][赞]
知足常乐（泰安）,[奸笑][奸笑][奸笑][奸笑][奸笑][奸笑]
qq10663,[赞][赞][赞]
白狐9999,腊猪脚是腊肉里面最最好吃的[赞]
说话的艺术99,[赞][赞][赞][666][666][666][玫瑰][玫瑰][玫瑰]
慧慧9073:,[赞][赞][赞][赞]
我家有宝,[赞][赞][赞][赞][赞]
李西刚509,[赞][赞][赞][赞][赞][赞]
乡音,[赞][赞][赞][赞][赞][赞]
芒果11522（尘亮九）,[赞][赞][赞][赞][赞][赞][赞][赞][赞]
苑（四书）,支持支持支持[赞]
云姐✨🌷🌷✨,[赞][赞][赞][赞][赞]
芙蓉花5115,[赞][赞][赞]
sarah3234,[赞][赞][赞][666][666][666]
1314🏠王姨,笨熊下午好！[赞]
猎豹6677☕️,[赞][赞][赞]
张家界,支持主播正能量
原  睿,4点到了么看见直播
阳光31066,第一[捂脸]
