﻿姓名,评论内容
海风姐姐❤️🌞,人各有志，天下没有不散的宴席，祝你们各自安好，加油
太阳系☀️º♚,姐姐是亲姐姐吗[笑哭]
心无旁骛＠#,[赞][赞][赞]
天空微晴花唯美,感觉很不错的一个姐姐，可惜了
晋绥赵老三,[666][666][666][666][666]
漫步平安里,[玫瑰][玫瑰][666][666][666][666][666]
伽威707,[666][666][666][666][666][666][666][666][666]
阿亮（重庆开州）,666666666666
王小二🇨🇳顺其自然,[赞][赞][赞][赞][赞]
คิดถึง简单幸福,创业贵在坚持
风中仙子242262,[赞][赞][赞][赞][赞][赞][赞]
松下听风-,[火][火][火]
陕北农家人,[赞][赞][赞][赞][赞]
美好起航11,[赞][爱心][玫瑰][玫瑰][玫瑰]
钱程,笨熊你很棒，太喜欢你们了！
BBQ（芭比Q）,聚久必散，散久必合。这一次的离开只为下一次相聚，加油，愿姐姐安康幸福
中国人❤寶多多🐝919,舍不得离开[祈祷][祈祷][祈祷]
萬福記,农村创业有几个成功的[捂脸]
浴血重生,养殖有风险，入行需谨慎，养殖赚的是经验钱，小白三思而后行
潇洒走一回24290,安装个定时开，关吧
健康是福4733,[赞]
＠村里人记录生活,什么品种的🐔
小钰的生活,现在有定时开关安装一套不就完事了吗
九顶山生态园,这还芦花鸡么
晋绥赵老三,[666][666][666][666][666]
♥岁月静好♥&,[赞][赞][赞][赞][赞][赞][赞][赞][赞]
User_1588928357557,[赞][赞][赞][赞][赞][赞][赞]
海蓝石浪涌,[赞][赞][赞][赞][赞]
User_1054970155,[赞][赞][赞][赞][赞][赞]
草民观世界,保温灯开关一个几十元的控制器就搞定了，改进完善管理才是王道，落后的管理方式损耗就大了
海泰富,文采斐然[赞]
《小飞侠》¥,[赞][赞][赞][赞][赞][赞][赞][赞][赞][赞]
果林散养纯土鸡,@养鸡，养鸭沒有不挂几只的，加油。
巴马-凤山养殖,有专业人员专业场地，管理就没有那么难
食神二姐,[火][火][火][火][火][火][火]
无花果，,鸡苗多少钱一只
决婆,那你可以晚一养
月羚,天下没有不散的宴席加油笨熊清闲
一生平安1688⊙ω⊙,[龇牙][龇牙][龇牙]
www.与你相遇,推荐一下哪里可以买到鸡苗， 也想创业养鸡了[赞][赞][赞][赞]
☔️竹林听雨声☔️,每个人有每个人对生活的向往，有聚就有散，天下没有不散宴席……
零星之火｛正能量｝,[赞][赞][赞][赞][赞][赞]
心若菩提,创业贵在坚持
向日葵桂千红,@[玫瑰][玫瑰][玫瑰][赞][赞]
🌲晓℡,清闲笨熊加油！保持初心方得始终！你们是优秀的夫妻二人！[赞][赞][666][666][爱心][爱心]
🌲晓℡,清闲笨熊是优秀的，加油！保持初心方得始终！[赞][赞][666][666][爱心][爱心]
明骚易躲~暗贱难防？,姐姐被我带走了
云南LIP,是亲姐姐吗
太阳系☀️º♚,姐姐是亲姐姐吗[笑哭]
海风姐姐❤️🌞,人各有志，天下没有不散的宴席，祝你们各自安好，加油
云姐✨🌷🌷✨,[赞][赞][赞][赞][赞]
心态好⭐⭐,[赞][赞][赞]
.春草906,[666][666][666][赞][赞][赞][赞][赞]
忘我🐉有你,我去给你养鸡
浮生若梦霖熙,天下没有不散的筵席
川娃带你看世界,我女神干嘛去了，
中秋之月。,主播给的工资太低了吧？
金色海岸999（尘客）,红衣姐姐优秀，真的不舍啊
田园之歌4616,姐姐嫌工资低吗？
芙蓉花5115,[赞][赞][赞][玫瑰][玫瑰][玫瑰]
平步青云,我感觉铺地暖要好点
平安是福366十级尘客,长的好快啊！
华🍇荣,支持永不变
黄刚:上海:宝山区,[赞]
张家界,支持主播正能量
❄红星队长,[666][666][666][666][666][666]
昵称丶一对👣,优秀的人离开，我们难免有不舍
心晴74663,不舍乃人之常情。愿远离的人一切安好[玫瑰]祝笨笨熊生意兴隆[666]
郝鹏飞【寳多多 沐阳哥】,天下没有不散的宴席[祈祷][祈祷][祈祷]
浙江新和城,你稳坐钓鱼台
岁月静好07 🌟,[666][666][666]
海纳百川,这就是人生，加油陌生人！
水中鱼 猫七七  YZ,加油看好你们[火][火][火][666][666][666][赞][赞][赞]
游园惊梦349,[666][666][666]
小宇～HYT,[666][666][666][666][666]
小谢0462,[爱心][玫瑰][玫瑰][玫瑰][666][爱心]
小花鸟_007✊,加油啊[赞]我们都要在人生路上加倍努力💪期待遇见更好的自己！
🎋啄木鸟🎋111,[666][666][666][666][666][666][666][666][666][666]
巅峰穿越【浩子】,不错不错，半年后可以
刘姐爱养花（1958）,[赞][赞][赞][赞][赞][赞]
老程家,[赞][赞][赞][赞][赞][赞]
🌟~嘟嘟~✨✨,[666][666][666]
lzy1385,[赞][赞][赞]
堂堂妈妈—鞍山腾鳌,[赞][赞][赞][赞][赞]
梦之旅,[赞][赞][赞][赞][赞][赞][赞]
福星叟（尘客）,[赞][赞][赞][赞][赞][赞]
《6梦想成真》,[赞][赞][赞][赞][666][666][666][666][666][666][玫瑰][优秀][火]
来去730,[赞][赞][赞][赞][赞][赞]
风中仙子242262,[赞][赞][赞][赞][赞][赞]
♥岁月静好♥&,[赞][赞][赞][火][火][火][赞][火][赞][火]
栖栖～～,[赞][赞][赞][赞][赞]
李西刚509,[赞][赞][赞][赞][赞][赞]
千金归来971,支持主播加油
李文章爱养鸽子,[祈祷][祈祷][祈祷]
健康快乐926425,支持主播加油[赞][赞][赞][玫瑰][玫瑰][玫瑰]
京喜名酒荟（彭阳）,[赞][赞][赞][赞][赞][赞]
情深.（方琦826）,[赞][赞][赞][666][666][666]
🌸玲姐Lxl🌸,[赞][赞][赞][赞][赞][赞]
猎豹6677☕️,[赞][赞][赞]
Z.M.X               🎮,[赞][赞][赞][赞]
芒果11522（尘亮九）,[赞][赞][赞][赞][赞][赞][赞][赞]
=【《人生如梦》】=,饭还没来得及吃
zzwann,[赞][赞][赞][赞][赞]
