比亚迪汽车,1795466,7242593937033448252,海洋「豹」款 破浪而至,2023/06/09 16:04,1h9m25s,9606,203,2.2w
比亚迪汽车,1795466,7239990366701620028,仰望，勇敢无畏,2023/06/02 15:40,0h51m50s,1.2w,566,5876
比亚迪汽车,1795466,7239212008359594808,2023款元Pro超级发布会,2023/05/31 14:55,0h38m22s,32.6w,4.7w,157.3w
比亚迪汽车,1795466,7237402290955602744,海洋「豹」款 破浪而至,2023/05/26 16:17,0h57m35s,2.3w,1728,35.1w
比亚迪汽车,1795466,7236974083996191525,宋Pro DM-i冠军版上市发布会,2023/05/25 14:50,0h46m32s,92.9w,7.9w,242.5w
比亚迪汽车,1795466,7234800822939323196,油电同价颠覆燃油 汉DM-i冠军版 汉DM-p战神版巅峰上市,2023/05/19 16:02,1h11m1s,2.7w,2116,47.0w
比亚迪汽车,1795466,7234367571850562341,油电同价颠覆燃油 汉DM-i冠军版 汉DM-p战神版巅峰上市,2023/05/18 14:50,2h4m35s,88.1w,5.1w,15.3w
比亚迪集团官方招聘,985462,7260390005758118671,46岁前空姐,2023/07/27 15:01,1h58m11s,24.0w,5333,59.5w
比亚迪集团官方招聘,985462,7257049924374170408,46岁前空姐,2023/07/18 15:00,1h59m51s,49.3w,1.2w,102.4w
比亚迪集团官方招聘,985462,7252612630249392899,46岁前空姐,2023/07/06 16:01,0h7m3s,5913,1079,5954
比亚迪集团官方招聘,985462,7251893879652223783,46岁前空姐,2023/07/04 17:32,2h7m14s,8.0w,2294,73.1w
比亚迪集团官方招聘,985462,7250037905672915727,46岁前空姐,2023/06/29 17:30,1h59m35s,8.5w,2848,63.7w
比亚迪集团官方招聘,985462,7249298564346645288,46岁前空姐,2023/06/27 17:41,1h48m48s,9.4w,3834,48.6w
比亚迪集团官方招聘,985462,7248553289367718690,46岁前空姐,2023/06/25 17:30,2h1m35s,7.8w,2547,87.6w
比亚迪集团官方招聘,985462,7245190808826039055,46岁前空姐带你看车展,2023/06/16 16:01,0h47m37s,1.8w,1216,17.2w
比亚迪集团官方招聘,985462,7245129848876256040,46岁前空姐带你看车展,2023/06/16 12:05,0h53m18s,3.3w,2045,19.7w
比亚迪集团官方招聘,985462,7244845679489698595,你不知道的比亚迪,2023/06/15 17:42,2h4m20s,16.7w,3082,70.6w
比亚迪汽车旗舰店,930013,7260402647067364157,海洋跃动 生而出众,2023/07/27 15:51,1h25m28s,6042,442,6.7w
比亚迪汽车旗舰店,930013,7260018675124734776,科技讲堂 硬核分享,2023/07/26 15:00,1h29m18s,5932,308,5.9w
比亚迪汽车旗舰店,930013,7259655090334714679,科技讲堂 硬核分享,2023/07/25 15:30,1h30m16s,6383,148,4.5w
比亚迪汽车旗舰店,930013,7258189391900969784,超越极致 前所未有,2023/07/21 16:42,0h59m52s,3823,119,2.9w
比亚迪汽车旗舰店,930013,7257792323755461432,智者 - 势成,2023/07/20 15:01,1h28m33s,5867,139,4.4w
比亚迪汽车旗舰店,930013,7257420837492476727,海洋跃动  生而出众,2023/07/19 15:00,1h8m58s,4649,134,3.7w
比亚迪汽车旗舰店,930013,7257049734949391163,王朝风范 与君共赏,2023/07/18 15:00,1h30m52s,5042,59,1.4w
比亚迪汽车旗舰店,930013,7255575995372161831,海洋跃动 生而出色,2023/07/14 15:42,1h15m30s,5746,332,4.7w
比亚迪汽车旗舰店,930013,7255205021220997944,科技讲堂 性能解析,2023/07/13 15:42,1h37m39s,6005,455,4.6w
比亚迪汽车旗舰店,930013,7254831165666773819,海洋跃动 生而出众,2023/07/12 15:30,1h29m20s,5983,365,5.9w
比亚迪汽车海洋,742913,7260383856983903028,你还在等什么？,2023/07/27 14:38,1h54m53s,8668,191,7.2w
比亚迪汽车海洋,742913,7260319902404217652,你还在等什么？,2023/07/27 10:30,2h1m32s,7863,517,7.6w
比亚迪汽车海洋,742913,7260075489413368610,你还在等什么？,2023/07/26 18:41,1h50m12s,6661,317,8.6w
比亚迪汽车海洋,742913,7260016924837661474,你还在等什么？,2023/07/26 14:54,1h36m28s,8206,428,12.2w
比亚迪汽车海洋,742913,7259948690412555048,你还在等什么？,2023/07/26 10:29,2h2m16s,8868,879,12.5w
比亚迪汽车海洋,742913,7259697700461890344,你还在等什么？,2023/07/25 18:15,1h41m48s,6934,599,8.5w
比亚迪汽车海洋,742913,7259662424918297379,白蓝色的小海鸥噢,2023/07/25 15:58,1h7m0s,2420,70,1.2w
比亚迪汽车海洋,742913,7259585733030300468,白蓝色的小海鸥噢,2023/07/25 11:01,1h35m53s,7098,350,9.3w
比亚迪汽车海洋,742913,7259322887773719315,白蓝色的小海鸥噢,2023/07/24 18:01,1h34m57s,3375,76,1.7w
比亚迪汽车海洋,742913,7259293016836311819,白蓝色的小海鸥噢,2023/07/24 16:05,1h18m36s,3315,80,2.5w
比亚迪官销,660206,7260433306511018786,来领比亚迪总部7月购车福利,2023/07/27 17:50,直播中,4863,136,9592
比亚迪官销,660206,7260413113900567333,比亚迪总部7月优惠倒计时,2023/07/27 16:31,1h6m43s,6512,154,2.5w
比亚迪官销,660206,7260389307188366139,比亚迪总部7月福利悄悄听,2023/07/27 14:59,1h12m17s,8535,228,2.9w
比亚迪官销,660206,7260344989039840055,比亚迪总部7月福利悄悄听,2023/07/27 12:07,0h52m30s,8354,363,1.3w
比亚迪官销,660206,7260329320185449274,比亚迪总部7月优惠倒计时,2023/07/27 11:06,0h51m5s,5790,158,2.0w
比亚迪官销,660206,7260310633336326968,比亚迪总部7月优惠倒计时,2023/07/27 09:54,1h8m47s,6831,243,2.2w
比亚迪官销,660206,7260079326513613568,比亚迪总部7月优惠倒计时,2023/07/26 18:56,1h3m41s,6216,118,1.3w
比亚迪官销,660206,7260059442052516668,比亚迪总部7月优惠倒计时,2023/07/26 17:39,1h4m11s,7381,138,1.9w
比亚迪官销,660206,7260040281330912061,比亚迪总部7月优惠倒计时,2023/07/26 16:25,1h8m45s,8805,229,1.9w
比亚迪官销,660206,7260021759766743871,比亚迪总部7月优惠倒计时,2023/07/26 15:13,1h1m25s,8343,161,1.3w
比亚迪汽车王朝,548789,7260389309734259475,青春过“足”瘾,2023/07/27 14:59,2h2m56s,1.1w,582,19.5w
比亚迪汽车王朝,548789,7260018185221573417,青春过“足”瘾,2023/07/26 14:59,2h3m26s,8640,327,15.2w
比亚迪汽车王朝,548789,7259275993783864118,青春过“足”瘾,2023/07/24 14:59,2h2m59s,5875,131,9.8w
比亚迪汽车王朝,548789,7258904911786167052,青春过“足”瘾,2023/07/23 14:59,2h3m3s,9692,449,18.7w
比亚迪汽车王朝,548789,7258533881131879179,青春过“足”瘾,2023/07/22 14:59,2h2m53s,2.4w,889,51.3w
比亚迪汽车王朝,548789,7258162923887987512,油电同价 颠覆燃油,2023/07/21 14:59,2h1m15s,1754,37,2.6w
比亚迪汽车王朝,548789,7257776363881007929,油电同价 颠覆燃油,2023/07/20 13:59,2h3m24s,1.9w,1068,35.0w
比亚迪汽车王朝,548789,7257421152732105535,油电同价 颠覆燃油,2023/07/19 15:01,2h3m43s,6385,216,12.1w
比亚迪汽车王朝,548789,7256678201152293688,油电同价 颠覆燃油,2023/07/17 14:59,2h3m22s,9092,445,17.7w
比亚迪汽车王朝,548789,7256307042897988412,油电同价 颠覆燃油,2023/07/16 14:59,2h3m5s,9051,396,19.3w
比亚迪新乡新迪店,216150,7259944941558844212,比亚迪全新车型来了,2023/07/26 10:15,0h55m4s,1.0w,160,8491
比亚迪新乡新迪店,216150,7259647678211001123,比亚迪全新车型来了,2023/07/25 15:01,1h1m31s,1.1w,444,1.7w
比亚迪新乡新迪店,216150,7259583762919426831,比亚迪全新车型来了,2023/07/25 10:54,0h30m55s,6891,189,2061
比亚迪新乡新迪店,216150,7259574045467740962,比亚迪全新车型来了,2023/07/25 10:15,0h37m49s,8276,384,1.1w
比亚迪新乡新迪店,216150,7259279518437755683,比亚迪全新车型来了,2023/07/24 15:12,1h14m29s,1.0w,223,7050
比亚迪新乡新迪店,216150,7259199672076602147,比亚迪全新车型来了,2023/07/24 10:03,0h51m36s,7698,140,6646
比亚迪新乡新迪店,216150,7258906431873157903,比亚迪全新车型来了,2023/07/23 15:04,1h2m20s,1.5w,443,2.2w
比亚迪新乡新迪店,216150,7258829931505355560,新人新皮肤,2023/07/23 10:08,1h4m22s,2.2w,715,2.4w
比亚迪新乡新迪店,216150,7258581476147464995,新人新皮肤,2023/07/22 18:04,1h6m29s,7146,132,4295
比亚迪新乡新迪店,216150,7258460107405560611,新人新皮肤,2023/07/22 10:13,1h2m56s,1.1w,154,9667
比亚迪海洋（北京车豪4S店）,179743,7260419260831370039,#聚光同行共驭新程,2023/07/27 16:55,1h2m14s,117,3,0
比亚迪海洋（北京车豪4S店）,179743,7260381387193142072,#聚光同行共驭新程,2023/07/27 14:28,1h5m1s,151,1,6
比亚迪海洋（北京车豪4S店）,179743,7260041163514727223,#聚光同行共驭新程,2023/07/26 16:28,1h3m14s,46,1,0
比亚迪海洋（北京车豪4S店）,179743,7260002946195278649,#聚光同行共驭新程,2023/07/26 14:00,1h2m44s,78,2,84
比亚迪海洋（北京车豪4S店）,179743,7258549189603265336,#聚光同行共驭新程,2023/07/22 15:58,1h4m49s,104,4,0
比亚迪海洋（北京车豪4S店）,179743,7258473879415311164,#聚光同行共驭新程,2023/07/22 11:06,1h1m54s,68,2,1116
比亚迪海洋（北京车豪4S店）,179743,7258101328931457852,#聚光同行共驭新程,2023/07/21 11:00,1h3m13s,58,1,0
比亚迪海洋（北京车豪4S店）,179743,7257790027076324157,#聚光同行共驭新程,2023/07/20 14:52,1h11m27s,63,1,36
比亚迪海洋（北京车豪4S店）,179743,7257719565638323003,#聚光同行共驭新程,2023/07/20 10:19,1h3m48s,53,1,2798
比亚迪海洋（北京车豪4S店）,179743,7257427290575964986,#聚光同行共驭新程,2023/07/19 15:25,1h1m26s,55,2,0
比亚迪汽车海洋网（北京润捷4S店）,178938,7260390428812331833,#夏日惊喜，豹款有礼,2023/07/27 15:03,1h6m38s,51,1,71
比亚迪汽车海洋网（北京润捷4S店）,178938,7260373417243790136,#夏日惊喜，豹款有礼,2023/07/27 13:57,0h56m54s,51,2,44
比亚迪汽车海洋网（北京润捷4S店）,178938,7260319637445921594,#夏日惊喜，豹款有礼,2023/07/27 10:29,1h3m58s,65,2,75
比亚迪汽车海洋网（北京润捷4S店）,178938,7260298784364579643,#夏日惊喜，豹款有礼,2023/07/27 09:08,1h5m44s,96,6,0
比亚迪汽车海洋网（北京润捷4S店）,178938,7260297823109876539,#聚光同行共驭新程,2023/07/27 09:04,0h1m5s,1,0,0
比亚迪汽车海洋网（北京润捷4S店）,178938,7260036524593416997,#聚光同行共驭新程,2023/07/26 16:10,1h2m33s,77,2,128
比亚迪汽车海洋网（北京润捷4S店）,178938,7259661368649845541,#聚光同行共驭新程,2023/07/25 15:54,1h7m43s,104,3,208
比亚迪汽车海洋网（北京润捷4S店）,178938,7259635787451370277,#聚光同行共驭新程,2023/07/25 14:15,0h20m10s,23,1,1
比亚迪汽车海洋网（北京润捷4S店）,178938,7259618201468668729,#聚光同行共驭新程,2023/07/25 13:07,1h7m22s,78,4,115
比亚迪汽车海洋网（北京润捷4S店）,178938,7259576167215221565,#聚光同行共驭新程,2023/07/25 10:24,1h4m52s,105,1,252
信阳锐达比亚迪,142143,7260391807614323467,比亚迪上新款了,2023/07/27 15:09,1h1m0s,72,3,0
信阳锐达比亚迪,142143,7259647133228288779,比亚迪上新款了,2023/07/25 14:59,1h1m51s,81,1,17
信阳锐达比亚迪,142143,7258904576459885353,比亚迪上新款了,2023/07/23 14:57,1h7m15s,154,2,0
信阳锐达比亚迪,142143,7257792889451531019,比亚迪上新款了,2023/07/20 15:03,1h26m25s,135,2,1
信阳锐达比亚迪,142143,7257351074351172406,比亚迪上新款了,2023/07/19 10:30,1h10m51s,137,4,21
信阳锐达比亚迪,142143,7257050303130782475,比亚迪上新款了,2023/07/18 15:02,1h34m11s,183,2,160
信阳锐达比亚迪,142143,7256681365276543785,比亚迪上新款了,2023/07/17 15:11,1h21m11s,154,2,26
信阳锐达比亚迪,142143,7256307106324318987,比亚迪上新款了,2023/07/16 14:59,1h22m32s,193,3,4
信阳锐达比亚迪,142143,7255573269717814052,比亚迪上新款了,2023/07/14 15:31,1h1m14s,102,3,1
信阳锐达比亚迪,142143,7255194279428033316,比亚迪上新款了,2023/07/13 15:00,1h37m48s,161,1,0
比亚迪海洋(成都新茂元大冉总）,137895,7260321136729262889,成都新款宋搞福利啦,2023/07/27 10:35,1h3m49s,4198,180,2.7w
比亚迪海洋(成都新茂元大冉总）,137895,7260284036935863081,成都新款宋搞福利啦,2023/07/27 08:11,0h54m38s,5597,231,2.1w
比亚迪海洋(成都新茂元大冉总）,137895,7259949054933715775,成都新款宋搞福利啦,2023/07/26 10:31,0h14m11s,700,44,1828
比亚迪海洋(成都新茂元大冉总）,137895,7259912985290853181,成都新款宋搞福利啦,2023/07/26 08:11,0h47m37s,3483,105,2.1w
比亚迪海洋(成都新茂元大冉总）,137895,7259586607169440523,成都新款宋搞福利啦,2023/07/25 11:05,0h7m50s,236,26,747
比亚迪海洋(成都新茂元大冉总）,137895,7259578331987774244,成都新款宋搞福利啦,2023/07/25 10:32,0h26m51s,1617,109,8506
比亚迪海洋(成都新茂元大冉总）,137895,7259542147311897385,成都新款宋搞福利啦,2023/07/25 08:12,0h46m38s,3496,113,1.3w
比亚迪海洋(成都新茂元大冉总）,137895,7259206906118474535,成都新款宋搞福利啦,2023/07/24 10:31,0h47m1s,2881,96,8315
比亚迪海洋(成都新茂元大冉总）,137895,7259171100007926564,成都新款宋搞福利啦,2023/07/24 08:13,0h43m9s,3733,122,2.0w
比亚迪海洋(成都新茂元大冉总）,137895,7258465000371817235,成都新款宋搞福利啦,2023/07/22 10:32,0h38m49s,2699,119,9289
比亚迪海洋（安徽鑫盛达迪4S店）,134990,7259657160429210405,#夏日惊喜豹款有礼,2023/07/25 15:38,0h37m24s,1.7w,582,2502
比亚迪海洋（安徽鑫盛达迪4S店）,134990,7259254756275243830,#夏日惊喜豹款有礼,2023/07/24 13:37,0h8m34s,9515,1487,1269
比亚迪海洋（安徽鑫盛达迪4S店）,134990,7258162618525879076,#夏日惊喜豹款有礼,2023/07/21 14:58,1h1m22s,3.1w,845,6644
比亚迪海洋（安徽鑫盛达迪4S店）,134990,7257772190421060388,#夏日惊喜豹款有礼,2023/07/20 13:44,0h22m30s,3.9w,2711,5389
比亚迪海洋（安徽鑫盛达迪4S店）,134990,7257726829736233791,#夏日惊喜豹款有礼,2023/07/20 10:47,1h2m22s,6.9w,1896,4440
比亚迪海洋（安徽鑫盛达迪4S店）,134990,7257399382587214628,#夏日惊喜豹款有礼,2023/07/19 13:37,1h2m28s,5.2w,1410,6746
比亚迪海洋（安徽鑫盛达迪4S店）,134990,7257355302448696118,#夏日惊喜豹款有礼,2023/07/19 10:46,1h1m53s,4.8w,1439,3637
比亚迪海洋（安徽鑫盛达迪4S店）,134990,7257030540648532755,#夏日惊喜豹款有礼,2023/07/18 13:46,1h2m11s,9.0w,2587,8079
比亚迪海洋（安徽鑫盛达迪4S店）,134990,7256983896963795775,#夏日惊喜豹款有礼,2023/07/18 10:45,1h1m47s,4.7w,1379,5410
比亚迪海洋（安徽鑫盛达迪4S店）,134990,7256315683506932519,#夏日惊喜豹款有礼,2023/07/16 15:32,1h2m43s,8.5w,2174,6819
比亚迪汽车王朝网(安徽翔迪4S店),127658,7260387131078724410,依依喊你看车咯,2023/07/27 14:50,1h12m26s,1547,19,8024
比亚迪汽车王朝网(安徽翔迪4S店),127658,7260297003802970938,依依喊你看车咯,2023/07/27 09:01,1h8m35s,1941,22,5287
比亚迪汽车王朝网(安徽翔迪4S店),127658,7260018702166969144,依依喊你看车咯,2023/07/26 15:01,1h4m41s,991,16,6833
比亚迪汽车王朝网(安徽翔迪4S店),127658,7259927989901675319,依依喊你看车咯,2023/07/26 09:09,1h2m29s,1163,13,821
比亚迪汽车王朝网(安徽翔迪4S店),127658,7259648040036780837,依依喊你看车咯,2023/07/25 15:02,1h3m13s,1144,22,5688
比亚迪汽车王朝网(安徽翔迪4S店),127658,7259554488816519992,依依喊你看车咯,2023/07/25 08:59,1h8m8s,1421,18,1966
比亚迪汽车王朝网(安徽翔迪4S店),127658,7259280789698202424,依依喊你看车咯,2023/07/24 15:17,1h2m25s,948,15,7162
比亚迪汽车王朝网(安徽翔迪4S店),127658,7259186164689603384,依依喊你看车咯,2023/07/24 09:10,1h1m27s,1571,22,4346
比亚迪汽车王朝网(安徽翔迪4S店),127658,7258903566037830455,依依喊你看车咯,2023/07/23 14:54,1h9m27s,1319,17,7647
比亚迪汽车王朝网(安徽翔迪4S店),127658,7258813420875221797,依依喊你看车咯,2023/07/23 09:04,1h4m11s,1628,21,5460
比亚迪王朝网周口弘胜4S店,125939,7260407538041260855,比亚迪王朝网周口弘胜4S店正在直播,2023/07/27 16:10,1h9m56s,3.1w,1540,2.7w
比亚迪王朝网周口弘胜4S店,125939,7260314651928333117,比亚迪王朝网周口弘胜4S店正在直播,2023/07/27 10:09,0h33m45s,2.1w,2521,1.5w
比亚迪王朝网周口弘胜4S店,125939,7259665535762205501,比亚迪王朝网周口弘胜4S店正在直播,2023/07/25 16:10,1h9m21s,2.7w,1592,3.0w
比亚迪王朝网周口弘胜4S店,125939,7259569728346278693,比亚迪王朝网周口弘胜4S店正在直播,2023/07/25 09:59,1h10m10s,1.6w,1088,1.7w
比亚迪王朝网周口弘胜4S店,125939,7259294319259978554,比亚迪王朝网周口弘胜4S店正在直播,2023/07/24 16:10,1h10m6s,1.7w,879,1.6w
比亚迪王朝网周口弘胜4S店,125939,7259198820418898725,比亚迪王朝网周口弘胜4S店正在直播,2023/07/24 09:59,1h11m39s,2.9w,1902,1.9w
比亚迪王朝网周口弘胜4S店,125939,7258828084441287479,比亚迪王朝网周口弘胜4S店正在直播,2023/07/23 10:00,1h9m39s,3.1w,2027,3.8w
比亚迪王朝网周口弘胜4S店,125939,7258552187083590457,比亚迪王朝网周口弘胜4S店正在直播,2023/07/22 16:10,1h9m51s,2.6w,1559,2.3w
比亚迪王朝网周口弘胜4S店,125939,7258456854156577573,比亚迪王朝网周口弘胜4S店正在直播,2023/07/22 10:00,1h10m16s,3.5w,2374,4.7w
比亚迪王朝网周口弘胜4S店,125939,7258085786052987706,比亚迪王朝网周口弘胜4S店正在直播,2023/07/21 10:00,1h10m3s,2.6w,1947,2.2w
比亚迪海洋（宿州金万尚4S店）,123086,7260335506838276901,#聚光同行共驭新程,2023/07/27 11:30,1h1m30s,1.9w,238,2259
比亚迪海洋（宿州金万尚4S店）,123086,7260308268029922048,#聚光同行共驭新程,2023/07/27 09:45,1h1m56s,2.4w,1696,5274
比亚迪海洋（宿州金万尚4S店）,123086,7259939865041718075,#聚光同行共驭新程,2023/07/26 09:55,1h2m2s,3.2w,1434,1.5w
比亚迪海洋（宿州金万尚4S店）,123086,7259571131794115383,#聚光同行共驭新程,2023/07/25 10:04,1h2m11s,3515,35,46
比亚迪海洋（宿州金万尚4S店）,123086,7259279174001527607,#聚光同行共驭新程,2023/07/24 15:11,1h1m44s,2.3w,198,6197
比亚迪海洋（宿州金万尚4S店）,123086,7259195265284868901,#聚光同行共驭新程,2023/07/24 09:46,1h2m5s,3.6w,1351,1.4w
比亚迪海洋（宿州金万尚4S店）,123086,7258915368633355069,#聚光同行共驭新程,2023/07/23 15:40,1h2m56s,1.9w,209,6111
比亚迪海洋（宿州金万尚4S店）,123086,7258823152514435880,#聚光同行共驭新程,2023/07/23 09:42,1h1m51s,2.4w,203,6342
比亚迪海洋（宿州金万尚4S店）,123086,7258583378830625551,#聚光同行共驭新程,2023/07/22 18:11,1h1m36s,2476,25,111
比亚迪海洋（宿州金万尚4S店）,123086,7256977006078823205,#聚光同行共驭新程,2023/07/18 10:20,0h8m23s,5960,1004,1784
比亚迪徐州蔚蓝王朝店,109161,7260279052160764707,有优惠了你听说了吗！,2023/07/27 07:52,1h30m1s,1.3w,147,4.5w
比亚迪徐州蔚蓝王朝店,109161,7259907638912224000,有优惠了你听说了吗！,2023/07/26 07:51,1h47m45s,1.7w,198,6.6w
比亚迪徐州蔚蓝王朝店,109161,7259536685032033059,有优惠了你听说了吗！,2023/07/25 07:51,1h47m45s,1.9w,178,6.4w
比亚迪徐州蔚蓝王朝店,109161,7259165333557234472,有优惠了你听说了吗！,2023/07/24 07:51,1h54m6s,2.3w,375,8.1w
比亚迪徐州蔚蓝王朝店,109161,7258794608556002088,有优惠了你听说了吗！,2023/07/23 07:52,1h45m27s,2.1w,195,8.5w
比亚迪徐州蔚蓝王朝店,109161,7258423207382862644,有优惠了你听说了吗！,2023/07/22 07:51,1h46m10s,2.4w,472,7.3w
比亚迪徐州蔚蓝王朝店,109161,7257309732497640207,有优惠了你听说了吗！,2023/07/19 07:51,1h46m52s,2.4w,301,6.5w
比亚迪徐州蔚蓝王朝店,109161,7256938828571691776,有优惠了你听说了吗！,2023/07/18 07:52,1h46m33s,1.8w,185,6.2w
比亚迪徐州蔚蓝王朝店,109161,7256567446604139299,有优惠了你听说了吗！,2023/07/17 07:52,1h55m12s,2.3w,199,6.3w
比亚迪徐州蔚蓝王朝店,109161,7256196311408593698,有优惠了你听说了吗！,2023/07/16 07:52,1h49m41s,2.5w,206,7.0w
比亚迪海洋（河南裕缘4S店）,107520,7259670560219712314,#聚光同行共驭新程,2023/07/25 16:30,1h0m41s,53,3,467
比亚迪海洋（河南裕缘4S店）,107520,7259632072216824636,#聚光同行共驭新程,2023/07/25 14:00,1h33m1s,141,5,703
比亚迪海洋（河南裕缘4S店）,107520,7259570255408270138,#聚光同行共驭新程,2023/07/25 10:00,1h34m0s,85,4,1109
比亚迪海洋（河南裕缘4S店）,107520,7259299858706615098,#聚光同行共驭新程,2023/07/24 16:31,1h0m47s,90,4,243
比亚迪海洋（河南裕缘4S店）,107520,7259261123265268541,#聚光同行共驭新程,2023/07/24 14:01,1h32m3s,132,6,385
比亚迪海洋（河南裕缘4S店）,107520,7259199115886725945,#聚光同行共驭新程,2023/07/24 10:00,1h30m56s,123,7,1112
比亚迪海洋（河南裕缘4S店）,107520,7258928265950350139,#聚光同行共驭新程,2023/07/23 16:29,1h0m45s,113,5,613
比亚迪海洋（河南裕缘4S店）,107520,7258889640030128951,#聚光同行共驭新程,2023/07/23 13:59,1h32m18s,168,4,831
比亚迪海洋（河南裕缘4S店）,107520,7258827832225237815,#聚光同行共驭新程,2023/07/23 09:59,1h31m11s,143,8,1831
比亚迪海洋（河南裕缘4S店）,107520,7258563428355279671,#聚光同行共驭新程,2023/07/22 16:54,1h0m33s,107,2,379
比亚迪汽车王朝网（临沂东和4S店）,106160,7260406089768897339,遇见比亚迪,2023/07/27 16:04,0h58m14s,9.2w,3005,1.4w
比亚迪汽车王朝网（临沂东和4S店）,106160,7260324704387468087,遇见比亚迪,2023/07/27 10:49,1h1m39s,10.4w,2822,1.3w
比亚迪汽车王朝网（临沂东和4S店）,106160,7259677316786277178,遇见比亚迪,2023/07/25 16:56,1h4m26s,4.0w,998,1.2w
比亚迪汽车王朝网（临沂东和4S店）,106160,7259302947484486457,遇见比亚迪,2023/07/24 16:44,0h41m5s,2.2w,716,5150
比亚迪汽车王朝网（临沂东和4S店）,106160,7259216734777805624,遇见比亚迪,2023/07/24 11:09,1h10m56s,2.5w,499,5.4w
比亚迪汽车王朝网（临沂东和4S店）,106160,7258197324533369658,遇见比亚迪,2023/07/21 17:13,0h27m54s,1.2w,477,2077
比亚迪汽车王朝网（临沂东和4S店）,106160,7257448319381785381,遇见比亚迪,2023/07/19 16:46,1h5m54s,3.4w,692,6543
比亚迪汽车王朝网（临沂东和4S店）,106160,7257072056569826085,遇见比亚迪,2023/07/18 16:26,1h6m43s,4.6w,1194,9227
比亚迪汽车王朝网（临沂东和4S店）,106160,7256996461357878073,遇见比亚迪,2023/07/18 11:33,1h2m7s,5.4w,1293,1.3w
比亚迪汽车王朝网（临沂东和4S店）,106160,7256608503526230839,遇见比亚迪,2023/07/17 10:29,1h1m2s,3.1w,883,6839
TESLA特斯拉,1600541,7259701887165827897,停留5分钟，路上用车更安心！,2023/07/25 18:31,1h1m34s,1.3w,623,6.4w
TESLA特斯拉,1600541,7257103800526261044,夏季用车指南，抽送帆布包,2023/07/18 18:30,1h2m39s,1.8w,613,10.9w
TESLA特斯拉,1600541,7254506023665290022,空调使用教学，抽送帆布包,2023/07/11 18:29,1h1m3s,1.5w,602,7.3w
TESLA特斯拉,1600541,7252200498030332727,特斯拉极佳直播间—充电和能耗,2023/07/05 13:22,0h4m24s,1,0,0
TESLA特斯拉,1600541,7251908898750253862,特斯拉极佳直播间—充电和能耗,2023/07/04 18:30,1h0m57s,1.2w,441,4.2w
TESLA特斯拉,1600541,7249311342249691960,特斯拉极佳直播间—高温巧用空调,2023/06/27 18:30,1h6m15s,1.0w,423,6.9w
TESLA特斯拉,1600541,7246713581004213050,特斯拉极佳直播间—新车主用车：账户和车辆使用,2023/06/20 18:30,1h1m21s,1.1w,480,6.4w
TESLA特斯拉,1600541,7244116245098974007,特斯拉极佳直播间,2023/06/13 18:31,1h3m7s,9978,216,4.3w
TESLA特斯拉,1600541,7244085191914867517,直击特斯拉碳博会现场,2023/06/13 16:30,1h4m27s,8539,174,1.2w
TESLA特斯拉,1600541,7242658976066767653,特斯拉城市野游派,2023/06/09 20:16,1h4m14s,9057,160,3.8w
程序员聊特斯拉,567033,7260389241035787027,电小王改色膜活动价最后4天！,2023/07/27 14:59,2h25m20s,1.1w,90,279
程序员聊特斯拉,567033,7260328090604276491,电小王改色膜活动价最后4天！,2023/07/27 11:02,2h3m29s,1.5w,122,240
程序员聊特斯拉,567033,7260118660411378443,程序员回归,2023/07/26 21:28,2h17m1s,1.0w,89,1283
程序员聊特斯拉,567033,7260102820324543268,程序员回归,2023/07/26 20:27,0h41m49s,2029,51,4507
程序员聊特斯拉,567033,7260097736609991465,程序员回归,2023/07/26 20:07,0h6m10s,217,4,28
程序员聊特斯拉,567033,7260018540978178835,电小王改色膜/全国包安装/颜色不加价,2023/07/26 15:00,3h53m17s,1.6w,103,958
程序员聊特斯拉,567033,7259955544893492022,电小王改色膜/全国包安装/颜色不加价,2023/07/26 10:56,2h6m12s,9893,106,201
程序员聊特斯拉,567033,7259739810615773964,电小王改色膜/全国包安装/颜色不加价,2023/07/25 20:58,2h33m0s,7635,54,335
程序员聊特斯拉,567033,7259701750947433255,电小王改色膜/全国包安装/颜色不加价,2023/07/25 18:31,0h24m22s,456,13,0
程序员聊特斯拉,567033,7259647561336687396,电小王改色膜/全国包安装/颜色不加价,2023/07/25 15:00,0h54m33s,1012,24,1228
特斯拉深圳体验中心,159640,7260348601673665335,特斯拉购车福利！置换看过来,2023/07/27 12:21,1h5m48s,765,15,413
特斯拉深圳体验中心,159640,7260068676987145014,特斯拉购车福利！置换看过来,2023/07/26 18:15,1h0m46s,521,9,997
特斯拉深圳体验中心,159640,7260030257665690427,特斯拉购车福利！,2023/07/26 15:46,1h4m7s,391,9,157
特斯拉深圳体验中心,159640,7259748211395496764,特斯拉深圳体验中心正在直播,2023/07/25 21:31,1h6m52s,804,15,4740
特斯拉深圳体验中心,159640,7259677657596889871,置换福利➕12小时长试驾！,2023/07/25 16:58,1h4m13s,502,13,2201
特斯拉深圳体验中心,159640,7259337900544805690,置换福利➕12小时长试驾！,2023/07/24 18:59,1h1m32s,526,11,3862
特斯拉深圳体验中心,159640,7258984860117715731,置换福利➕12小时长试驾！,2023/07/23 20:09,2h18m9s,1579,17,4704
特斯拉深圳体验中心,159640,7258965908478085923,置换福利➕12小时长试驾！,2023/07/23 18:56,1h4m59s,818,19,1596
特斯拉深圳体验中心,159640,7258885178385320762,置换福利➕12小时长试驾！,2023/07/23 13:42,1h2m48s,785,14,3523
特斯拉深圳体验中心,159640,7258843656299924258,置换福利➕12小时长试驾！,2023/07/23 11:01,1h1m52s,1053,23,596
特斯拉客户支持,131547,7259979721780316965,停留5分钟，路上用车更安心!,2023/07/26 12:30,1h6m46s,6744,161,6.2w
特斯拉客户支持,131547,7258225004991040293,电池保养专场，边看边抽玩具小汽车啦！,2023/07/21 19:00,2h0m53s,7728,163,22.1w
特斯拉客户支持,131547,7258188190559849253,,2023/07/21 16:37,0h52m12s,1,2,
特斯拉客户支持,131547,7258179269279779621,,2023/07/21 16:03,0h31m16s,1,2,
特斯拉客户支持,131547,7257382413926533946,车主连麦~夏季问题全解答,2023/07/19 12:31,1h0m17s,4468,155,5.6w
特斯拉客户支持,131547,7255646579351423781,车主连麦~夏季问题全解答,2023/07/14 20:15,0h46m59s,3370,182,4.8w
特斯拉客户支持,131547,7255628474902219576,车主连麦~夏季问题全解答,2023/07/14 19:05,0h53m0s,6228,364,6.3w
特斯拉客户支持,131547,7254784829269527352,里程能耗问题大全，来直播间赢好礼,2023/07/12 12:31,0h58m37s,4363,181,7.0w
特斯拉客户支持,131547,7252187264841812775,高温如用车如何使用空调更节能,2023/07/05 12:31,0h59m24s,7412,410,6.7w
特斯拉客户支持,131547,7252151421452208900,高温如用车如何使用空调更节能,2023/07/05 10:11,0h12m52s,6,0,0
小姐姐聊特斯拉,111028,7260146616795466536,特斯拉一站式购物,2023/07/26 23:18,1h11m42s,2435,45,73
小姐姐聊特斯拉,111028,7260123433965620020,特斯拉一站式购物,2023/07/26 21:47,1h23m5s,2849,56,84
小姐姐聊特斯拉,111028,7259785578038823680,特斯拉一站式购物,2023/07/25 23:57,1h13m32s,2479,52,11
小姐姐聊特斯拉,111028,7259752627968150324,特斯拉一站式购物,2023/07/25 21:48,2h3m36s,3924,39,126
小姐姐聊特斯拉,111028,7259418674476436259,特斯拉一站式购物,2023/07/25 00:13,0h57m33s,1855,33,1
小姐姐聊特斯拉,111028,7259383954866719488,特斯拉一站式购物,2023/07/24 21:58,2h8m14s,4065,53,9
小姐姐聊特斯拉,111028,7259055352656808704,特斯拉一站式购物,2023/07/24 00:44,0h45m49s,2589,45,6
小姐姐聊特斯拉,111028,7259046793973861155,特斯拉一站式购物,2023/07/24 00:10,0h27m5s,1539,53,37
小姐姐聊特斯拉,111028,7259015621935975203,特斯拉一站式购物,2023/07/23 22:08,1h52m12s,5274,56,91
小姐姐聊特斯拉,111028,7258661767033768738,特斯拉一站式购物,2023/07/22 23:16,1h49m52s,4715,48,313
特斯拉厦门,71847,7260312407199779639,首付4.5w 月供2600,2023/07/27 10:00,1h0m55s,2107,78,1914
特斯拉厦门,71847,7260089749803764540,首付4.5w 月供2600,2023/07/26 19:36,0h56m51s,785,17,315
特斯拉厦门,71847,7260066414185220916,首付4.5w 月供2600,2023/07/26 18:06,1h7m6s,451,9,4
特斯拉厦门,71847,7260036199203490614,月供2600抽奖周边,2023/07/26 16:09,0h58m28s,325,10,3064
特斯拉厦门,71847,7260020073211890432,月供2600抽奖周边,2023/07/26 15:06,1h0m34s,450,12,1883
特斯拉厦门,71847,7260002616946527031,特斯拉购车优惠冲不冲,2023/07/26 13:58,1h0m15s,345,5,1041
特斯拉厦门,71847,7259982589438544701,特斯拉购车优惠冲不冲,2023/07/26 12:41,1h8m38s,529,8,3191
特斯拉厦门,71847,7259965313003948852,特斯拉购车优惠冲不冲,2023/07/26 11:34,1h3m1s,498,21,6385
特斯拉厦门,71847,7259948872376552226,特斯拉购车优惠冲不冲,2023/07/26 10:30,0h58m50s,385,8,5190
特斯拉厦门,71847,7259728710390106921,特斯拉购车优惠冲不冲,2023/07/25 20:15,0h59m51s,462,7,408
埃安,765930,7246303999790451516,618跟着买埃安不出错,2023/06/19 16:00,4h5m7s,1.4w,1100,19.4w
埃安,765930,7245948248928701242,618跟着买埃安不出错,2023/06/18 17:00,3h4m22s,8073,1208,4.1w
埃安,765930,7245577644983585597,618跟着买埃安不出错,2023/06/17 17:02,3h1m8s,1.3w,1361,18.2w
广汽埃安东莞石排体验中心,112248,7259979827086707497,广汽埃安7月三年零息又来了,2023/07/26 12:30,1h1m31s,1337,19,4798
广汽埃安东莞石排体验中心,112248,7259610177823935286,广汽埃安7月三年零息又来了,2023/07/25 12:36,1h9m57s,1603,16,1122
广汽埃安东莞石排体验中心,112248,7258470364571863847,广汽埃安7月三年零息又来了,2023/07/22 10:53,1h1m18s,1304,15,2348
广汽埃安东莞石排体验中心,112248,7254458786507672359,广汽埃安7月三年零息又来了,2023/07/11 15:26,1h4m19s,1813,15,1336
广汽埃安东莞石排体验中心,112248,7253002223695760139,广汽埃安7月三年零息又来了,2023/07/07 17:13,1h7m28s,1696,15,539
广汽埃安东莞石排体验中心,112248,7252243224033626919,广汽埃安7月三年零息又来了,2023/07/05 16:08,1h1m26s,1923,19,2616
广汽埃安东莞石排体验中心,112248,7251105306757925665,广汽埃安7月三年零息又来了,2023/07/02 14:32,1h1m12s,3379,45,277
广汽埃安东莞石排体验中心,112248,7250397594670844675,更有Ai的家庭SUV,2023/06/30 16:46,1h1m29s,1.5w,203,1.4w
广汽埃安东莞石排体验中心,112248,7250344789391018755,更有Ai的家庭SUV,2023/06/30 13:21,1h3m1s,3.4w,1395,1.8w
广汽埃安东莞石排体验中心,112248,7249209220816587552,更有Ai的家庭SUV,2023/06/27 11:55,1h3m2s,5.8w,2421,3.7w
广汽埃安广州海珠体验中心,102967,7260334109036186420,更有AI的家庭SUV,2023/07/27 11:25,1h1m33s,3471,103,1.9w
广汽埃安广州海珠体验中心,102967,7260313333457324840,更有AI的家庭SUV,2023/07/27 10:04,1h1m47s,4374,190,2.0w
广汽埃安广州海珠体验中心,102967,7260111018137750306,更有AI的家庭SUV,2023/07/26 20:59,1h1m10s,4037,61,2.6w
广汽埃安广州海珠体验中心,102967,7260094038106295040,更有AI的家庭SUV,2023/07/26 19:53,0h59m45s,6474,102,1.5w
广汽埃安广州海珠体验中心,102967,7260065118552116024,更有AI的家庭SUV,2023/07/26 18:00,1h2m8s,4102,81,2.2w
广汽埃安广州海珠体验中心,102967,7260043168660441916,更有AI的家庭SUV,2023/07/26 16:36,1h1m51s,4509,172,2.4w
广汽埃安广州海珠体验中心,102967,7260010651039353659,更有AI的家庭SUV,2023/07/26 14:30,1h1m4s,6354,150,1.3w
广汽埃安广州海珠体验中心,102967,7260005264294693691,更有AI的家庭SUV,2023/07/26 14:08,0h13m35s,1212,65,2944
广汽埃安广州海珠体验中心,102967,7259959310329924410,更有AI的家庭SUV,2023/07/26 11:11,1h2m43s,4151,95,2.7w
广汽埃安广州海珠体验中心,102967,7259739634907810619,更有AI的家庭SUV,2023/07/25 20:57,1h0m19s,4887,108,1.5w
广汽埃安天津体验中心（销售体验中心）,82393,7260384770879884073,埃安,2023/07/27 14:41,1h0m18s,1037,63,4305
广汽埃安天津体验中心（销售体验中心）,82393,7260296960630950697,埃安,2023/07/27 09:00,1h29m55s,948,14,3367
广汽埃安天津体验中心（销售体验中心）,82393,7260009927802964772,埃安,2023/07/26 14:27,1h0m51s,743,24,2863
广汽埃安天津体验中心（销售体验中心）,82393,7259926865215802151,埃安,2023/07/26 09:05,1h30m24s,1072,34,5525
广汽埃安天津体验中心（销售体验中心）,82393,7259637977549409035,埃安,2023/07/25 14:24,1h0m57s,809,20,2831
广汽埃安天津体验中心（销售体验中心）,82393,7259561230786939684,埃安,2023/07/25 09:26,1h30m15s,815,16,4343
广汽埃安天津体验中心（销售体验中心）,82393,7259260695005645607,埃安,2023/07/24 13:59,1h0m24s,715,16,2329
广汽埃安天津体验中心（销售体验中心）,82393,7259184601405344566,埃安,2023/07/24 09:04,1h30m18s,886,31,3422
广汽埃安天津体验中心（销售体验中心）,82393,7258896710370003751,埃安,2023/07/23 14:27,1h29m40s,1038,40,5993
广汽埃安天津体验中心（销售体验中心）,82393,7258813835098770195,埃安,2023/07/23 09:05,1h30m9s,1177,30,7342
广汽埃安武汉汉阳店,78841,7250410481041656613,#更有AI的家庭SUV,2023/06/30 17:36,0h20m14s,77,7,799
广汽埃安武汉汉阳店,78841,7250382103727082300,#更有AI的家庭SUV,2023/06/30 15:46,1h5m1s,245,11,3773
广汽埃安武汉汉阳店,78841,7250365889927990073,#更有AI的家庭SUV,2023/06/30 14:43,0h59m10s,182,8,1600
广汽埃安武汉汉阳店,78841,7249915742236298023,#更有AI的家庭SUV,2023/06/29 09:36,1h31m51s,290,9,2474
广汽埃安武汉汉阳店,78841,7249546716051606283,#更有AI的家庭SUV,2023/06/28 09:44,1h37m38s,233,7,4556
广汽埃安武汉汉阳店,78841,7249177057997458179,#更有AI的家庭SUV,2023/06/27 09:50,1h42m41s,312,10,3551
广汽埃安武汉汉阳店,78841,7246318276735732484,#618跟着买埃安不出错,2023/06/19 16:56,1h6m7s,215,6,7641
广汽埃安武汉汉阳店,78841,7246206998910389024,#618跟着买埃安不出错,2023/06/19 09:45,1h31m16s,461,13,1160
广汽埃安武汉汉阳店,78841,7245947496701233953,#618跟着买埃安不出错,2023/06/18 16:58,1h3m41s,383,10,1839
广汽埃安武汉汉阳店,78841,7245831925678525217,#618跟着买埃安不出错,2023/06/18 09:29,1h32m0s,649,12,4598
埃安广州天河体验中心,71749,7260371558663867148,市补 贴息进来免费领,2023/07/27 13:50,1h6m19s,965,23,1.3w
埃安广州天河体验中心,71749,7260317843313117971,市补 贴息进来免费领,2023/07/27 10:22,1h5m26s,882,40,1.7w
埃安广州天河体验中心,71749,7260041704722434835,市补 贴息进来免费领,2023/07/26 16:30,1h9m47s,1051,43,1.8w
埃安广州天河体验中心,71749,7259946795684416275,市补 贴息进来免费领,2023/07/26 10:22,1h11m55s,793,33,2.0w
埃安广州天河体验中心,71749,7259670345735555852,市补 贴息进来免费领,2023/07/25 16:29,1h30m50s,1242,41,2.9w
埃安广州天河体验中心,71749,7259584379083574075,市补 贴息进来免费领,2023/07/25 10:55,1h6m20s,757,37,1.8w
埃安广州天河体验中心,71749,7259291493507042111,市补 贴息进来免费领,2023/07/24 15:59,1h33m26s,993,29,1.2w
埃安广州天河体验中心,71749,7259253132973116196,市补 贴息进来免费领,2023/07/24 13:30,1h7m53s,841,52,1.9w
埃安广州天河体验中心,71749,7259210655953799999,市补 贴息进来免费领,2023/07/24 10:46,1h4m1s,778,31,1.9w
埃安广州天河体验中心,71749,7258928629472250636,市补 贴息进来免费领,2023/07/23 16:31,1h10m45s,922,41,2.6w
埃安广州白云广从体验中心,69802,7260387041089768207,24vp，yp80有现车,2023/07/27 14:50,1h59m53s,1891,37,2.2w
埃安广州白云广从体验中心,69802,7260351869539650319,24vp，yp80有现车,2023/07/27 12:34,1h30m36s,1659,48,1.7w
埃安广州白云广从体验中心,69802,7260029744872114984,24vp，yp80有现车,2023/07/26 15:44,2h4m55s,1610,36,2.8w
埃安广州白云广从体验中心,69802,7259966385961421608,24vp，yp80有现车,2023/07/26 11:38,1h30m34s,1664,53,1.0w
埃安广州白云广从体验中心,69802,7259660849128360756,24vp，yp80有现车,2023/07/25 15:52,1h44m50s,1319,29,1.7w
埃安广州白云广从体验中心,69802,7259592919236086528,24vp，yp80有现车,2023/07/25 11:29,1h31m0s,1562,44,1.5w
埃安广州白云广从体验中心,69802,7259287579189725992,24vp，yp80有现车,2023/07/24 15:44,1h48m40s,1348,31,1.6w
埃安广州白云广从体验中心,69802,7259224030144662287,24vp，yp80有现车,2023/07/24 11:37,1h30m18s,1583,55,1.2w
埃安广州白云广从体验中心,69802,7258901982188964660,24vp，yp80有现车,2023/07/23 14:48,1h33m2s,1576,52,1.7w
埃安广州白云广从体验中心,69802,7258820412153350927,24vp，yp80有现车,2023/07/23 09:31,1h30m7s,1685,61,1.4w
苏州高新区埃安体验中心,63164,7260312103641271079,更有AI的家庭SUV,2023/07/27 09:59,1h4m36s,429,17,6420
苏州高新区埃安体验中心,63164,7259941001211726604,更有AI的家庭SUV,2023/07/26 09:59,1h6m29s,162,6,4348
苏州高新区埃安体验中心,63164,7259569735526927143,更有AI的家庭SUV,2023/07/25 09:59,1h7m47s,330,13,8066
苏州高新区埃安体验中心,63164,7259198829746998057,更有AI的家庭SUV,2023/07/24 09:59,1h5m49s,352,16,6557
苏州高新区埃安体验中心,63164,7258827719633308427,更有AI的家庭SUV,2023/07/23 09:59,1h5m1s,322,15,7930
苏州高新区埃安体验中心,63164,7258456162001799948,更有AI的家庭SUV,2023/07/22 09:57,1h12m47s,343,13,5275
苏州高新区埃安体验中心,63164,7258148626684316453,更有AI的家庭SUV,2023/07/21 14:04,1h5m21s,224,3,677
苏州高新区埃安体验中心,63164,7258085923894692644,更有AI的家庭SUV,2023/07/21 10:00,1h10m20s,378,19,8102
苏州高新区埃安体验中心,63164,7257344137811282751,埃安V PLUS,2023/07/19 10:02,1h11m52s,363,10,6229
苏州高新区埃安体验中心,63164,7256972618425748287,埃安V PLUS,2023/07/18 10:00,1h13m6s,466,24,3865
广汽埃安临沂河东体验中心,57869,7260317958285708066,月底冲量价,2023/07/27 10:22,1h9m13s,345,6,2636
广汽埃安临沂河东体验中心,57869,7259948469379435316,月底冲量价,2023/07/26 10:28,0h6m27s,53,2,194
广汽埃安临沂河东体验中心,57869,7259586364507802368,月底冲量价,2023/07/25 11:04,1h3m10s,320,6,1768
广汽埃安临沂河东体验中心,57869,7259215077088185140,广汽埃安临沂河东体验中心正在直播,2023/07/24 11:03,1h4m25s,378,9,638
广汽埃安临沂河东体验中心,57869,7258827294599334691,Yplus 首富两万多,2023/07/23 09:58,1h3m40s,386,11,2015
广汽埃安临沂河东体验中心,57869,7258563735262481204,三年十万零息,2023/07/22 16:55,1h4m35s,668,14,3417
广汽埃安临沂河东体验中心,57869,7258171378979851042,三年十万零息,2023/07/21 15:32,1h6m12s,482,9,999
广汽埃安临沂河东体验中心,57869,7258078211895069474,三年十万零息,2023/07/21 09:31,1h7m29s,382,10,1735
广汽埃安临沂河东体验中心,57869,7257397816150575924,三年十万零息,2023/07/19 13:30,1h3m59s,441,6,1761
广汽埃安临沂河东体验中心,57869,7257065369498700584,三年十万零息,2023/07/18 16:00,1h1m40s,459,11,935
广汽埃安临沂广聚(沂州路店),56804,7260246858960816937,3年10万0息,2023/07/27 05:50,1h4m3s,967,48,8283
广汽埃安临沂广聚(沂州路店),56804,7260032913327000332,3年10万0息,2023/07/26 15:56,1h4m4s,524,21,4098
广汽埃安临沂广聚(沂州路店),56804,7259872838939593511,3年10万0息,2023/07/26 05:38,1h3m31s,862,24,7275
广汽埃安临沂广聚(沂州路店),56804,7259509098780035903,3年10万0息,2023/07/25 06:05,1h6m40s,819,34,1.0w
广汽埃安临沂广聚(沂州路店),56804,7258965832640809747,3年10万0息,2023/07/23 18:55,1h5m44s,521,24,7481
广汽埃安临沂广聚(沂州路店),56804,7258764915165432595,Vp 上市品鉴会,2023/07/23 05:58,1h6m56s,868,35,4870
广汽埃安临沂广聚(沂州路店),56804,7258594956300929846,Vp 上市品鉴会,2023/07/22 18:56,1h5m55s,494,18,9122
广汽埃安临沂广聚(沂州路店),56804,7258393965135710995,3年10万0息,2023/07/22 05:58,1h2m14s,807,25,5269
广汽埃安临沂广聚(沂州路店),56804,7258224571352992549,3年10万0息,2023/07/21 18:58,1h3m56s,400,15,4847
广汽埃安临沂广聚(沂州路店),56804,7258025513044790057,3年10万0息,2023/07/21 06:08,1h3m32s,816,39,1.1w
埃安温州市中体验中心,53304,7260431584405375784,埃安放暑价,2023/07/27 17:43,直播中,1908,71,9005
埃安温州市中体验中心,53304,7259696988210842380,埃安放暑价,2023/07/25 18:13,0h37m37s,1183,60,1.2w
埃安温州市中体验中心,53304,7259293150420781876,埃安放暑价,2023/07/24 16:05,1h2m21s,2099,73,1.5w
埃安温州市中体验中心,53304,7258974302984850210,埃安放暑价,2023/07/23 19:28,1h2m23s,2147,67,1.2w
埃安温州市中体验中心,53304,7258891189720451840,埃安放暑价,2023/07/23 14:05,1h2m35s,1591,56,8822
埃安温州市中体验中心,53304,7258153013070678784,埃安放暑价,2023/07/21 14:21,0h51m24s,1365,46,1.6w
埃安温州市中体验中心,53304,7257806824102153000,埃安放暑价,2023/07/20 15:58,1h3m2s,456,28,8281
埃安温州市中体验中心,53304,7257073435820542781,埃安放暑价,2023/07/18 16:32,1h3m2s,415,23,8378
埃安温州市中体验中心,53304,7256692902041094927,埃安放暑价,2023/07/17 15:55,1h5m26s,388,24,1.7w
埃安温州市中体验中心,53304,7256329402902907648,埃安放暑价,2023/07/16 16:25,1h2m12s,449,26,1.7w
埃安广州从化体验中心,49293,7260396106874063671,yp80版本车型陆续到店,2023/07/27 15:25,1h30m24s,1416,66,1.8w
埃安广州从化体验中心,49293,7260055791533214522,yp80版本车型陆续到店,2023/07/26 17:25,1h30m54s,1512,45,2.3w
埃安广州从化体验中心,49293,7259701604146891577,yp80版本车型陆续到店,2023/07/25 18:30,1h30m53s,1382,40,1.4w
埃安广州从化体验中心,49293,7259640930175830841,yp80版本车型陆续到店,2023/07/25 14:35,0h6m28s,122,15,769
埃安广州从化体验中心,49293,7259343788567464765,yp80版本车型陆续到店,2023/07/24 19:21,1h30m10s,1167,37,1.4w
埃安广州从化体验中心,49293,7259272152237607738,yp80版本车型陆续到店,2023/07/24 14:44,1h30m42s,1500,42,1.6w
埃安广州从化体验中心,49293,7258892737859111736,yp80版本车型陆续到店,2023/07/23 14:11,1h30m13s,1774,56,1.8w
埃安广州从化体验中心,49293,7258821671790840631,yp80版本车型陆续到店,2023/07/23 09:36,1h30m48s,2028,46,2.3w
埃安广州从化体验中心,49293,7258510780230814522,yp80版本车型陆续到店,2023/07/22 13:29,1h30m25s,1679,48,1.7w
埃安广州从化体验中心,49293,7258453673863646012,yp80版本车型陆续到店,2023/07/22 09:48,1h3m31s,1376,52,1.5w
安庆埃安—英德利车城店,48768,7259953861878713143,进来看直播,2023/07/26 10:50,1h4m51s,131,1,0
安庆埃安—英德利车城店,48768,7259243297168280357,进来看直播,2023/07/24 12:52,1h2m25s,176,4,2819
安庆埃安—英德利车城店,48768,7259208435277777722,进来看直播,2023/07/24 10:37,1h5m37s,128,2,130
安庆埃安—英德利车城店,48768,7258866115458190136,进来看直播,2023/07/23 12:28,1h4m36s,215,3,15
安庆埃安—英德利车城店,48768,7257766614525954874,进来看直播,2023/07/20 13:22,1h5m38s,202,4,14
安庆埃安—英德利车城店,48768,7257381785347115832,进来看直播,2023/07/19 12:28,1h17m23s,277,5,382
安庆埃安—英德利车城店,48768,7257012462799571768,进来看直播,2023/07/18 12:35,1h4m38s,347,4,68
安庆埃安—英德利车城店,48768,7256974444659264313,进来看直播,2023/07/18 10:08,1h10m25s,256,2,57
安庆埃安—英德利车城店,48768,7256313550338018109,进来看直播,2023/07/16 15:24,1h5m25s,223,6,328
安庆埃安—英德利车城店,48768,7255907550346955575,进来看直播,2023/07/15 13:08,1h6m13s,204,4,48
埃安济宁任城体验中心,48677,7259612096697043775,更有AI的家庭SUV,2023/07/25 12:43,1h1m30s,104,4,498
埃安济宁任城体验中心,48677,7259240266519579428,更有AI的家庭SUV,2023/07/24 12:40,1h2m18s,116,4,1513
埃安济宁任城体验中心,48677,7258870649897208587,更有AI的家庭SUV,2023/07/23 12:46,1h1m37s,136,2,184
埃安济宁任城体验中心,48677,7258500038567938868,更有AI的家庭SUV,2023/07/22 12:48,1h2m46s,76,3,537
埃安济宁任城体验中心,48677,7258452987138378550,更有AI的家庭SUV,2023/07/22 09:45,1h1m13s,83,2,418
埃安济宁任城体验中心,48677,7256275793414736681,更有AI的家庭SUV,2023/07/16 12:58,1h2m5s,96,2,127
埃安济宁任城体验中心,48677,7255903907359017764,更有AI的家庭SUV,2023/07/15 12:55,1h1m59s,156,5,2244
埃安济宁任城体验中心,48677,7255529849760172836,更有AI的家庭SUV,2023/07/14 12:44,1h2m1s,107,3,897
埃安济宁任城体验中心,48677,7255162146672216873,更有AI的家庭SUV,2023/07/13 12:57,1h1m57s,128,5,1172
埃安济宁任城体验中心,48677,7254794749369338635,更有AI的家庭SUV,2023/07/12 13:10,1h2m40s,187,2,1529
广汽埃安天津中北体验中心,47988,7260397006303038247,买埃安VP只需5…展开,2023/07/27 15:29,1h32m30s,184,4,1567
广汽埃安天津中北体验中心,47988,7260358145049004858,买埃安VP只需5…展开,2023/07/27 12:58,1h31m23s,176,4,1165
广汽埃安天津中北体验中心,47988,7259245171286592268,买埃安VP只需5…展开,2023/07/24 12:59,1h31m42s,139,3,366
广汽埃安天津中北体验中心,47988,7258873990914067254,买埃安VP只需5…展开,2023/07/23 12:59,1h32m4s,204,4,1774
广汽埃安天津中北体验中心,47988,7258503863357983542,买埃安VP只需5…展开,2023/07/22 13:02,1h34m6s,287,4,858
广汽埃安天津中北体验中心,47988,7258503057449274131,新款埃安VP开走只需5…,2023/07/22 12:59,0h1m10s,4,1,0
广汽埃安天津中北体验中心,47988,7258170791219579705,埃安Y店补贴息充电桩免费送,2023/07/21 15:30,1h35m27s,170,3,1260
广汽埃安天津中北体验中心,47988,7258132007635471116,埃安Y店补贴息充电桩免费送,2023/07/21 12:59,1h30m45s,211,4,520
广汽埃安天津中北体验中心,47988,7257800250499304255,埃安Y店补贴息充电桩免费送,2023/07/20 15:32,1h32m1s,115,2,82
广汽埃安天津中北体验中心,47988,7257760488749419318,埃安Y店补贴息充电桩免费送,2023/07/20 12:58,1h37m39s,183,6,1329
广汽埃安广州第一体验中心,47620,7260431683634105123,更有AI的家庭SUV,2023/07/27 17:44,直播中,440,18,3.1w
广汽埃安广州第一体验中心,47620,7260115619331328803,更有AI的家庭SUV,2023/07/26 21:17,1h54m41s,1418,28,4.1w
广汽埃安广州第一体验中心,47620,7260059616753797928,更有AI的家庭SUV,2023/07/26 17:40,1h55m37s,859,19,5.5w
广汽埃安广州第一体验中心,47620,7259745029630003968,更有AI的家庭SUV,2023/07/25 21:19,1h51m8s,1489,24,1.3w
广汽埃安广州第一体验中心,47620,7259714759036128000,更有AI的家庭SUV,2023/07/25 19:21,1h40m12s,809,21,6.0w
广汽埃安广州第一体验中心,47620,7259683752291339023,更有AI的家庭SUV,2023/07/25 17:21,1h40m14s,741,21,3173
广汽埃安广州第一体验中心,47620,7259619972555475764,更有AI的家庭SUV,2023/07/25 13:14,1h45m49s,950,25,4.4w
广汽埃安广州第一体验中心,47620,7259373439832165155,更有AI的家庭SUV,2023/07/24 21:17,1h50m14s,1163,23,1.5w
广汽埃安广州第一体验中心,47620,7259344274804722432,更有AI的家庭SUV,2023/07/24 19:24,1h41m1s,793,16,5.6w
广汽埃安广州第一体验中心,47620,7259311947278011151,更有AI的家庭SUV,2023/07/24 17:19,1h50m46s,867,15,1.1w
广汽埃安佛山南庄体验中心,47615,7260390268149467941,#更有AI的家庭SUV,2023/07/27 15:02,1h10m11s,398,13,3343
广汽埃安佛山南庄体验中心,47615,7260312921757076285,#更有AI的家庭SUV,2023/07/27 10:02,1h30m59s,571,20,1.4w
广汽埃安佛山南庄体验中心,47615,7259941388077304635,#更有AI的家庭SUV,2023/07/26 10:00,1h30m21s,574,18,1.2w
广汽埃安佛山南庄体验中心,47615,7259639972475079461,#更有AI的家庭SUV,2023/07/25 14:31,1h31m59s,573,18,1.1w
广汽埃安佛山南庄体验中心,47615,7259570137504746298,#更有AI的家庭SUV,2023/07/25 10:00,1h32m57s,562,12,6751
广汽埃安佛山南庄体验中心,47615,7259268413741108024,#更有AI的家庭SUV,2023/07/24 14:29,1h35m37s,578,24,6918
广汽埃安佛山南庄体验中心,47615,7259199265606470461,#更有AI的家庭SUV,2023/07/24 10:01,1h38m16s,515,23,1.3w
广汽埃安佛山南庄体验中心,47615,7258457504617679674,#更有AI的家庭SUV,2023/07/22 10:03,1h31m6s,543,17,7627
广汽埃安佛山南庄体验中心,47615,7258155659970022203,#更有AI的家庭SUV,2023/07/21 14:31,1h32m25s,401,23,6294
广汽埃安佛山南庄体验中心,47615,7258086799973108538,#更有AI的家庭SUV,2023/07/21 10:04,1h33m28s,458,14,8580
广汽埃安上海普陀体验中心,47145,7260388592910912256,埃安放暑假,2023/07/27 14:56,1h15m31s,543,14,3610
广汽埃安上海普陀体验中心,47145,7260334311744408355,埃安放暑假,2023/07/27 11:26,1h3m35s,673,18,2383
广汽埃安上海普陀体验中心,47145,7260034359850306339,埃安放暑假,2023/07/26 16:01,1h8m21s,493,15,3861
广汽埃安上海普陀体验中心,47145,7259991421808118528,埃安放暑假,2023/07/26 13:15,1h9m30s,591,15,4483
广汽埃安上海普陀体验中心,47145,7259940104060537634,埃安放暑假,2023/07/26 09:56,1h3m17s,563,15,4125
广汽埃安上海普陀体验中心,47145,7256305761943751459,埃安放暑假,2023/07/16 14:54,1h3m38s,632,14,5275
广汽埃安上海普陀体验中心,47145,7256251002377046818,埃安放暑假,2023/07/16 11:22,1h8m26s,876,25,5230
广汽埃安上海普陀体验中心,47145,7255882536772045603,埃安放暑假,2023/07/15 11:32,1h5m51s,995,26,7667
广汽埃安上海普陀体验中心,47145,7255511729919036194,埃安放暑假,2023/07/14 11:33,0h59m48s,976,25,6051
广汽埃安上海普陀体验中心,47145,7254768944240823055,埃安放暑假,2023/07/12 11:30,1h5m18s,882,26,7334
小鹏汽车,2382808,7250075323918846779,小鹏G6上市发布会——智驾就该自由,2023/06/29 19:55,1h20m50s,69.7w,5.0w,113.6w
小鹏汽车,2382808,7250006930633100089,直播测试,2023/06/29 15:30,0h36m3s,3635,76,1135
小鹏汽车,2382808,7249645279632821053,直播测试,2023/06/28 16:06,0h34m58s,1052,20,94
小鹏汽车,2382808,7249619884311907129,直播测试,2023/06/28 14:28,1h20m36s,2223,23,708
小鹏汽车,2382808,7249570993402874679,直播测试,2023/06/28 11:18,1h5m57s,2416,26,456
小鹏汽车官方旗舰店,524480,7259647436518460195,小鹏G6深圳巡展来啦,2023/07/25 15:00,2h1m45s,9.8w,5137,12.2w
小鹏汽车官方旗舰店,524480,7256987272199949111,小鹏G6，现已上市,2023/07/18 11:00,2h1m13s,2.7w,214,1.7w
小鹏汽车官方旗舰店,524480,7255135164362279737,小鹏G6，现已上市,2023/07/13 11:11,2h0m8s,2.0w,975,5.1w
小鹏汽车官方旗舰店,524480,7253400865854196512,小鹏G6，现已上市,2023/07/08 19:00,3h0m33s,7.0w,1486,4.3w
小鹏汽车官方旗舰店,524480,7251916520459094788,小鹏G6，现已上市,2023/07/04 19:00,2h0m15s,3.5w,764,8.4w
小鹏汽车官方旗舰店,524480,7251545526536145703,小鹏G6，现已上市,2023/07/03 19:00,4h1m3s,11.3w,2282,12.6w
小鹏汽车官方旗舰店,524480,7250424596200196897,小鹏G6，现已上市,2023/06/30 18:30,3h0m43s,4.3w,1707,5.4w
小鹏汽车官方旗舰店,524480,7250313833301019429,小鹏G6，现已上市,2023/06/30 11:21,4h0m37s,7.8w,1319,8.9w
小鹏汽车官方旗舰店,524480,7250107833113692988,小鹏G6，现已上市,2023/06/29 22:01,3h0m33s,12.8w,1955,5.9w
小鹏汽车官方旗舰店,524480,7250059826145921844,小鹏G6，即将上市,2023/06/29 18:55,0h53m7s,11.4w,9677,14.5w
小鹏汽车张家口银座商场体验中心,210263,7260388797685254949,小鹏G6已上市快来体验！,2023/07/27 14:57,2h0m44s,778,17,1.9w
小鹏汽车张家口银座商场体验中心,210263,7260296809376009018,小鹏G6已上市快来体验！,2023/07/27 09:00,2h1m1s,1651,30,1.9w
小鹏汽车张家口银座商场体验中心,210263,7260083469170576187,小鹏G6已上市快来体验！,2023/07/26 19:12,2h1m0s,1843,31,2.0w
小鹏汽车张家口银座商场体验中心,210263,7259711739070139193,小鹏G6已上市快来体验！,2023/07/25 19:09,2h0m27s,6981,192,12.3w
小鹏汽车张家口银座商场体验中心,210263,7259648828406614840,小鹏G6已上市快来体验！,2023/07/25 15:05,2h1m25s,1605,31,2.1w
小鹏汽车张家口银座商场体验中心,210263,7259340074439985980,小鹏G6已上市快来体验！,2023/07/24 19:07,2h1m0s,1983,34,1.7w
小鹏汽车张家口银座商场体验中心,210263,7259277723359578937,小鹏G6已上市快来体验！,2023/07/24 15:05,2h0m23s,1291,25,2.1w
小鹏汽车张家口银座商场体验中心,210263,7258968902669994810,小鹏G6已上市快来体验！,2023/07/23 19:07,2h31m20s,2150,33,2.5w
小鹏汽车张家口银座商场体验中心,210263,7258905430544501562,小鹏G6已上市快来体验！,2023/07/23 15:00,2h1m22s,1613,22,2.8w
小鹏汽车张家口银座商场体验中心,210263,7258597456236038973,小鹏G6已上市快来体验！,2023/07/22 19:05,2h1m18s,1582,24,2.4w
上海永达小鹏汽车,122813,7252221589918403332,G6上市啦！,2023/07/05 14:44,2h1m30s,1414,65,8865
上海永达小鹏汽车,122813,7251900619370580747,G6上市啦！,2023/07/04 17:58,2h0m28s,8416,37,7633
上海永达小鹏汽车,122813,7251406198887795459,G6上市啦！,2023/07/03 10:00,2h4m17s,8747,30,9911
上海永达小鹏汽车,122813,7251112732466940676,G6上市啦！,2023/07/02 15:01,1h11m46s,1301,20,610
上海永达小鹏汽车,122813,7250741922225081127,G6上市啦！,2023/07/01 15:02,1h40m58s,1.5w,138,6439
上海永达小鹏汽车,122813,7250308475699956532,G6上市啦！,2023/06/30 11:00,1h57m41s,1.2w,113,2659
上海永达小鹏汽车,122813,7250105831903660834,G6明天上市啦！,2023/06/29 21:53,1h43m18s,2.1w,182,4471
上海永达小鹏汽车,122813,7249596902601771828,G6明天上市啦！,2023/06/28 12:59,1h52m9s,3.5w,1385,1.8w
上海永达小鹏汽车,122813,7249213362976885504,城市NGP试乘试驾体验,2023/06/27 12:10,1h0m59s,1893,26,1815
上海永达小鹏汽车,122813,7248509459604065064,城市NGP试乘试驾体验,2023/06/25 14:40,1h6m19s,3146,24,3197
小鹏汽车乐清南虹广场体验中心,70485,7260375186619386659,充电比加油快的电车,2023/07/27 14:04,1h30m40s,2411,45,3017
小鹏汽车乐清南虹广场体验中心,70485,7260003937187629824,充电比加油快的电车,2023/07/26 14:04,1h30m14s,5069,49,9051
小鹏汽车乐清南虹广场体验中心,70485,7259261978655361807,充电比加油快的电车,2023/07/24 14:04,1h1m24s,1006,17,1662
小鹏汽车乐清南虹广场体验中心,70485,7258890253086280500,智能辅助驾驶云体验,2023/07/23 14:02,1h33m50s,8486,97,8307
小鹏汽车乐清南虹广场体验中心,70485,7258449380162718504,智能辅助驾驶云体验,2023/07/22 09:31,1h49m22s,2910,97,3518
小鹏汽车乐清南虹广场体验中心,70485,7258151920185936675,智能辅助驾驶云体验,2023/07/21 14:17,1h36m31s,2817,49,3128
小鹏汽车乐清南虹广场体验中心,70485,7257776983357000463,智能辅助驾驶云体验,2023/07/20 14:02,1h31m27s,2410,45,5180
小鹏汽车乐清南虹广场体验中心,70485,7257410079882791714,智能辅助驾驶云体验,2023/07/19 14:18,1h30m51s,2370,50,4182
小鹏汽车乐清南虹广场体验中心,70485,7257037196975180544,智能辅助驾驶云体验,2023/07/18 14:11,1h32m5s,6226,121,2893
小鹏汽车乐清南虹广场体验中心,70485,7256650507165371170,智能辅助驾驶云体验,2023/07/17 13:11,0h59m55s,1201,37,975
小鹏汽车深圳龙城万科里体验中心,65268,7260320964068133667,最新权益 进直播间了解,2023/07/27 10:34,1h7m22s,1197,37,1951
小鹏汽车深圳龙城万科里体验中心,65268,7260096608803539764,G6深圳巡展来啦,2023/07/26 20:03,1h2m27s,1131,28,664
小鹏汽车深圳龙城万科里体验中心,65268,7259276073643363135,G6深圳巡展来啦,2023/07/24 14:59,2h1m8s,7.2w,1658,19.0w
小鹏汽车深圳龙城万科里体验中心,65268,7259229483512040226,G6深圳巡展来啦,2023/07/24 11:59,2h1m29s,6.6w,1930,30.2w
小鹏汽车深圳龙城万科里体验中心,65268,7258836845899500328,最新权益 进直播间了解,2023/07/23 10:35,1h6m37s,1066,35,1795
小鹏汽车深圳龙城万科里体验中心,65268,7258464961104579328,最新权益 进直播间了解,2023/07/22 10:32,1h4m47s,910,30,3805
小鹏汽车深圳龙城万科里体验中心,65268,7258094601838283554,最新权益 进直播间了解,2023/07/21 10:34,1h0m49s,538,13,185
小鹏汽车深圳龙城万科里体验中心,65268,7257870171870743331,最新权益 进直播间了解,2023/07/20 20:03,1h3m33s,951,24,2543
小鹏汽车深圳龙城万科里体验中心,65268,7257350965882391311,最新权益 进直播间了解,2023/07/19 10:29,1h6m43s,839,26,1566
小鹏汽车深圳龙城万科里体验中心,65268,7256384594486840104,最新权益 进直播间了解,2023/07/16 19:59,1h10m19s,2661,59,3788
蔚来,1018642,7260388165280697148,全新ES8的纯粹设计与产品思维,2023/07/27 14:55,1h8m24s,25.7w,1.4w,285.8w
蔚来,1018642,7258594739170429756,中欧权威机构双双认可|ET5安全实力深度解析,2023/07/22 18:55,2h3m58s,44.6w,1.2w,277.4w
蔚来,1018642,7257775929886378767,NIOPowerDay2023,2023/07/20 13:58,1h44m5s,49.8w,2.1w,437.7w
蔚来,1018642,7255634806866709304,深度解析全新ES8底盘为何如此强大,2023/07/14 19:29,1h14m5s,25.8w,1.9w,355.9w
蔚来,1018642,7255262957699877668,揭秘EL7（ES7）的五星安全实力,2023/07/13 19:27,1h9m49s,30.4w,2.4w,337.2w
蔚来,1018642,7254521293580077862,深度解析蔚来全新ES8产品亮点,2023/07/11 19:28,1h19m47s,32.1w,2.5w,326.1w
蔚来,1018642,7251924054272166659,全新ES6——家庭出行的「户外探索家」,2023/07/04 19:29,1h42m58s,39.9w,1.4w,228.2w
蔚来,1018642,7250431996130806568,Banyan2.0.0｜用户体验沟通会,2023/06/30 18:59,1h34m11s,23.9w,1.0w,259.1w
蔚来,1018642,7250377390596098876,ET5T为旅行加满Buff,2023/06/30 15:27,0h53m56s,16.0w,1.8w,276.1w
蔚来,1018642,7249326467522284347,透而不晒，优雅出行——EC7智能调光全景天幕,2023/06/27 19:29,1h41m8s,25.9w,2.2w,447.5w
蔚来上海,148747,7260375671812344612,ES6权益倒计时5天！,2023/07/27 14:06,1h10m42s,6558,137,7.1w
蔚来上海,148747,7260327794415094587,ET5T权益倒计时5天！,2023/07/27 11:00,0h59m57s,7148,206,7.1w
蔚来上海,148747,7260003099128777530,ES6权益倒计时6天！,2023/07/26 14:00,1h33m22s,9176,168,9.9w
蔚来上海,148747,7259957320644315960,ET5T权益倒计时6天！,2023/07/26 11:03,1h19m48s,1.1w,435,14.9w
蔚来上海,148747,7259632136184105785,ES6权益倒计时7天！,2023/07/25 14:00,1h29m15s,1.1w,175,10.5w
蔚来上海,148747,7259585891067579192,ET5T权益倒计时7天！,2023/07/25 11:01,1h30m38s,1.4w,376,16.8w
蔚来上海,148747,7258889204581649210,ET5系列型动赛道夏日开跑,2023/07/23 13:58,1h0m2s,1.2w,526,18.0w
蔚来上海,148747,7258843480032545597,ET5系列型动赛道夏日开跑,2023/07/23 11:00,0h58m25s,7295,449,15.6w
蔚来上海,148747,7258510753426705210,ET5系列型动赛道夏日开跑,2023/07/22 13:29,1h52m23s,5532,299,7.7w
蔚来上海,148747,7258147752549419831,全新ES6限时家充桩？,2023/07/21 14:00,1h8m23s,8925,364,16.0w
蔚来！,81969,7259026065033186048,醉蓝颜正在直播,2023/07/23 22:49,0h6m37s,15,2,3
蔚来！,81969,7259022739028200211,醉蓝颜正在直播,2023/07/23 22:36,0h8m48s,19,4,17
蔚来！,81969,7255008275647761189,醉蓝颜正在直播,2023/07/13 03:01,0h8m21s,30,3,90
蔚来！,81969,7255005371629325111,醉蓝颜正在直播,2023/07/13 02:51,0h9m15s,116,3,61
蔚来！,81969,7254999552770542347,醉蓝颜正在直播,2023/07/13 02:29,0h10m14s,148,5,0
蔚来！,81969,7233979693270141736,醉蓝颜正在直播,2023/05/17 10:57,0h22m11s,40,1,0
峰学蔚来武亮老师,73330,7238937529708268328,张雪峰团队讲升学,2023/05/30 19:35,2h15m22s,2.6w,2131,19.2w
峰学蔚来武亮老师,73330,7237080697391401728,张雪峰团队讲升学,2023/05/25 19:30,1h0m23s,1.5w,1552,9.4w
峰学蔚来武亮老师,73330,7236342463459887924,张雪峰团队讲升学,2023/05/23 19:45,2h13m24s,2.5w,1835,17.3w
峰学蔚来武亮老师,73330,7234484698435701556,张雪峰团队讲升学,2023/05/18 19:36,2h19m24s,2.3w,1630,23.3w
峰学蔚来武亮老师,73330,7233741151600249658,张雪峰团队讲升学,2023/05/16 19:30,0h6m35s,2599,744,2783
峰学蔚来武亮老师,73330,7231885255324781372,张雪峰团队讲升学,2023/05/11 19:28,2h38m41s,3.6w,2063,38.0w
峰学蔚来武亮老师,73330,7231153346516765500,张雪峰团队讲升学,2023/05/09 20:08,1h34m50s,2.3w,1839,8.5w
峰学蔚来武亮老师,73330,7231145514744499004,张雪峰团队讲升学,2023/05/09 19:38,0h23m13s,8853,1025,1.7w
峰学蔚来武亮老师,73330,7231143622324882236,张雪峰团队讲升学,2023/05/09 19:30,0h5m44s,2688,689,3481
峰学蔚来武亮老师,73330,7229288544651512631,张雪峰团队讲升学,2023/05/04 19:32,2h36m12s,4.1w,1864,16.0w
成都蔚来汽车,67177,7251808394116401979,开着ES7探秘林芝雪峰,2023/07/04 12:00,0h6m18s,44,2,0
成都蔚来汽车,67177,7249688902204918589,体验NOP+增强领航辅助,2023/06/28 18:56,1h28m32s,630,13,4450
成都蔚来汽车,67177,7246983725886573316,形颖不李组合 带你看车！,2023/06/21 11:59,1h2m29s,2225,221,6.5w
成都蔚来汽车,67177,7246612591710112523,考拉组合 带你看车！,2023/06/20 11:59,1h4m17s,2934,561,9.0w
成都蔚来汽车,67177,7246241940459178791,摇粒绒组合 带你看车！,2023/06/19 12:00,0h59m39s,3561,787,11.8w
成都蔚来汽车,67177,7245870574445103884,摇粒绒组合 带你看车！,2023/06/18 12:00,1h2m46s,3300,506,7.3w
成都蔚来汽车,67177,7245617880557538059,成都超哥 带你看车！,2023/06/17 19:38,1h3m36s,1.1w,651,10.3w
成都蔚来汽车,67177,7245500001051364108,摇粒绒组合 带你看车！,2023/06/17 12:01,1h9m20s,6476,538,9.5w
成都蔚来汽车,67177,7245244501252524812,成都超哥 带你看车！,2023/06/16 19:29,1h2m4s,7652,581,9.4w
成都蔚来汽车,67177,7245128548325788420,成都胡歌 带你看车！,2023/06/16 12:00,1h1m56s,6689,1197,15.7w
峰学蔚来（新高考）,67127,7255177042746936075,张雪峰老师高报团队分享答疑,2023/07/13 13:54,1h27m55s,2.4w,1011,1.2w
峰学蔚来（新高考）,67127,7237028849258121999,张雪峰老师高报团队分享答疑,2023/05/25 16:09,1h55m8s,7342,474,3.8w
峰学蔚来（新高考）,67127,7236638348209605416,张雪峰老师高报团队分享答疑,2023/05/24 14:53,1h21m43s,7522,540,2.2w
南京蔚来中心,61179,7258517372158348043,蔚来开业福利迎好礼～,2023/07/22 13:55,5h36m18s,5.0w,608,120.2w
南京蔚来中心,61179,7258222934538455871,蔚来开业福利迎好礼～,2023/07/21 18:52,1h39m3s,0,0,0
南京蔚来中心,61179,7256278651690617659,105公里NOP+实测之旅,2023/07/16 13:08,0h9m26s,2080,723,6.6w
南京蔚来中心,61179,7256272537829673789,105公里NOP+实测之旅,2023/07/16 12:45,0h13m45s,2942,766,9.7w
南京蔚来中心,61179,7256261344612289338,105公里NOP+实测之旅,2023/07/16 12:01,0h33m54s,5469,731,13.6w
南京蔚来中心,61179,7254807635910724391,进直播间抢新车三十天免费体验权,2023/07/12 13:59,1h5m53s,5198,113,5.3w
南京蔚来中心,61179,7254745771684154123,进直播间抢新车三十天免费体验权,2023/07/12 09:59,1h5m36s,6329,116,5.5w
南京蔚来中心,61179,7254405800242776864,进直播间抢新车三十天免费体验权,2023/07/11 12:00,0h39m32s,479,17,3257
南京蔚来中心,61179,7254374664502266657,进直播间抢新车三十天免费体验权,2023/07/11 09:59,0h40m1s,3997,114,5.2w
南京蔚来中心,61179,7254034649893145348,进直播间抢全新ES8三十天免费体验权,2023/07/10 12:00,0h52m7s,3170,142,4448
蔚来深圳,54533,7257446231482878778,开ET5T露营，抽新车30天使用权,2023/07/19 16:38,1h8m36s,5389,158,9.0w
蔚来深圳,54533,7257421161712192293,开ET5T露营，抽新车30天使用权,2023/07/19 15:01,1h25m10s,7442,630,10.8w
蔚来深圳,54533,7255518453489060608,新款来了，太火了,2023/07/14 11:59,1h1m2s,4176,390,12.6w
蔚来深圳,54533,7255240980286769920,抽新8三十天使用权,2023/07/13 18:01,0h59m55s,2852,166,10.5w
蔚来深圳,54533,7255146641899014946,抽新8三十天使用权,2023/07/13 11:57,1h2m49s,4530,178,12.2w
蔚来深圳,54533,7254776926995319556,抽新8三十天使用权,2023/07/12 12:00,1h0m33s,5299,693,8.0w
蔚来深圳,54533,7253300674304199459,抽新8三十天使用权,2023/07/08 12:32,0h53m26s,1.1w,1245,24.7w
蔚来深圳,54533,7252550292816841524,全新ES6,2023/07/06 11:59,1h1m6s,1.0w,848,29.6w
蔚来深圳,54533,7249237076040796928,全新ES8预订5k抵1w,2023/06/27 13:42,1h2m29s,5338,385,17.9w
蔚来深圳,54533,7248120679000722235,粤港澳车展看蔚来,2023/06/24 13:30,1h1m5s,6790,521,7.1w
海蔚来生鲜,50563,7260358231268723511,新鲜到货菲律宾野生海钓东星斑,2023/07/27 12:58,2h1m11s,2121,19,54
海蔚来生鲜,50563,7260087824706374459,新鲜到货菲律宾野生海钓东星斑,2023/07/26 19:29,1h12m7s,341,3,1
海蔚来生鲜,50563,7259979482960775994,新鲜到货菲律宾野生海钓东星斑,2023/07/26 12:29,2h0m58s,634,6,12
海蔚来生鲜,50563,7259720290849327927,新鲜到货菲律宾野生海钓东星斑,2023/07/25 19:43,1h10m18s,790,11,14
海蔚来生鲜,50563,7259616115012291386,新鲜到货菲律宾野生海钓东星斑,2023/07/25 12:59,2h0m12s,1656,13,32
海蔚来生鲜,50563,7259352937900559161,新鲜到货菲律宾野生海钓东星斑,2023/07/24 19:57,1h5m39s,5587,201,11
海蔚来生鲜,50563,7258975009551567675,新鲜到货菲律宾野生海钓东星斑,2023/07/23 19:30,1h12m26s,537,3,4
海蔚来生鲜,50563,7258881402509642552,新鲜到货菲律宾野生海钓东星斑,2023/07/23 13:28,2h5m25s,3495,63,6
海蔚来生鲜,50563,7258606268087143225,新鲜到货菲律宾野生海钓东星斑,2023/07/22 19:40,1h10m2s,466,5,13
海蔚来生鲜,50563,7258503194572032823,新鲜到货菲律宾野生海钓东星斑,2023/07/22 13:00,2h23m33s,1275,8,9
蔚来北京,48537,7260358761729067815,全新ES8限时权益倒计时,2023/07/27 13:00,1h59m56s,6707,354,15.1w
蔚来北京,48537,7259987712231475987,全新ES6限时权益倒计时,2023/07/26 13:00,1h59m16s,8414,417,20.9w
蔚来北京,48537,7259616488544389951,驾驶ET5T触达远方,2023/07/25 13:00,2h0m5s,1.6w,629,34.3w
蔚来北京,48537,7259245502741367563,全新ES6给您巨大安全感,2023/07/24 13:00,1h59m46s,2.0w,696,51.1w
蔚来北京,48537,7258132109850725161,来看马蒂斯EC7的极致碰撞,2023/07/21 13:00,2h0m57s,1.7w,851,46.8w
蔚来北京,48537,7257762278848645907,全新ES8的旗舰座椅配置,2023/07/20 13:05,1h54m25s,1.3w,1080,32.3w
蔚来北京,48537,7257421208023108404,,2023/07/19 15:01,0h2m11s,16,5,0
蔚来北京,48537,7257396011268721460,,2023/07/19 13:24,,6723,446,18.8w
蔚来北京,48537,7257391226415090484,,2023/07/19 13:05,,780,172,1.0w
蔚来北京,48537,7257034484422298409,驾趣ET5T远方就在眼前,2023/07/18 14:00,1h59m37s,1.8w,1621,46.1w
济源零跑汽车,2296,7260078601939290914,济源零跑汽车正在直播,2023/07/26 18:53,1h31m6s,293,7,4580
济源零跑汽车,2296,7259705401988418356,济源零跑汽车正在直播,2023/07/25 18:45,2h35m25s,455,6,1.2w
济源零跑汽车,2296,7259328518998248192,济源零跑汽车正在直播,2023/07/24 18:23,2h46m7s,359,4,1.1w
济源零跑汽车,2296,7258959972719987471,济源零跑汽车正在直播,2023/07/23 18:32,2h39m27s,364,5,1.4w
济源零跑汽车,2296,7258574738887363362,济源零跑汽车正在直播,2023/07/22 17:38,2h22m11s,462,8,1.3w
济源零跑汽车,2296,7257838344082639616,济源零跑汽车正在直播,2023/07/20 18:00,2h0m35s,274,4,1.3w
济源零跑汽车,2296,7256405022186081039,济源零跑汽车正在直播,2023/07/16 21:18,0h12m57s,19,1,26
济源零跑汽车,2296,7256370222433159976,济源零跑汽车正在直播,2023/07/16 19:03,1h10m46s,74,3,7999
济源零跑汽车,2296,7256000172134599459,一起进来聊新能源,2023/07/15 19:08,1h35m38s,119,4,1.4w
济源零跑汽车,2296,7255972162215922466,一起进来聊新能源,2023/07/15 17:19,0h43m3s,47,1,86
哪吒汽车,266123,7259709179256982331,总裁大揭秘,2023/07/25 18:59,1h43m51s,7440,562,9.3w
哪吒汽车,266123,7258125198589741884,天生GAMER，一起GT,2023/07/21 12:33,3h53m45s,25.9w,4969,81.3w
哪吒汽车,266123,7258124416940952378,天生GAMER，一起GT,2023/07/21 12:30,0h0m29s,4,3,0
哪吒汽车,266123,7258080495915780879,哪吒GT SHOW 燥热来,2023/07/21 09:40,2h45m42s,25.5w,6630,46.7w
哪吒汽车,266123,7257847209146796800,哪吒S2024款，更值了。,2023/07/20 18:34,0h51m46s,3.8w,2551,49.0w
哪吒汽车,266123,7257112885996997434,哪吒S 哪吒GT双星钜惠,2023/07/18 19:05,4h0m12s,5992,51,5323
哪吒汽车,266123,7256740625750461236,一起GT去“野”吧，OTA1.1.0全面升级,2023/07/17 19:00,4h1m32s,3718,56,8120
哪吒汽车,266123,7256354058760260404,一起GT去“野”吧,2023/07/16 18:00,3h56m9s,4779,75,1.0w
哪吒汽车,266123,7255936399847787298,一起GT去“野”吧,2023/07/15 15:00,8h0m50s,7386,44,1.3w
哪吒汽车,266123,7255565988173810484,一起GT去“野”吧,2023/07/14 15:03,8h0m55s,6894,57,1.2w
哪吒汽车官方旗舰店,146457,7260389614647659283,一起揭秘哪吒V,2023/07/27 15:00,2h1m12s,1045,15,6420
哪吒汽车官方旗舰店,146457,7259941431169567529,一起揭秘哪吒V,2023/07/26 10:01,2h1m12s,852,13,5660
哪吒汽车官方旗舰店,146457,7259338300576549690,一起揭秘哪吒V,2023/07/24 19:00,2h0m26s,914,16,1940
哪吒汽车官方旗舰店,146457,7259276859475888951,一起揭秘哪吒V,2023/07/24 15:02,2h9m47s,755,13,3726
哪吒汽车官方旗舰店,146457,7259199291757988620,“畊”我一起揭秘哪吒V,2023/07/24 10:01,2h0m53s,1060,40,5125
哪吒汽车官方旗舰店,146457,7258905168620194619,“畊我”一起看哪吒,2023/07/23 15:00,2h0m29s,1046,9,1103
哪吒汽车官方旗舰店,146457,7258828250665782057,“畊我”一起看哪吒,2023/07/23 10:01,2h1m0s,1348,20,1.0w
哪吒汽车官方旗舰店,146457,7258595408384183080,“畊我”一起看哪吒,2023/07/22 18:58,2h10m31s,1477,30,7201
哪吒汽车官方旗舰店,146457,7258534076146125580,哪吒v,2023/07/22 15:00,2h1m56s,1007,16,1556
哪吒汽车官方旗舰店,146457,7258457085774433087,哪吒v,2023/07/22 10:01,2h2m6s,1013,16,1.1w
哪吒汽车南阳美极店,109203,7227330343253150479,新人主播第一天……,2023/04/29 12:53,1h33m27s,3877,33,5246
哪吒汽车川渝大区,63142,7260381542013389604,哪吒汽车川渝大区正在直播,2023/07/27 14:29,1h30m47s,8596,433,12.3w
哪吒汽车川渝大区,63142,7259709310362520335,哪吒汽车川渝大区正在直播,2023/07/25 19:00,1h30m10s,1.2w,538,12.4w
哪吒汽车川渝大区,63142,7259639417026235136,哪吒汽车川渝大区正在直播,2023/07/25 14:29,1h31m33s,1.1w,552,13.1w
哪吒汽车川渝大区,63142,7258532433983703860,哪吒汽车川渝大区正在直播,2023/07/22 14:53,1h12m21s,7911,335,7.3w
哪吒汽车川渝大区,63142,7258531637267335991,哪吒汽车川渝大区正在直播,2023/07/22 14:50,0h0m55s,7,5,66
哪吒汽车川渝大区,63142,7258526180444539648,哪吒汽车优惠大到不敢想,2023/07/22 14:29,0h17m30s,1019,103,6169
哪吒汽车川渝大区,63142,7257785489049094931,哪吒汽车优惠大到不敢想,2023/07/20 14:35,1h33m13s,1.1w,311,10.5w
哪吒汽车川渝大区,63142,7257112866304690979,哪吒汽车优惠大到不敢想,2023/07/18 19:05,1h33m6s,1.4w,688,17.3w
哪吒汽车川渝大区,63142,7257111616016091956,限时抢8000补贴,2023/07/18 19:00,0h3m11s,6,0,0
哪吒汽车川渝大区,63142,7255928147286231843,限时抢8000补贴,2023/07/15 14:28,1h31m36s,1.3w,480,16.0w
哪吒汽车河南大区,63019,7260433238932376372,V401 23年新车6XX,2023/07/27 17:50,1h1m0s,346,13,1581
哪吒汽车河南大区,63019,7260381763183102760,V401 23年新车6XX,2023/07/27 14:30,0h55m23s,376,13,726
哪吒汽车河南大区,63019,7260018929422764800,V401 23年新车6XX,2023/07/26 15:02,1h4m13s,378,12,4832
哪吒汽车河南大区,63019,7259691082282191656,V401 23年新车6XX,2023/07/25 17:50,0h56m20s,343,15,1365
哪吒汽车河南大区,63019,7259641261450169128,V401 23年新车6XX,2023/07/25 14:36,0h55m55s,308,11,1636
哪吒汽车河南大区,63019,7258961428286114600,2024新版哪吒s,2023/07/23 18:38,0h22m14s,115,5,1562
哪吒汽车河南大区,63019,7258856227160001320,401新车23年新车6XX,2023/07/23 11:50,1h1m6s,1048,21,588
哪吒汽车河南大区,63019,7258562365518613283,401新车23年新车6XX,2023/07/22 16:50,0h47m41s,363,12,1588
哪吒汽车河南大区,63019,7258484971378182946,401新车23年新车6XX,2023/07/22 11:50,1h0m55s,432,10,1381
哪吒汽车河南大区,63019,7258113864569506594,401新车23年新车6XX,2023/07/21 11:50,0h59m20s,424,12,1432
哪吒汽车郑州御电店,40034,7260429818399460131,哪吒V限时宠粉价,2023/07/27 17:36,1h2m38s,205,7,1185
哪吒汽车郑州御电店,40034,7260334398799956770,哪吒V限时宠粉价,2023/07/27 11:26,1h6m42s,381,6,241
哪吒汽车郑州御电店,40034,7260057193020541711,大空间高续航哪吒v,2023/07/26 17:30,1h6m17s,315,8,2422
哪吒汽车郑州御电店,40034,7259962240911166208,大空间高续航哪吒v,2023/07/26 11:22,1h5m4s,450,6,1897
哪吒汽车郑州御电店,40034,7259686053187603215,大空间高续航哪吒v,2023/07/25 17:30,1h6m51s,320,6,1534
哪吒汽车郑州御电店,40034,7259670311677807394,哪吒s,2023/07/25 16:29,0h6m24s,17,1,5
哪吒汽车郑州御电店,40034,7259574470954830626,哪吒s,2023/07/25 10:17,1h2m8s,379,6,964
哪吒汽车郑州御电店,40034,7259298065054862120,哪吒s,2023/07/24 16:25,1h0m19s,338,3,27
哪吒汽车郑州御电店,40034,7259268401556638504,哪吒s,2023/07/24 14:29,1h0m39s,470,8,97
哪吒汽车郑州御电店,40034,7258965760276433724,哪吒s,2023/07/23 18:55,1h10m48s,300,7,1458
成都哪吒汽车云店-聚能麦,32691,7260088289976126264,哪吒s15.98万带回家,2023/07/26 19:30,1h1m49s,2177,21,1872
成都哪吒汽车云店-聚能麦,32691,7259910800603630396,哪吒s15.98万带回家,2023/07/26 08:02,1h57m16s,9877,35,1.1w
成都哪吒汽车云店-聚能麦,32691,7259717084970486586,哪吒s15.98万带回家,2023/07/25 19:30,1h0m52s,2343,33,1606
成都哪吒汽车云店-聚能麦,32691,7259539316693601079,哪吒s15.98万带回家,2023/07/25 08:00,1h50m22s,8084,40,5084
成都哪吒汽车云店-聚能麦,32691,7259345604164324151,哪吒s15.98万带回家,2023/07/24 19:29,1h2m23s,2313,23,3473
成都哪吒汽车云店-聚能麦,32691,7259167566747274021,哪吒s15.98万带回家,2023/07/24 07:59,1h58m5s,3958,23,6018
成都哪吒汽车云店-聚能麦,32691,7258526621521464122,哪吒S HIIT30S挑战,2023/07/22 14:31,1h6m0s,2517,27,8250
成都哪吒汽车云店-聚能麦,32691,7258442327109225276,哪吒s15.98带回家,2023/07/22 09:04,1h52m48s,2828,20,3428
成都哪吒汽车云店-聚能麦,32691,7258209560761125692,哪吒s川渝大区上市发布会,2023/07/21 18:00,1h0m18s,2198,44,1.4w
成都哪吒汽车云店-聚能麦,32691,7258062906577750843,哪吒s15.98带回家,2023/07/21 08:32,1h41m11s,2474,19,2723
哪吒汽车北京直营中心,29427,7260389805001870132,进直播间就送运动手环,2023/07/27 15:01,2h5m55s,385,10,1.2w
哪吒汽车北京直营中心,29427,7260018896281930530,进直播间就送运动手环,2023/07/26 15:02,2h4m5s,298,10,1.4w
哪吒汽车北京直营中心,29427,7259647469942754063,进直播间就送运动手环,2023/07/25 15:00,2h6m11s,393,12,1.7w
哪吒汽车北京直营中心,29427,7259276296168016675,进直播间就送运动手环,2023/07/24 15:00,2h9m47s,298,9,8188
哪吒汽车北京直营中心,29427,7258908025760680767,听听哪吒s车主的故事,2023/07/23 15:11,2h3m35s,305,9,9729
哪吒汽车北京直营中心,29427,7258528687157496610,哪吒带你去旅行,2023/07/22 14:39,2h18m25s,1037,35,1.3w
哪吒汽车北京直营中心,29427,7257854163223169827,刘耕宏来哪吒汽车啦！,2023/07/20 19:01,2h2m52s,814,12,1.0w
哪吒汽车北京直营中心,29427,7257421540579396352,哪吒GT再送8000,2023/07/19 15:02,2h3m5s,392,14,1.3w
哪吒汽车北京直营中心,29427,7256677986623736591,哪吒GT再送8000,2023/07/17 14:59,2h6m36s,486,17,1.0w
哪吒汽车北京直营中心,29427,7256276572305476392,哪吒GT再送8000,2023/07/16 13:00,2h5m16s,585,19,9639
哪吒汽车商丘新标用户中心,28015,7260002249267071778,全新车！6.69,2023/07/26 13:57,1h0m55s,701,25,3195
哪吒汽车商丘新标用户中心,28015,7259908521993538356,全新车！6.69,2023/07/26 07:55,1h1m3s,1083,30,2746
哪吒汽车商丘新标用户中心,28015,7259638871204367156,全新车！6.69,2023/07/25 14:27,1h3m34s,673,13,3580
哪吒汽车商丘新标用户中心,28015,7259539548181498676,全新车！6.69全包,2023/07/25 08:02,1h0m30s,910,26,2203
哪吒汽车商丘新标用户中心,28015,7259273167611382563,全新车！6.69全包,2023/07/24 14:48,1h3m1s,587,19,8098
哪吒汽车商丘新标用户中心,28015,7259167567627995919,#挑战全屏实力,2023/07/24 07:59,1h1m49s,754,19,1262
哪吒汽车商丘新标用户中心,28015,7258885347428272948,全新车！6.69全包,2023/07/23 13:43,0h55m24s,842,21,1479
哪吒汽车商丘新标用户中心,28015,7258794656740215612,#挑战全屏实力,2023/07/23 07:52,1h1m27s,1292,31,5207
哪吒汽车商丘新标用户中心,28015,7258507527793003279,全新车！6.69全包,2023/07/22 13:17,1h3m13s,1050,29,5840
哪吒汽车商丘新标用户中心,28015,7258426841193532212,#挑战全屏实力,2023/07/22 08:04,1h5m7s,1006,23,6035
深蓝汽车,529216,7260435994049104692,深蓝S7交付开启现在下定享多重好礼,2023/07/27 18:00,直播中,1.3w,156,2.6w
深蓝汽车,529216,7260374107735526144,深蓝S7交付开启现在下定享多重好礼,2023/07/27 14:00,3h1m19s,3.6w,200,5.0w
深蓝汽车,529216,7260312371317590818,深蓝S7交付开启现在下定享多重好礼,2023/07/27 10:00,3h2m36s,3.2w,184,8.2w
深蓝汽车,529216,7260065042530356003,深蓝S7交付开启现在下定享多重好礼,2023/07/26 18:00,3h0m33s,4.3w,221,6.2w
深蓝汽车,529216,7260003187706465024,深蓝S7交付开启现在下定享多重好礼,2023/07/26 14:00,3h0m49s,2.9w,159,5.2w
深蓝汽车,529216,7259941211262487336,深蓝S7交付开启现在下定享多重好礼,2023/07/26 10:00,3h0m36s,2.3w,184,6.9w
深蓝汽车,529216,7259694021428202255,深蓝S7交付开启现在下定享多重好礼,2023/07/25 18:01,3h1m56s,3.6w,185,7.0w
深蓝汽车,529216,7259631971674950435,深蓝S7交付开启现在下定享多重好礼,2023/07/25 14:00,3h1m52s,2.6w,146,4.6w
深蓝汽车,529216,7259570552627579688,深蓝S7交付开启现在下定享多重好礼,2023/07/25 10:02,3h1m7s,3.0w,192,8.0w
深蓝汽车,529216,7259322866523441955,深蓝S7交付开启现在下定享多重好礼,2023/07/24 18:00,3h0m45s,4.2w,235,6.7w
深蓝汽车洛阳牡丹大道店,285028,7260381018905545529,＃深蓝S7超感电动SUV,2023/07/27 14:27,1h9m46s,134,2,1047
深蓝汽车洛阳牡丹大道店,285028,7259946679414147895,＃深蓝S7超感电动SUV,2023/07/26 10:22,1h19m36s,161,3,1112
深蓝汽车洛阳牡丹大道店,285028,7259582590838033212,＃深蓝S7超感电动SUV,2023/07/25 10:49,1h15m31s,117,1,1054
深蓝汽车洛阳牡丹大道店,285028,7259205159664798525,＃深蓝S7超感电动SUV,2023/07/24 10:24,1h6m18s,118,1,1088
深蓝汽车洛阳牡丹大道店,285028,7258824696534223674,＃深蓝S7超感电动SUV,2023/07/23 09:47,1h11m21s,177,2,1280
深蓝汽车洛阳牡丹大道店,285028,7258093592026106684,＃深蓝S7超感电动SUV,2023/07/21 10:30,1h14m52s,151,2,1108
深蓝汽车洛阳牡丹大道店,285028,7257720301444795191,＃深蓝S7超感电动SUV,2023/07/20 10:22,1h8m46s,106,1,1041
深蓝汽车洛阳牡丹大道店,285028,7257349747055397688,＃深蓝S7超感电动SUV,2023/07/19 10:24,1h6m21s,237,1,1076
深蓝汽车洛阳牡丹大道店,285028,7256980699243219749,＃深蓝S7超感电动SUV,2023/07/18 10:32,1h7m44s,96,3,1151
深蓝汽车洛阳牡丹大道店,285028,7256609704338590520,＃深蓝S7超感电动SUV,2023/07/17 10:33,1h17m16s,141,1,1029
深蓝汽车中南汽车店,103126,7260276435426806584,深蓝S7超感电动SUV,2023/07/27 07:42,1h24m15s,1013,15,6021
深蓝汽车中南汽车店,103126,7259898911400446777,深蓝S7超感电动SUV,2023/07/26 07:17,1h15m29s,1641,19,5099
深蓝汽车中南汽车店,103126,7259533466146966309,深蓝年轻派就是要有范,2023/07/25 07:39,1h13m56s,1321,16,3622
深蓝汽车中南汽车店,103126,7259282306114784056,深蓝年轻派就是要有范,2023/07/24 15:23,1h8m28s,682,14,3048
深蓝汽车中南汽车店,103126,7259158067345083191,深蓝S7超感电动SUV,2023/07/24 07:22,1h18m55s,1244,27,5078
深蓝汽车中南汽车店,103126,7258905648157870909,深蓝S7超感电动SUV,2023/07/23 15:01,1h10m27s,913,17,3747
深蓝汽车中南汽车店,103126,7258790332064631613,深蓝S7超感电动SUV,2023/07/23 07:35,1h22m53s,1717,24,5536
深蓝汽车中南汽车店,103126,7258535419768130360,深蓝S7超感电动SUV,2023/07/22 15:05,1h27m40s,964,14,1616
深蓝汽车中南汽车店,103126,7258461652230769464,深蓝S7超感电动SUV,2023/07/22 10:19,1h13m1s,650,10,1456
深蓝汽车中南汽车店,103126,7258418673549986616,深蓝S7超感电动SUV,2023/07/22 07:33,1h18m38s,1430,23,2458
深蓝汽车重庆合伙人一店,73204,7260450992024505099,深蓝S7 今夜给你“好看”,2023/07/27 18:58,直播中,15,5,624
深蓝汽车重庆合伙人一店,73204,7260416305975348004,深蓝S7 今天给你“好看”,2023/07/27 16:44,2h1m36s,330,10,1.1w
深蓝汽车重庆合伙人一店,73204,7260342804814105402,深蓝S7 今天给你“好看,2023/07/27 11:59,2h1m57s,220,10,1.1w
深蓝汽车重庆合伙人一店,73204,7260079806618815286,深蓝S7 今晚给你“好看,2023/07/26 18:58,2h3m11s,281,7,1.1w
深蓝汽车重庆合伙人一店,73204,7260045365787986749,深蓝S7 今天给你“好看,2023/07/26 16:44,2h1m35s,209,8,9386
深蓝汽车重庆合伙人一店,73204,7259708807041846057,深蓝S7 今夜给你“好看,2023/07/25 18:58,2h1m46s,306,8,1.1w
深蓝汽车重庆合伙人一店,73204,7259337655551380278,深蓝S7 今天给你“好看,2023/07/24 18:58,2h1m52s,279,5,1.1w
深蓝汽车重庆合伙人一店,73204,7259302980317383435,深蓝S7 今天给你“好看,2023/07/24 16:44,2h1m5s,195,6,1.1w
深蓝汽车重庆合伙人一店,73204,7259229579271752484,深蓝S7 今天给你“好看,2023/07/24 11:59,2h1m20s,265,7,1.1w
深蓝汽车重庆合伙人一店,73204,7258224591297104681,深蓝S7 今夜给你“好看,2023/07/21 18:59,2h1m3s,584,22,1.1w
深蓝汽车洛阳名车苑店,39571,7260098847525931836,深蓝S7超感电动SUV,2023/07/26 20:12,1h5m42s,4545,45,5439
深蓝汽车洛阳名车苑店,39571,7260066761410693923,深蓝S7超感电动SUV,2023/07/26 18:08,1h30m47s,1.0w,83,4361
深蓝汽车洛阳名车苑店,39571,7258935805870099261,深蓝S7超感电动SUV,2023/07/23 16:58,0h12m30s,1234,22,721
深蓝汽车洛阳名车苑店,39571,7258836001049234232,深蓝S7超感电动SUV,2023/07/23 10:31,1h32m3s,1.1w,66,5157
深蓝汽车洛阳名车苑店,39571,7258653264298658617,深蓝S7超感电动SUV,2023/07/22 22:42,1h5m33s,4760,48,4202
深蓝汽车洛阳名车苑店,39571,7258627115967580986,深蓝S7超感电动SUV,2023/07/22 21:00,1h30m57s,5508,44,2984
深蓝汽车洛阳名车苑店,39571,7258161007661435703,深蓝S7超感电动SUV,2023/07/21 14:52,0h56m59s,1.1w,75,1994
深蓝汽车洛阳名车苑店,39571,7258091532316691259,深蓝S7超感电动SUV,2023/07/21 10:23,1h2m18s,9965,81,1304
深蓝汽车洛阳名车苑店,39571,7257904994291485496,深蓝S7超感电动SUV,2023/07/20 22:18,1h4m17s,9540,80,4446
深蓝汽车洛阳名车苑店,39571,7257887572456753976,深蓝S7超感电动SUV,2023/07/20 21:11,1h3m49s,7233,79,4239
深蓝汽车常州武进店,34325,7260347539520637756,#深蓝S7超感电动SUV,2023/07/27 12:17,1h5m39s,58,1,1708
深蓝汽车常州武进店,34325,7259950047914150713,#深蓝S7超感电动SUV,2023/07/26 10:35,1h0m58s,70,1,0
深蓝汽车常州武进店,34325,7259634889767177015,#深蓝S7超感电动SUV,2023/07/25 14:11,1h3m43s,45,1,289
深蓝汽车常州武进店,34325,7259259711332158245,#深蓝S7超感电动SUV,2023/07/24 13:56,1h3m53s,36,1,292
深蓝汽车常州武进店,34325,7258861920885803835,#深蓝S7超感电动SUV,2023/07/23 12:12,1h4m37s,83,1,285
深蓝汽车常州武进店,34325,7258528304838216504,#深蓝S7超感电动SUV,2023/07/22 14:37,1h1m22s,87,2,0
深蓝汽车常州武进店,34325,7258136595801328441,#深蓝S7超感电动SUV,2023/07/21 13:17,1h5m8s,69,2,47
深蓝汽车常州武进店,34325,7257778468216146747,#深蓝S7超感电动SUV,2023/07/20 14:07,1h2m24s,48,1,5
深蓝汽车常州武进店,34325,7257419370580675389,#深蓝S7超感电动SUV,2023/07/19 14:54,1h2m58s,26,0,709
深蓝汽车常州武进店,34325,7257036540197571385,#深蓝S7超感电动SUV,2023/07/18 14:09,1h1m23s,48,1,0
深蓝汽车郑州经北六路店,32927,7260032858434128697,#深蓝S7超感电动SUV,2023/07/26 15:56,1h39m52s,3425,48,3759
深蓝汽车郑州经北六路店,32927,7259941456423455546,#深蓝S7超感电动SUV,2023/07/26 10:01,1h32m33s,2853,46,2365
深蓝汽车郑州经北六路店,32927,7259661726143040293,#深蓝S7超感电动SUV,2023/07/25 15:56,1h34m55s,3023,42,2148
深蓝汽车郑州经北六路店,32927,7259557777088072504,#深蓝S7超感电动SUV,2023/07/25 09:13,1h35m59s,2910,38,3157
深蓝汽车郑州经北六路店,32927,7259290748196391740,#深蓝S7超感电动SUV,2023/07/24 15:56,1h38m25s,2907,52,1602
深蓝汽车郑州经北六路店,32927,7259199976767589180,#深蓝S7超感电动SUV,2023/07/24 10:04,1h36m8s,2955,52,1837
深蓝汽车郑州经北六路店,32927,7258920814152567589,#深蓝S7超感电动SUV,2023/07/23 16:00,1h42m23s,3574,50,1104
深蓝汽车郑州经北六路店,32927,7258828472439720765,#深蓝S7超感电动SUV,2023/07/23 10:02,1h47m37s,4645,50,2991
深蓝汽车郑州经北六路店,32927,7258548600341318459,#深蓝S7超感电动SUV,2023/07/22 15:56,1h38m14s,3987,60,5112
深蓝汽车郑州经北六路店,32927,7258456520206158653,#深蓝S7超感电动SUV,2023/07/22 09:59,1h39m35s,3997,55,3774
深蓝汽车花溪孟关店,29640,7260436617268169484,#深蓝S7超感电动SUV,2023/07/27 18:03,直播中,7777,118,2274
深蓝汽车花溪孟关店,29640,7259694680747543337,#深蓝S7超感电动SUV,2023/07/25 18:03,1h7m11s,9274,88,2831
深蓝汽车花溪孟关店,29640,7259322864371911465,#深蓝S7超感电动SUV,2023/07/24 18:00,1h2m32s,1.2w,129,3652
深蓝汽车花溪孟关店,29640,7258982881565444900,#深蓝S7超感电动SUV,2023/07/23 20:01,0h0m46s,6,0,40
深蓝汽车花溪孟关店,29640,7258951922038721316,#深蓝S7超感电动SUV,2023/07/23 18:01,1h6m2s,1.6w,204,4018
深蓝汽车花溪孟关店,29640,7258580714852076324,#深蓝S7超感电动SUV,2023/07/22 18:01,1h6m47s,1.0w,130,3689
深蓝汽车花溪孟关店,29640,7258209769054423820,#深蓝S7超感电动SUV,2023/07/21 18:01,1h6m51s,8668,110,1350
深蓝汽车花溪孟关店,29640,7257838901976959780,#深蓝S7超感电动SUV,2023/07/20 18:02,1h5m3s,8938,112,2867
深蓝汽车花溪孟关店,29640,7257466863188232972,#深蓝S7超感电动SUV,2023/07/19 17:58,1h3m31s,7753,104,2068
深蓝汽车花溪孟关店,29640,7256725665139116854,#深蓝S7超感电动SUV,2023/07/17 18:03,1h3m47s,8803,100,1104
南昌深蓝之沃汽车销售服务有限公司,22964,7260449491394792233,沃尔沃购车季🚗,2023/07/27 18:52,直播中,6,1,27
南昌深蓝之沃汽车销售服务有限公司,22964,7260447534378765090,沃尔沃购车季🚗,2023/07/27 18:45,0h1m11s,2,1,0
南昌深蓝之沃汽车销售服务有限公司,22964,7260441391610858252,沃尔沃购车季🚗,2023/07/27 18:21,直播中,60,3,0
南昌深蓝之沃汽车销售服务有限公司,22964,7260042940288912128,沃尔沃购车季🚗,2023/07/26 16:35,0h1m15s,4,2,0
南昌深蓝之沃汽车销售服务有限公司,22964,7259660503423667007,沃尔沃购车季🚗,2023/07/25 15:51,1h1m35s,172,2,1021
南昌深蓝之沃汽车销售服务有限公司,22964,7259286698163473191,沃尔沃购车季🚗,2023/07/24 15:40,1h0m59s,172,2,22
南昌深蓝之沃汽车销售服务有限公司,22964,7258167355463846697,沃尔沃购车季🚗,2023/07/21 15:18,1h0m3s,158,4,150
南昌深蓝之沃汽车销售服务有限公司,22964,7257803904141298443,沃尔沃购车季🚗,2023/07/20 15:46,1h2m17s,165,4,113
南昌深蓝之沃汽车销售服务有限公司,22964,7257426674541726527,沃尔沃购车季🚗,2023/07/19 15:23,1h2m19s,198,2,351
南昌深蓝之沃汽车销售服务有限公司,22964,7257055836663466764,沃尔沃购车季🚗,2023/07/18 15:24,1h0m32s,228,3,398
深蓝汽车淮北相山中路店,21520,7260373784203397948,#深蓝年轻派 就是要出色,2023/07/27 13:59,1h1m44s,112,5,7733
深蓝汽车淮北相山中路店,21520,7260084621512379192,#深蓝年轻派 就是要出色,2023/07/26 19:16,1h3m50s,120,9,1.1w
深蓝汽车淮北相山中路店,21520,7259982103226354489,#深蓝年轻派 就是要出色,2023/07/26 12:39,1h1m20s,1376,10,6235
深蓝汽车淮北相山中路店,21520,7259713981663693625,#深蓝年轻派 就是要出色,2023/07/25 19:18,1h2m27s,111,7,5327
深蓝汽车淮北相山中路店,21520,7259344052112378661,#深蓝年轻派 就是要出色,2023/07/24 19:23,1h2m36s,93,7,7790
深蓝汽车淮北相山中路店,21520,7259256512730680121,#深蓝年轻派 就是要出色,2023/07/24 13:43,1h2m17s,84,3,2778
深蓝汽车淮北相山中路店,21520,7258861485261114172,#深蓝年轻派 就是要出色,2023/07/23 12:10,1h1m28s,133,7,7577
深蓝汽车淮北相山中路店,21520,7258596590586219321,#深蓝年轻派 就是要出色,2023/07/22 19:02,1h3m8s,112,5,4469
深蓝汽车淮北相山中路店,21520,7258231770167266109,#深蓝年轻派 就是要出色,2023/07/21 19:26,1h2m53s,124,6,5708
深蓝汽车淮北相山中路店,21520,7258121896502364984,#深蓝年轻派 就是要出色,2023/07/21 12:20,1h1m26s,129,5,2217
深蓝汽车厦门同集北路店,19988,7260026506032859960,#深蓝S7超感电动SUV,2023/07/26 15:31,1h2m44s,83,2,80
深蓝汽车厦门同集北路店,19988,7259943269064887096,#深蓝S7超感电动SUV,2023/07/26 10:08,1h5m48s,94,4,1625
深蓝汽车厦门同集北路店,19988,7259670739870141245,#深蓝S7超感电动SUV,2023/07/25 16:31,1h21m22s,107,4,426
深蓝汽车厦门同集北路店,19988,7259576684842617659,#深蓝S7超感电动SUV,2023/07/25 10:26,1h6m14s,130,4,1955
深蓝汽车厦门同集北路店,19988,7258873524100664119,#深蓝S7超感电动SUV,2023/07/23 12:57,1h6m57s,236,4,292
深蓝汽车厦门同集北路店,19988,7258550387341380389,#深蓝S7超感电动SUV,2023/07/22 16:03,1h6m48s,185,4,3150
深蓝汽车厦门同集北路店,19988,7258525465369905981,#深蓝S7超感电动SUV,2023/07/22 14:26,1h3m15s,196,2,731
深蓝汽车厦门同集北路店,19988,7258459697542466364,#深蓝S7超感电动SUV,2023/07/22 10:11,1h5m15s,149,6,4256
深蓝汽车厦门同集北路店,19988,7258089906990271269,#深蓝S7超感电动SUV,2023/07/21 10:16,1h9m36s,91,3,707
深蓝汽车厦门同集北路店,19988,7257795095200647996,#深蓝S7超感电动SUV,2023/07/20 15:12,1h7m27s,82,2,876
深蓝汽车经纬大道店,19686,7260278891498015500,#深蓝S7超感电动SUV,2023/07/27 07:52,1h40m45s,1396,100,5.1w
深蓝汽车经纬大道店,19686,7259902065823025959,#深蓝S7超感电动SUV,2023/07/26 07:30,1h15m37s,1484,91,6.0w
深蓝汽车经纬大道店,19686,7259557448833321747,#深蓝S7超感电动SUV,2023/07/25 09:11,1h1m33s,915,62,2.8w
深蓝汽车经纬大道店,19686,7259519969364970259,#深蓝S7超感电动SUV,2023/07/25 06:47,1h4m0s,1239,70,4.3w
深蓝汽车经纬大道店,19686,7258436856931568395,#深蓝年轻派就是要有范,2023/07/22 08:43,1h33m53s,1341,76,4.9w
深蓝汽车经纬大道店,19686,7258047911333088012,#深蓝年轻派就是要有范,2023/07/21 07:35,1h44m19s,1352,71,5.7w
深蓝汽车经纬大道店,19686,7257675080858176267,#深蓝年轻派就是要有范,2023/07/20 07:28,1h39m43s,1310,84,4.8w
深蓝汽车经纬大道店,19686,7256942287840889611,#深蓝S7超感电动SUV,2023/07/18 08:05,1h12m52s,735,60,2.1w
深蓝汽车经纬大道店,19686,7256926246221712163,#深蓝S7超感电动SUV,2023/07/18 07:01,0h55m15s,834,55,2.5w
深蓝汽车经纬大道店,19686,7256602255279786793,#深蓝S7超感电动SUV,2023/07/17 10:04,1h2m32s,463,39,1.8w
深蓝汽车汕头茂华店,16828,7260265043416173351,#深蓝S7超感电动SUV,2023/07/27 06:59,1h1m11s,1111,30,7051
深蓝汽车汕头茂华店,16828,7259942100718865215,#深蓝S7超感电动SUV,2023/07/26 10:03,1h1m8s,686,19,2903
深蓝汽车汕头茂华店,16828,7259894214517918476,#深蓝S7超感电动SUV,2023/07/26 06:59,1h2m38s,1215,27,4231
深蓝汽车汕头茂华店,16828,7259523061777500939,#深蓝S7超感电动SUV,2023/07/25 06:59,1h1m55s,1221,27,4754
深蓝汽车汕头茂华店,16828,7259198565883464460,#深蓝S7超感电动SUV,2023/07/24 09:59,1h4m39s,1206,23,1216
深蓝汽车汕头茂华店,16828,7259151731785829161,#深蓝S7超感电动SUV,2023/07/24 06:58,1h5m4s,2662,44,8143
深蓝汽车汕头茂华店,16828,7258827356081146635,#深蓝S7超感电动SUV,2023/07/23 09:58,1h3m36s,1450,33,1088
深蓝汽车汕头茂华店,16828,7258780870274337547,#深蓝S7超感电动SUV,2023/07/23 06:59,1h3m39s,1602,26,3296
深蓝汽车汕头茂华店,16828,7258085450353920804,#深蓝S7超感电动SUV,2023/07/21 09:59,1h1m8s,1219,29,3584
深蓝汽车汕头茂华店,16828,7258038396965210921,#深蓝S7超感电动SUV,2023/07/21 06:58,1h2m22s,1273,23,1942
郑州深蓝汽车梧桐街店,16151,7260423570122214144,#深蓝S7超感电动SUV,2023/07/27 17:12,1h6m5s,257,6,3013
郑州深蓝汽车梧桐街店,16151,7259709672759102260,#深蓝S7超感电动SUV,2023/07/25 19:01,1h44m42s,237,6,1527
郑州深蓝汽车梧桐街店,16151,7259676625820748578,#深蓝S7超感电动SUV,2023/07/25 16:53,1h7m46s,173,5,730
郑州深蓝汽车梧桐街店,16151,7259308598235319040,#深蓝S7超感电动SUV,2023/07/24 17:06,1h1m24s,171,3,155
郑州深蓝汽车梧桐街店,16151,7258597775212825379,#深蓝S7超感电动SUV,2023/07/22 19:07,1h15m10s,243,7,650
郑州深蓝汽车梧桐街店,16151,7258564946215095092,#深蓝S7超感电动SUV,2023/07/22 16:59,1h3m5s,206,4,422
郑州深蓝汽车梧桐街店,16151,7258226764185439028,#深蓝S7超感电动SUV,2023/07/21 19:07,1h25m58s,310,7,1207
郑州深蓝汽车梧桐街店,16151,7258194269911501620,#深蓝S7超感电动SUV,2023/07/21 17:01,1h2m21s,184,6,103
郑州深蓝汽车梧桐街店,16151,7258193921942031139,#深蓝S7超感电动SUV,2023/07/21 17:00,0h0m48s,0,0,0
郑州深蓝汽车梧桐街店,16151,7257853367853321012,#深蓝S7超感电动SUV,2023/07/20 18:58,1h43m50s,474,9,1763
深蓝汽车南阳信臣店,14956,7260397462798535424,#深蓝S7超感电动SUV,2023/07/27 15:31,1h34m21s,4728,23,5145
深蓝汽车南阳信臣店,14956,7260304000099175202,#深蓝S7超感电动SUV,2023/07/27 09:28,1h30m34s,1.0w,71,5345
深蓝汽车南阳信臣店,14956,7260031113631058740,#深蓝S7超感电动SUV,2023/07/26 15:49,1h31m33s,5507,50,4434
深蓝汽车南阳信臣店,14956,7259935727088110388,#深蓝S7超感电动SUV,2023/07/26 09:39,1h30m52s,7753,59,4743
深蓝汽车南阳信臣店,14956,7259657690115296052,#深蓝S7超感电动SUV,2023/07/25 15:40,1h30m43s,6157,46,5876
深蓝汽车南阳信臣店,14956,7259562027734108962,#深蓝S7超感电动SUV,2023/07/25 09:29,1h30m59s,6074,38,7350
深蓝汽车南阳信臣店,14956,7259283918644349696,#深蓝S7超感电动SUV,2023/07/24 15:29,1h31m44s,5035,35,7800
深蓝汽车南阳信臣店,14956,7259192969859697408,#深蓝S7超感电动SUV,2023/07/24 09:37,1h33m1s,7897,48,8229
深蓝汽车南阳信臣店,14956,7258939700956777231,#深蓝S7超感电动SUV,2023/07/23 17:14,1h32m20s,6300,38,8257
深蓝汽车南阳信臣店,14956,7257802035981290280,#深蓝S7超感电动SUV,2023/07/20 15:39,1h26m11s,7208,48,1.0w
汉中海裕达长安深蓝汽车,13715,7260450943995530042,#清凉一夏 冰点购车节55,2023/07/27 18:58,直播中,35,6,0
汉中海裕达长安深蓝汽车,13715,7260296729373854504,#清凉一夏 冰点购车节55,2023/07/27 09:00,1h59m55s,889,13,2898
汉中海裕达长安深蓝汽车,13715,7260076209034595133,#清凉一夏 冰点购车节55,2023/07/26 18:44,2h18m46s,1422,32,2112
汉中海裕达长安深蓝汽车,13715,7259728217114774333,#清凉一夏 冰点购车节55,2023/07/25 20:13,0h45m25s,823,20,65
汉中海裕达长安深蓝汽车,13715,7259709017558141756,#清凉一夏 冰点购车节55,2023/07/25 18:59,1h10m40s,1194,32,1448
汉中海裕达长安深蓝汽车,13715,7259554694870158141,#清凉一夏 冰点购车节55,2023/07/25 09:00,1h59m57s,1521,26,1113
汉中海裕达长安深蓝汽车,13715,7259339284511656765,#清凉一夏 冰点购车节55,2023/07/24 19:04,1h59m20s,1878,36,1.8w
汉中海裕达长安深蓝汽车,13715,7259338720061426492,#清凉一夏 冰点购车节55,2023/07/24 19:02,0h0m5s,0,0,0
汉中海裕达长安深蓝汽车,13715,7259338357505805111,#清凉一夏 冰点购车节55,2023/07/24 19:00,,0,0,0
汉中海裕达长安深蓝汽车,13715,7259337783049931579,#清凉一夏 冰点购车节55,2023/07/24 18:58,0h1m56s,15,0,0
深蓝汽车武汉江夏店,13679,7260411931932625698,#深蓝S7超感电动SUV,2023/07/27 16:27,1h4m30s,114,3,1337
深蓝汽车武汉江夏店,13679,7259616291873442575,#深蓝S7超感电动SUV,2023/07/25 12:59,1h1m41s,198,2,85
深蓝汽车武汉江夏店,13679,7259206427045120768,#深蓝S7超感电动SUV,2023/07/24 10:29,1h3m17s,98,1,0
深蓝汽车武汉江夏店,13679,7258843082647538432,#深蓝S7超感电动SUV,2023/07/23 10:59,1h3m24s,94,2,0
深蓝汽车武汉江夏店,13679,7258464219530562344,#深蓝S7超感电动SUV,2023/07/22 10:29,1h4m26s,85,3,24
深蓝汽车武汉江夏店,13679,7258162805310835508,#深蓝S7超感电动SUV,2023/07/21 14:59,1h15m5s,89,1,111
深蓝汽车武汉江夏店,13679,7257800819905514274,#深蓝S7超感电动SUV,2023/07/20 15:34,1h1m38s,105,2,1
深蓝汽车武汉江夏店,13679,7257442363698547491,#深蓝S7超感电动SUV,2023/07/19 16:24,1h8m30s,91,3,167
深蓝汽车武汉江夏店,13679,7256670804800998196,#深蓝S7超感电动SUV,2023/07/17 14:29,1h11m29s,234,1,85
深蓝汽车武汉江夏店,13679,7256292481027885839,#深蓝S7超感电动SUV,2023/07/16 14:02,1h2m25s,120,1,54
深蓝汽车中山西区店,11564,7260273745221126972,深蓝S7超感电动SUV,2023/07/27 10:20,1h16m51s,98,6,421
深蓝汽车中山西区店,11564,7259883336583793469,深蓝S7超感电动SUV,2023/07/26 09:57,1h1m46s,79,4,1815
深蓝汽车中山西区店,11564,7259506953032829752,深蓝S7超感电动SUV,2023/07/25 10:09,1h3m56s,98,5,630
深蓝汽车中山西区店,11564,7259186322229332795,深蓝S7超感电动SUV,2023/07/24 10:25,1h2m49s,99,6,1497
深蓝汽车中山西区店,11564,7258782458351160119,深蓝S7超感电动SUV,2023/07/23 09:58,1h4m26s,226,8,648
深蓝汽车中山西区店,11564,7258412502017510199,深蓝S7超感电动SUV,2023/07/22 10:09,1h2m48s,99,5,2597
深蓝汽车中山西区店,11564,7257682946323155771,深蓝S7超感电动SUV,2023/07/20 10:10,1h1m41s,66,3,638
深蓝汽车中山西区店,11564,7257298555566623543,深蓝S7超感电动SUV,2023/07/19 10:02,1h2m51s,199,8,2383
深蓝汽车中山西区店,11564,7256896727991126842,深蓝S7超感电动SUV,2023/07/18 09:47,1h5m45s,171,8,1231
深蓝汽车中山西区店,11564,7256578966922824504,深蓝S7超感电动SUV,2023/07/17 09:29,1h5m31s,152,6,882
暴躁小鱼（深蓝汽车）,11501,7259303186710760233,深蓝S7超感电动SUV,2023/07/24 16:45,1h2m41s,431,13,2925
暴躁小鱼（深蓝汽车）,11501,7258566400229280553,深蓝S7超感电动SUV,2023/07/22 17:05,1h4m9s,423,9,3553
暴躁小鱼（深蓝汽车）,11501,7258403422121282367,深蓝S7超感电动SUV,2023/07/22 06:35,1h2m19s,1617,44,6873
暴躁小鱼（深蓝汽车）,11501,7258030961906961164,深蓝S7超感电动SUV,2023/07/21 06:28,1h7m46s,277,13,9169
小鹏汽车,2382808,7250075323918846779,小鹏G6上市发布会——智驾就该自由,2023/06/29 19:55,1h20m50s,69.7w,5.0w,113.6w
小鹏汽车,2382808,7250006930633100089,直播测试,2023/06/29 15:30,0h36m3s,3635,76,1135
小鹏汽车,2382808,7249645279632821053,直播测试,2023/06/28 16:06,0h34m58s,1052,20,94
小鹏汽车,2382808,7249619884311907129,直播测试,2023/06/28 14:28,1h20m36s,2223,23,708
小鹏汽车,2382808,7249570993402874679,直播测试,2023/06/28 11:18,1h5m57s,2416,26,456
小鹏汽车官方旗舰店,524480,7260451479077112611,G6准车主交车指南,2023/07/27 19:00,直播中,178,46,600
小鹏汽车官方旗舰店,524480,7259647436518460195,小鹏G6深圳巡展来啦,2023/07/25 15:00,2h1m45s,9.8w,5137,12.2w
小鹏汽车官方旗舰店,524480,7256987272199949111,小鹏G6，现已上市,2023/07/18 11:00,2h1m13s,2.7w,214,1.7w
小鹏汽车官方旗舰店,524480,7255135164362279737,小鹏G6，现已上市,2023/07/13 11:11,2h0m8s,2.0w,975,5.1w
小鹏汽车官方旗舰店,524480,7253400865854196512,小鹏G6，现已上市,2023/07/08 19:00,3h0m33s,7.0w,1486,4.3w
小鹏汽车官方旗舰店,524480,7251916520459094788,小鹏G6，现已上市,2023/07/04 19:00,2h0m15s,3.5w,764,8.4w
小鹏汽车官方旗舰店,524480,7251545526536145703,小鹏G6，现已上市,2023/07/03 19:00,4h1m3s,11.3w,2282,12.6w
小鹏汽车官方旗舰店,524480,7250424596200196897,小鹏G6，现已上市,2023/06/30 18:30,3h0m43s,4.3w,1707,5.4w
小鹏汽车官方旗舰店,524480,7250313833301019429,小鹏G6，现已上市,2023/06/30 11:21,4h0m37s,7.8w,1319,8.9w
小鹏汽车官方旗舰店,524480,7250107833113692988,小鹏G6，现已上市,2023/06/29 22:01,3h0m33s,12.8w,1955,5.9w
小鹏汽车张家口银座商场体验中心,210263,7260388797685254949,小鹏G6已上市快来体验！,2023/07/27 14:57,2h0m44s,778,17,1.9w
小鹏汽车张家口银座商场体验中心,210263,7260296809376009018,小鹏G6已上市快来体验！,2023/07/27 09:00,2h1m1s,1651,30,1.9w
小鹏汽车张家口银座商场体验中心,210263,7260083469170576187,小鹏G6已上市快来体验！,2023/07/26 19:12,2h1m0s,1843,31,2.0w
小鹏汽车张家口银座商场体验中心,210263,7259711739070139193,小鹏G6已上市快来体验！,2023/07/25 19:09,2h0m27s,6981,192,12.3w
小鹏汽车张家口银座商场体验中心,210263,7259648828406614840,小鹏G6已上市快来体验！,2023/07/25 15:05,2h1m25s,1605,31,2.1w
小鹏汽车张家口银座商场体验中心,210263,7259340074439985980,小鹏G6已上市快来体验！,2023/07/24 19:07,2h1m0s,1983,34,1.7w
小鹏汽车张家口银座商场体验中心,210263,7259277723359578937,小鹏G6已上市快来体验！,2023/07/24 15:05,2h0m23s,1291,25,2.1w
小鹏汽车张家口银座商场体验中心,210263,7258968902669994810,小鹏G6已上市快来体验！,2023/07/23 19:07,2h31m20s,2150,33,2.5w
小鹏汽车张家口银座商场体验中心,210263,7258905430544501562,小鹏G6已上市快来体验！,2023/07/23 15:00,2h1m22s,1613,22,2.8w
小鹏汽车张家口银座商场体验中心,210263,7258597456236038973,小鹏G6已上市快来体验！,2023/07/22 19:05,2h1m18s,1582,24,2.4w
上海永达小鹏汽车,122813,7252221589918403332,G6上市啦！,2023/07/05 14:44,2h1m30s,1414,65,8865
上海永达小鹏汽车,122813,7251900619370580747,G6上市啦！,2023/07/04 17:58,2h0m28s,8416,37,7633
上海永达小鹏汽车,122813,7251406198887795459,G6上市啦！,2023/07/03 10:00,2h4m17s,8747,30,9911
上海永达小鹏汽车,122813,7251112732466940676,G6上市啦！,2023/07/02 15:01,1h11m46s,1301,20,610
上海永达小鹏汽车,122813,7250741922225081127,G6上市啦！,2023/07/01 15:02,1h40m58s,1.5w,138,6439
上海永达小鹏汽车,122813,7250308475699956532,G6上市啦！,2023/06/30 11:00,1h57m41s,1.2w,113,2659
上海永达小鹏汽车,122813,7250105831903660834,G6明天上市啦！,2023/06/29 21:53,1h43m18s,2.1w,182,4471
上海永达小鹏汽车,122813,7249596902601771828,G6明天上市啦！,2023/06/28 12:59,1h52m9s,3.5w,1385,1.8w
上海永达小鹏汽车,122813,7249213362976885504,城市NGP试乘试驾体验,2023/06/27 12:10,1h0m59s,1893,26,1815
上海永达小鹏汽车,122813,7248509459604065064,城市NGP试乘试驾体验,2023/06/25 14:40,1h6m19s,3146,24,3197
小鹏汽车乐清南虹广场体验中心,70485,7260375186619386659,充电比加油快的电车,2023/07/27 14:04,1h30m40s,2411,45,3017
小鹏汽车乐清南虹广场体验中心,70485,7260003937187629824,充电比加油快的电车,2023/07/26 14:04,1h30m14s,5069,49,9051
小鹏汽车乐清南虹广场体验中心,70485,7259261978655361807,充电比加油快的电车,2023/07/24 14:04,1h1m24s,1006,17,1662
小鹏汽车乐清南虹广场体验中心,70485,7258890253086280500,智能辅助驾驶云体验,2023/07/23 14:02,1h33m50s,8486,97,8307
小鹏汽车乐清南虹广场体验中心,70485,7258449380162718504,智能辅助驾驶云体验,2023/07/22 09:31,1h49m22s,2910,97,3518
小鹏汽车乐清南虹广场体验中心,70485,7258151920185936675,智能辅助驾驶云体验,2023/07/21 14:17,1h36m31s,2817,49,3128
小鹏汽车乐清南虹广场体验中心,70485,7257776983357000463,智能辅助驾驶云体验,2023/07/20 14:02,1h31m27s,2410,45,5180
小鹏汽车乐清南虹广场体验中心,70485,7257410079882791714,智能辅助驾驶云体验,2023/07/19 14:18,1h30m51s,2370,50,4182
小鹏汽车乐清南虹广场体验中心,70485,7257037196975180544,智能辅助驾驶云体验,2023/07/18 14:11,1h32m5s,6226,121,2893
小鹏汽车乐清南虹广场体验中心,70485,7256650507165371170,智能辅助驾驶云体验,2023/07/17 13:11,0h59m55s,1201,37,975
小鹏汽车深圳龙城万科里体验中心,65268,7260320964068133667,最新权益 进直播间了解,2023/07/27 10:34,1h7m22s,1197,37,1951
小鹏汽车深圳龙城万科里体验中心,65268,7260096608803539764,G6深圳巡展来啦,2023/07/26 20:03,1h2m27s,1131,28,664
小鹏汽车深圳龙城万科里体验中心,65268,7259276073643363135,G6深圳巡展来啦,2023/07/24 14:59,2h1m8s,7.2w,1658,19.0w
小鹏汽车深圳龙城万科里体验中心,65268,7259229483512040226,G6深圳巡展来啦,2023/07/24 11:59,2h1m29s,6.6w,1930,30.2w
小鹏汽车深圳龙城万科里体验中心,65268,7258836845899500328,最新权益 进直播间了解,2023/07/23 10:35,1h6m37s,1066,35,1795
小鹏汽车深圳龙城万科里体验中心,65268,7258464961104579328,最新权益 进直播间了解,2023/07/22 10:32,1h4m47s,910,30,3805
小鹏汽车深圳龙城万科里体验中心,65268,7258094601838283554,最新权益 进直播间了解,2023/07/21 10:34,1h0m49s,538,13,185
小鹏汽车深圳龙城万科里体验中心,65268,7257870171870743331,最新权益 进直播间了解,2023/07/20 20:03,1h3m33s,951,24,2543
小鹏汽车深圳龙城万科里体验中心,65268,7257350965882391311,最新权益 进直播间了解,2023/07/19 10:29,1h6m43s,839,26,1566
小鹏汽车深圳龙城万科里体验中心,65268,7256384594486840104,最新权益 进直播间了解,2023/07/16 19:59,1h10m19s,2661,59,3788
小鹏汽车成都大慈寺旗舰体验中心,59985,7260018339530607400,小鹏G6已上市 线下快闪店,2023/07/26 14:59,2h0m31s,3.4w,1389,35.7w
小鹏汽车成都大慈寺旗舰体验中心,59985,7259210896285961017,小鹏G6已上市 线下快闪店,2023/07/24 10:46,1h15m51s,143,6,476
小鹏汽车成都大慈寺旗舰体验中心,59985,7258932481741605686,小鹏G6已上市 线下快闪店,2023/07/23 16:46,1h3m50s,102,5,1076
小鹏汽车成都大慈寺旗舰体验中心,59985,7258910042156469007,小鹏G6已上市 线下快闪店,2023/07/23 15:19,1h5m48s,114,4,505
小鹏汽车成都大慈寺旗舰体验中心,59985,7258468131868347192,小鹏G6已上市 线下快闪店,2023/07/22 10:44,1h2m57s,114,7,894
小鹏汽车成都大慈寺旗舰体验中心,59985,7258157193982184244,小鹏G6已上市 快来体验,2023/07/21 14:37,1h10m58s,75,3,3257
小鹏汽车成都大慈寺旗舰体验中心,59985,7257853549923666745,小鹏G6已上市 快来体验,2023/07/20 18:59,1h5m59s,96,2,264
小鹏汽车成都大慈寺旗舰体验中心,59985,7257516375395715898,小鹏G6已上市 快来体验,2023/07/19 21:10,1h5m42s,239,7,1153
小鹏汽车成都大慈寺旗舰体验中心,59985,7257063191549152015,小鹏G6已上市 快来体验,2023/07/18 15:52,1h7m47s,88,2,878
小鹏汽车成都大慈寺旗舰体验中心,59985,7257060662944287488,小鹏G6已上市 快来体验,2023/07/18 15:43,0h3m15s,3,1,0
广州小鹏汽车,52339,7260366437653760804,试看三分钟，看看喜欢不喜欢,2023/07/27 13:30,1h0m55s,776,23,3767
广州小鹏汽车,52339,7259995046047402771,试看三分钟，看看喜欢不喜欢,2023/07/26 13:29,1h3m32s,1010,30,4873
广州小鹏汽车,52339,7259624838849989412,小鹏G6已上市 快来体验！,2023/07/25 13:33,1h1m48s,1188,36,2857
广州小鹏汽车,52339,7258139649887980300,小鹏G6已上市 快来体验！,2023/07/21 13:29,1h3m18s,911,40,7600
广州小鹏汽车,52339,7257853490200955687,小鹏G6已上市 快来体验！,2023/07/20 18:59,1h8m42s,1475,65,4.8w
广州小鹏汽车,52339,7257768746968763148,小鹏G6已上市 快来体验！,2023/07/20 13:30,1h4m11s,1451,36,3729
广州小鹏汽车,52339,7257026182510676748,小鹏G6已上市 快来体验！,2023/07/18 13:29,1h4m12s,736,20,5737
广州小鹏汽车,52339,7256655142081153803,小鹏G6已上市 快来体验！,2023/07/17 13:29,1h3m33s,915,27,2465
广州小鹏汽车,52339,7255542055158221622,小鹏G6已上市 快来体验！,2023/07/14 13:30,1h0m53s,687,26,2157
广州小鹏汽车,52339,7255170700468652812,小鹏G6已上市 快来体验！,2023/07/13 13:29,1h4m3s,923,22,2624
小鹏汽车长沙军友集团体验店,48755,7260346215949142825,小鹏G6交付周期已缩短,2023/07/27 12:12,1h17m55s,1387,29,2310
小鹏汽车长沙军友集团体验店,48755,7260342990122634023,小鹏G6交付周期已缩短,2023/07/27 11:59,0h9m30s,91,8,66
小鹏汽车长沙军友集团体验店,48755,7260273234963106614,小鹏G6交付周期已缩短,2023/07/27 07:30,1h29m11s,1809,44,2941
小鹏汽车长沙军友集团体验店,48755,7259971773666495271,小鹏G6交付周期已缩短,2023/07/26 11:59,1h59m14s,1499,33,3305
小鹏汽车长沙军友集团体验店,48755,7259901964949982015,小鹏G6交付周期已缩短,2023/07/26 07:29,2h0m0s,2568,49,8233
小鹏汽车长沙军友集团体验店,48755,7259600548742171431,小鹏G6交付周期已缩短,2023/07/25 11:59,1h30m42s,1644,38,6002
小鹏汽车长沙军友集团体验店,48755,7259530782505585447,小鹏G6交付周期已缩短,2023/07/25 07:29,1h37m58s,1792,44,4931
小鹏汽车长沙军友集团体验店,48755,7259229630706797366,小鹏G6交付周期已缩短,2023/07/24 11:59,1h59m25s,1211,24,2020
小鹏汽车长沙军友集团体验店,48755,7259159839098571561,小鹏G6交付周期已缩短,2023/07/24 07:29,1h59m30s,869,19,2666
小鹏汽车长沙军友集团体验店,48755,7258858582815394579,小鹏G6交付周期已缩短,2023/07/23 11:59,1h58m17s,2114,39,8990
小鹏汽车南昌王府井体验中心,40601,7249647316989250341,小鹏汽车 南昌王府井,2023/06/28 16:14,0h46m8s,261,5,2645
小鹏说车新能源汽车,37540,7260373065853324095,红旗eqm5车场,2023/07/27 13:56,0h27m25s,361,28,396
小鹏说车新能源汽车,37540,7260128641573112630,红旗eqm5车场,2023/07/26 22:07,2h8m47s,1305,41,9442
小鹏说车新能源汽车,37540,7259797599782226700,红旗eqm5,2023/07/26 00:44,0h23m30s,157,13,757
小鹏说车新能源汽车,37540,7259381305488509759,红旗eqm5,2023/07/24 21:47,1h23m30s,1034,44,1430
小鹏说车新能源汽车,37540,7259007962532858663,红旗eqm5,2023/07/23 21:38,1h24m33s,1151,57,5115
小鹏说车新能源汽车,37540,7258279183149697811,红旗eqm5,2023/07/21 22:30,0h31m25s,436,39,1483
小鹏说车新能源汽车,37540,7257893887765728041,红旗eqm5怎样,2023/07/20 21:35,1h3m5s,752,35,1978
小鹏说车新能源汽车,37540,7257760498949557031,红旗eqm5怎样,2023/07/20 12:58,1h3m17s,753,48,1047
小鹏说车新能源汽车,37540,7257515184525069092,红旗eqm5怎样,2023/07/19 21:06,1h5m17s,918,52,5335
小鹏说车新能源汽车,37540,7257153427960646411,红旗eqm5怎样,2023/07/18 21:42,0h52m19s,635,46,3030
小鹏汽车罗庄店,36150,7260407401379924797,大众➕小鹏，强强联手了,2023/07/27 16:09,1h2m45s,542,23,2083
小鹏汽车罗庄店,36150,7260321362164878141,小鹏G6交付周期缩短啦,2023/07/27 10:35,1h15m59s,652,17,828
小鹏汽车罗庄店,36150,7259948314753977143,小鹏G6交付周期缩短啦,2023/07/26 10:28,1h12m17s,388,11,4475
小鹏汽车罗庄店,36150,7259653991223233317,小鹏G6交付周期缩短啦,2023/07/25 15:25,1h2m18s,315,14,1513
小鹏汽车罗庄店,36150,7259582423875341111,小鹏G6交付周期缩短啦,2023/07/25 10:48,1h17m26s,542,18,2659
小鹏汽车罗庄店,36150,7259294979107851066,小鹏G6交付周期缩短啦,2023/07/24 16:12,1h4m35s,522,12,1871
小鹏汽车罗庄店,36150,7259210899938986809,小鹏G6交付周期缩短啦,2023/07/24 10:46,1h15m8s,916,32,7562
小鹏汽车罗庄店,36150,7258843076599335741,小鹏G6交付周期缩短啦,2023/07/23 10:59,1h34m40s,1266,29,1.2w
小鹏汽车罗庄店,36150,7258547031480601399,小鹏G6交付周期缩短啦,2023/07/22 15:50,1h39m15s,880,20,6750
小鹏汽车罗庄店,36150,7258468163023817530,小鹏G6交付周期缩短啦,2023/07/22 10:44,1h9m7s,692,20,3485
小鹏汽车临沂体验中心,34851,7260413549518916386,进来看星雨青G6,2023/07/27 16:33,1h16m4s,1549,34,1472
小鹏汽车临沂体验中心,34851,7260320321700399906,大众 小鹏 嘎嘎滴,2023/07/27 10:31,2h3m4s,1923,53,8444
小鹏汽车临沂体验中心,34851,7260033690464537359,13W多开小鹏,2023/07/26 15:59,1h45m6s,3054,55,2731
小鹏汽车临沂体验中心,34851,7259949031831472931,13W多开小鹏,2023/07/26 10:30,1h59m58s,2596,63,2855
小鹏汽车临沂体验中心,34851,7259663088517581620,13W多开小鹏,2023/07/25 16:01,1h40m36s,2473,40,4762
小鹏汽车临沂体验中心,34851,7259577800053885731,13W多开小鹏,2023/07/25 10:30,2h0m37s,3778,81,3391
小鹏汽车临沂体验中心,34851,7259293496754408192,13W多开小鹏,2023/07/24 16:07,1h41m48s,2770,36,4566
小鹏汽车临沂体验中心,34851,7259206636236000000,13W多开小鹏,2023/07/24 10:30,2h0m29s,3342,79,5680
小鹏汽车临沂体验中心,34851,7258921243124992808,13W多开小鹏,2023/07/23 16:02,1h39m17s,3395,57,3175
小鹏汽车临沂体验中心,34851,7258835984740076328,13W多开小鹏,2023/07/23 10:32,2h15m11s,5467,92,7147
济源零跑汽车,2296,7260453345314360099,济源零跑汽车正在直播,2023/07/27 19:07,直播中,99,7,3154
济源零跑汽车,2296,7260078601939290914,济源零跑汽车正在直播,2023/07/26 18:53,1h31m6s,293,7,4580
济源零跑汽车,2296,7259705401988418356,济源零跑汽车正在直播,2023/07/25 18:45,2h35m25s,455,6,1.2w
济源零跑汽车,2296,7259328518998248192,济源零跑汽车正在直播,2023/07/24 18:23,2h46m7s,359,4,1.1w
济源零跑汽车,2296,7258959972719987471,济源零跑汽车正在直播,2023/07/23 18:32,2h39m27s,364,5,1.4w
济源零跑汽车,2296,7258574738887363362,济源零跑汽车正在直播,2023/07/22 17:38,2h22m11s,462,8,1.3w
济源零跑汽车,2296,7257838344082639616,济源零跑汽车正在直播,2023/07/20 18:00,2h0m35s,274,4,1.3w
济源零跑汽车,2296,7256405022186081039,济源零跑汽车正在直播,2023/07/16 21:18,0h12m57s,19,1,26
济源零跑汽车,2296,7256370222433159976,济源零跑汽车正在直播,2023/07/16 19:03,1h10m46s,74,3,7999
济源零跑汽车,2296,7256000172134599459,一起进来聊新能源,2023/07/15 19:08,1h35m38s,119,4,1.4w
