70536478635,82059250,嘉之派,16710852
2384194153219051,dongfangzhenxuan,东方甄选,30506873
2711947648,guoranshipin,齐鲁晚报·果然视频,22451910
4107418854228324,dushebayitai,毒舌扒姨太,7420683
668150247990445,plxczy6,农村媳妇菲利丝,2672210
104255897823,rmrbxmt,人民日报,163240871
73855472783,Yj333456,东北雨姐,10607440
74835697154,putuo6,普陀山小帅,19045844
81296593639,caoxiaoyue520,曹小月,6635034
100061957495,bubaichi892,我是不白吃,25698367
57597603151,03182001gg,Luca&Michael,1176406
104028091847,HBTVnews,长江云新闻,38701042
98963807461,ctdsbdy,极目新闻,24510024
4490061733179771,TYDG2019,天元邓刚,36345637
83307044560,chensanfeigg31,陈三废姐弟2号早10点欧诗漫,35203895
58494672468,5226887,谢谢你来了,22881853
967993674432639,vinda16888,维达官方旗舰店,4488028
67498588481,Baobao102,🌈唐艺（今晚休息),44519402
106174666824,youzi9779,七个柚子🌞,6182129
71236220331,86913091,吉田,8337971
