id,name,site,pointLat,pointLng,price,buildingCount
247510442914570,翡翠海岸,南山区深圳湾,22.49429,113.947334,132000元/平,6
2411063883736,香格名苑,南山区前海,22.497142,113.891326,86800元/平,5
2411063479536,新一代国际公寓,南山区后海,22.510947,113.93143,88300元/平,2
2411048853384,翠怡苑,罗湖区布心,22.593391705391,114.1315402772,41900元/平,8
2411063060004,依山郡花园一期,龙岗区龙岗中心城,22.734888,114.225089,47700元/平,12
2411063526851,金中环·天赋,福田区莲花,22.570242,114.075098,暂无数据,4
2411099434454,金洲花园,罗湖区布心,22.594248,114.140564,46600元/平,12
2411050005434,中康生活区,福田区梅林,22.574609840481,114.06198666977,58900元/平,12
2411048612867,东兴大院,罗湖区布心,22.59111334773,114.13791370468,暂无数据,2
2420040258818163,华联城市商务中心,南山区南山中心,22.518938,113.922591,暂无数据,5
2411049592949,南山村南兴公寓,南山区南山中心,22.519727997146,113.92232158995,54464元/平,1
2420033277413249,海莉园,南山区蛇口,22.499118,113.934395,64000元/平,2
2411048841427,东昌路4号公交综合楼,罗湖区布心,22.582548878829,114.14235921457,67500元/平,2
2411048846876,中华花园,罗湖区布心,22.582793074805,114.12985100779,43500元/平,5
2411048676377,锦文阁大厦,福田区景田,22.550288,114.051074,54900元/平,1
2417971093188155,翠山工业区单身宿舍,罗湖区布心,22.58752,114.128686,53571元/平,2
2420024182445954,花溪苑,龙岗区龙岗中心城,22.720542,114.257064,37121元/平,1
2411063578744,汉森吉祥龙,南山区深圳湾,22.502893,113.945634,116000元/平,5
248255292321994,翠竹大厦,罗湖区百仕达,22.576562,114.136358,暂无数据,1
249076339126150,麟腾苑二期,罗湖区布心,22.584622,114.150524,54500元/平,1
2411063526851,金中环·天赋,福田区莲花,22.570242,114.075098,暂无数据,4
2411062643124,金山碧海花园,盐田区盐田港,22.59425,114.246372,36000元/平,7
2411049895859,静逸居,福田区黄木岗,22.565431741379,114.09370744063,70000元/平,5
2411049892562,笔架山依岚花园,福田区黄木岗,22.57114,114.096669,暂无数据,3
2420051756593032,万科·万致天地,龙岗区坂田,22.63555,114.074451,暂无数据,1
2411049977078,金丰花园,福田区梅林,22.573730286352,114.07563804689,暂无数据,2
2420021808540437,雅园居,龙岗区坂田,22.625572,114.072839,28409元/平,1
2414148906266756,万科瑧山府,福田区竹子林,22.556793,114.015196,131000元/平,8
2411100458872,仙岭公馆,龙岗区龙岗双龙,22.717618,114.276489,31000元/平,3
24000000059776,秀峰工业城,龙岗区,22.656386965999,114.11110516715,暂无数据,1
2411049454591,华富大厦,福田区景田,22.547293084233,114.05410711396,64200元/平,1
2411062643168,南方明珠花园A区,盐田区盐田港,22.593949,114.266384,34100元/平,11
2411048421652,红群楼,罗湖区地王,22.553877611206,114.11816308508,50000元/平,36
2411063450998,益田村公交宿舍,福田区石厦,22.518298,114.052781,暂无数据,1
2411048543131,福围阁,福田区皇岗,22.525096010759,114.07093683875,56015元/平,1
2411052626143,锦龙名苑,龙岗区龙岗双龙,22.719335914132,114.27683238786,34300元/平,7
2411062576228,金海雅居,盐田区盐田港,22.592581,114.282631,34800元/平,2
2420033852367121,深业泰富广场,罗湖区笋岗,22.568437,114.113024,暂无数据,5
2411048363905,红桂一街8号,罗湖区地王,22.555017752275,114.11237540794,49100元/平,4
2420038821956781,吉华路210号,龙岗区布吉街,22.612853617235,114.12279014841,36560元/平,1
2411049129040,新园路33号,罗湖区东门,22.554803529304,114.12462029648,暂无数据,1
2411048424642,广场北街小区,罗湖区地王,22.551083360845,114.11641602768,50000元/平,25
2415977420984106,红宝路37-1号,罗湖区地王,22.552478,114.115378,暂无数据,1
2411049630392,桂珠苑,南山区前海,22.52966025712,113.92045448082,60300元/平,5
2411048685637,桃花园,罗湖区笋岗,22.567866167421,114.11965698053,58030元/平,16
247462331363766,布心公寓,罗湖区布心,22.583858,114.143774,66400元/平,3
2411063291320,六和城,坪山区坪山,22.69909,114.34518,36600元/平,9
2411048502766,外运宿舍大院,罗湖区地王,22.559351540105,114.11898142353,48900元/平,5
2411063505669,深圳市软件产业基地,南山区科技园,22.529330587801,113.94359921344,82989元/平,17
2411048506796,幸福华府,罗湖区地王,22.555226814213,114.11549328479,暂无数据,3
2411050697174,信义御城豪园,龙岗区横岗,22.65636,114.219222,41000元/平,17
2411051153829,东方沁园,龙岗区龙岗中心城,22.732095,114.231228,36300元/平,11
2417901712869968,前海枫叶大厦,南山区南头,22.532566768153,113.92740212718,暂无数据,2
2410021778239133,桃源居五区,宝安区桃源居,22.62053,113.87285,48000元/平,16
2420050879698006,花样年·旭辉·好时光,坪山区坪山,22.693763,114.343539,暂无数据,9
2417928264102110,桃源居二区,宝安区桃源居,22.61903,113.867199,48000元/平,7
2420037170069286,云南驻深办事处宿舍,罗湖区春风路,22.544867,114.130628,47628元/平,1
2420038821956781,吉华路210号,龙岗区布吉街,22.612853617235,114.12279014841,36560元/平,1
24000000001286,东关珺府,坪山区坪山,22.685836646394,114.36173749797,暂无数据,4
2411050701636,志健时代广场,龙岗区横岗,22.653282546569,114.2115368097,34500元/平,5
2411048394173,荔景大厦,罗湖区地王,22.551418249226,114.11177315264,39900元/平,1
2410525698436259,桃源居十六区,宝安区桃源居,22.624522,113.872584,57000元/平,10
2411048799871,翠竹苑,罗湖区百仕达,22.565665867082,114.13827423508,72600元/平,73
2411062843363,儒骏城立方,龙岗区坂田,22.632773,114.079621,57300元/平,3
2417928249421166,桃源居十区,宝安区桃源居,22.622074,113.866058,48000元/平,1
2411049447741,东华大厦,福田区福田中心,22.536143,114.077187,58200元/平,1
2414240335300985,南贸中心,南山区南头,22.538947,113.92686,52000元/平,7
2410021802095106,桃源居十一区,宝安区桃源居,22.621434928032,113.86834032489,55000元/平,11
2411052436049,佳兆业上品雅园,龙岗区坂田,22.638192,114.089654,59000元/平,7
2411049424273,富豪花园,龙岗区坂田,22.63176,114.076473,40000元/平,34
2411099619235,南海明珠,南山区南山中心,22.531612,113.934302,52000元/平,4
24000000004511,和成嘉业,龙岗区坂田,22.639100460455,114.079174936,70260元/平,6
2411048869090,港湾丽都,南山区前海,22.537003,113.920973,78000元/平,9
2411048709860,圣淘沙骏园,宝安区西乡,22.580043170901,113.86864366048,88700元/平,12
2411099645236,阳明公寓,龙岗区坂田,22.640047,114.06825,32800元/平,1
2411247826776418,香缤阁,宝安区西乡,22.602135,113.888171,暂无数据,1
2420038821956781,吉华路210号,龙岗区布吉街,22.612853617235,114.12279014841,36560元/平,1
249686972903784,百货广场大厦,罗湖区东门,22.549721,114.125009,暂无数据,2
24000000004510,金众麒麟公馆,南山区大学城,22.602075295404,113.97391777956,暂无数据,8
2411048702942,星河盛世花园,龙华区梅林关,22.608614,114.052767,72000元/平,13
2411048702942,星河盛世花园,龙华区梅林关,22.608614,114.052767,72000元/平,13
2411050818707,嘉龙苑,龙岗区布吉石芽岭,22.627319253126,114.1266004068,暂无数据,5
2414414774808024,龙光玖龙玺,龙华区梅林关,22.606226,114.04921,90500元/平,13
2420027472239641,卓越弥敦道,龙岗区横岗,22.654318,114.209566,41300元/平,5
2411048860211,萃峰阁,罗湖区莲塘,22.561689601015,114.16507948039,36100元/平,3
2420032088840393,新彩苑,龙华区梅林关,22.608538,114.043706,77503元/平,3
2414142863346148,金众繁华里,龙华区梅林关,22.608641,114.037735,暂无数据,1
2411051293255,茵悦之生花园三期,龙岗区布吉水径,22.637004898262,114.11634628418,49300元/平,12
2411050205163,福安大厦,宝安区福永,22.678354945744,113.8290207993,37500元/平,4
2414165409542997,汇德大厦,龙华区梅林关,22.61857,114.037025,71138元/平,2
2411100878991,联泰大厦,福田区竹子林,22.541284,114.018257,暂无数据,1
249008770462388,金域上郡花园,龙岗区布吉水径,22.629358,114.110909,54400元/平,8
2411049077777,民乐澳门新村,龙华区梅林关,22.606776713355,114.05226189899,暂无数据,36
2411049416195,书香门第上河坊,龙华区梅林关,22.603682359198,114.054127185,73500元/平,5
2411100407420,景华苑,龙岗区布吉水径,22.631602,114.113201,34700元/平,3
2411048702942,星河盛世花园,龙华区梅林关,22.608614,114.052767,72000元/平,13
2411051355545,中海怡瑞山居,龙岗区布吉石芽岭,22.626092412481,114.12953658487,40200元/平,10
2411049070747,书香门第名苑,龙华区梅林关,22.602907,114.052,65300元/平,16
2411049012452,龙岸花园一期,龙华区坂田,22.620401178436,114.06416731412,56000元/平,27
2411048931965,皓月花园,龙华区民治,22.623169640612,114.05110381066,53400元/平,16
2411050342190,红旗岭,福田区上下沙,22.528040386166,114.04243120059,73913元/平,3
2411062637678,上东湾,盐田区沙头角,22.556073,114.235316,59800元/平,2
2411049094015,万科金域华府,龙华区梅林关,22.604889,114.05044,81200元/平,22
2411051274175,和谐家园,龙岗区布吉大芬,22.625247955046,114.14690537761,55600元/平,6
2411100878402,中国有色大厦,福田区车公庙,22.541553,114.033243,55900元/平,2
2416049346219316,荣德SPACE,龙岗区横岗,22.656192,114.215774,39596元/平,5
2411048491653,银庄大厦,福田区皇岗,22.527259278147,114.07109516128,52100元/平,3
2411051367254,左庭右院南区,龙岗区丹竹头,22.628774,114.148392,42800元/平,4
2411049489604,新景苑,福田区景田,22.554517087058,114.05489147861,75800元/平,3
2411062602338,山海园林,盐田区沙头角,22.562505,114.229064,41342元/平,1
246990788571405,华强城市花园一期,宝安区福永,22.706331278061,113.82084936796,62412元/平,5
2411048942140,榕苑,龙华区民治,22.612712634678,114.05153368997,50000元/平,9
2411063039640,祺润家园,龙岗区布吉石芽岭,22.628495,114.130038,暂无数据,2
2411063727613,御景水岸,宝安区福永,22.690253,113.832942,50000元/平,46
2411063036424,观山大卫华庭,龙岗区布吉石芽岭,22.62858,114.132393,46300元/平,2
2411062555792,皇家海湾公馆,盐田区沙头角,22.559621,114.248404,暂无数据,1
2411062555839,金融路56号,盐田区沙头角,22.556099,114.239052,暂无数据,6
2411063727613,御景水岸,宝安区福永,22.690253,113.832942,50000元/平,46
2411063228042,富光综合楼,盐田区沙头角,22.564839,114.243453,50592元/平,1
2420031605294855,银领公馆,龙岗区布吉大芬,22.627463,114.147623,54953元/平,2
2415184662661229,水务沙头角综合楼,盐田区沙头角,22.562249,114.228586,41591元/平,1
2411063256442,佳兆业新都汇,龙岗区布吉南岭,22.612684,114.137279,52000元/平,2
2411053137364,深航幸福花园,宝安区福永,22.70487709862,113.81879750036,暂无数据,10
246990788571405,华强城市花园一期,宝安区福永,22.706331278061,113.82084936796,62412元/平,5
2411062551059,海天一色雅居,盐田区沙头角,22.560962,114.249601,59800元/平,7
2411050821884,和煦苑,龙岗区龙岗中心城,22.730245,114.234112,36300元/平,9
2411063727613,御景水岸,宝安区福永,22.690253,113.832942,50000元/平,46
24000000000763,福怡商住中心,宝安区福永,22.677001722522,113.82794424609,40303元/平,6
2411063256442,佳兆业新都汇,龙岗区布吉南岭,22.612684,114.137279,52000元/平,2
2420030716782264,红星国际新城,宝安区松岗,22.767339,113.839525,暂无数据,10
2411100691301,全盛紫悦龙庭,龙岗区龙岗中心城,22.737088,114.245414,47000元/平,3
2411048709860,圣淘沙骏园,宝安区西乡,22.580043170901,113.86864366048,88700元/平,12
2420041040234770,格塘新村,龙岗区布吉街,22.604161899774,114.11229798681,暂无数据,13
2411049341875,兴华花园,宝安区西乡,22.585827162009,113.87214780146,42100元/平,8
2411063727613,御景水岸,宝安区福永,22.690253,113.832942,50000元/平,46
2420041182868196,格塘村住宅,龙岗区布吉街,22.607865920151,114.11859000199,59935元/平,4
2420025468462143,长龙新村,龙岗区布吉街,22.617339195798,114.12118162418,34102元/平,31
2411062548901,粤宝花园,龙岗区布吉街,22.601002,114.1182,34600元/平,11
2411100806021,莲花山庄五村,龙岗区布吉街,22.606405,114.117807,67000元/平,75
2411100056536,国际文化大厦,福田区华强南,22.545267,114.084127,暂无数据,1
2411100806247,莲花山庄芙蓉苑,龙岗区布吉街,22.607924,114.112635,暂无数据,140
2411049555741,香域中央花园,福田区香蜜湖,22.555253747539,114.02492237643,131000元/平,10
2420023972634589,联投东方华府一期,宝安区松岗,22.767147606822,113.86495611738,45800元/平,9
2411100805528,莲花山庄三村,龙岗区布吉街,22.606446,114.11571,67000元/平,60
2411100805163,莲花山庄二村,龙岗区布吉街,22.605279,114.115297,67000元/平,104
2411099764576,梧桐花园,龙岗区横岗,22.646296,114.18907,32935元/平,175
2411050700818,信义湛宝广场,龙岗区横岗,22.648467424346,114.20234938737,41300元/平,5
2411063888607,大康福盈门,福田区华强南,22.537163,114.083942,90800元/平,3
2420048636513889,一村东心岭,龙岗区布吉街,22.611763240456,114.1154017546,暂无数据,6
2420030740902583,兴芙楼,罗湖区清水河,22.590768,114.117377,56000元/平,1
249845331997186,中南明珠苑,龙岗区布吉街,22.620246,114.118289,42100元/平,1
2411050499998,福滨南村,福田区皇岗,22.534198,114.088342,暂无数据,3
2415028074065573,盐田股份综合楼,宝安区西乡,22.587117,113.86917,暂无数据,1
249980119625701,布吉一村,龙岗区布吉街,22.608178,114.122966,暂无数据,7
2411050392257,福滨新村,福田区华强南,22.536189633509,114.08514541119,75000元/平,16
2411063414027,宝民花园,宝安区新安,22.573326,113.906226,47500元/平,46
24000000000118,中医院综合楼,宝安区新安,22.578964995674,113.90636597525,52689元/平,1
2411048709860,圣淘沙骏园,宝安区西乡,22.580043170901,113.86864366048,88700元/平,12
2411048374706,荣华里,罗湖区地王,22.549405328987,114.11922574407,暂无数据,3
24000000000159,京基100,罗湖区地王,22.549268,114.11298,暂无数据,4
2411048452826,金田大厦,罗湖区万象城,22.545177,114.121662,暂无数据,1
2411049516068,翠景居,宝安区西乡,22.595465006776,113.88272563112,45200元/平,3
2413604230279808,特丰综合楼,龙岗区龙岗中心城,22.721901,114.258501,23300元/平,1
2420030810110806,南澳湾花园,大鹏新区大鹏半岛,22.537419,114.497708,18000元/平,2
2420021480283232,满京华云著一期,宝安区松岗,22.788767337479,113.83978234146,45800元/平,13
246990788571405,华强城市花园一期,宝安区福永,22.706331278061,113.82084936796,62412元/平,5
2411050957132,布吉中心花园,龙岗区布吉街,22.615199700427,114.13707653568,44800元/平,7
2411099742205,莲丰雅苑福田北大区二期,福田区莲花,22.567092,114.062612,暂无数据,2
2411049605684,海典居,南山区南山中心,22.523542570175,113.93406284161,61300元/平,4
2411063727613,御景水岸,宝安区福永,22.690253,113.832942,50000元/平,46
2411469108555692,丽沙花都,宝安区沙井,22.721164,113.835207,46000元/平,17
2420025873212431,众鑫科技大厦,福田区八卦岭,22.566724,114.105778,暂无数据,1
2411050994408,吉大花园,龙岗区布吉街,22.612819221638,114.1289737443,暂无数据,7
2411049180323,裕安居3区,宝安区新安,22.584500976466,113.91416410074,暂无数据,2
247009478389828,31区水口花园,宝安区新安,22.580249071409,113.90839537152,43380元/平,35
2411050926592,中翠花园,龙岗区布吉大芬,22.618660726287,114.14631796142,43200元/平,12
2411053076703,尚都一期,宝安区宝安中心,22.564173,113.891862,88400元/平,4
2411100250555,35区住宅楼,宝安区新安,22.583229,113.904442,46392元/平,7
2411049179301,裕安居2区,宝安区新安,22.583521266064,113.91311953885,暂无数据,6
2411100806806,金龙大厦,罗湖区春风路,22.548675,114.128535,暂无数据,1
247579588636939,电联大厦,龙岗区布吉大芬,22.619238,114.14294,28900元/平,6
2411053208152,宝利豪庭,宝安区松岗,22.769235793667,113.85819152467,38400元/平,15
2411063687463,深蓝公寓,南山区后海,22.518627,113.935106,99800元/平,1
2411051255721,融富花园,龙岗区坪地,22.77660605843,114.30865063067,25040元/平,6
2420030727273557,盛世华庭,宝安区石岩,22.658097,113.923276,暂无数据,5
24000000000118,中医院综合楼,宝安区新安,22.578964995674,113.90636597525,52689元/平,1
2412651794804685,31区前进一路162号,宝安区新安,22.579792,113.906396,暂无数据,2
2411099783949,45区综合楼宝安区,宝安区翻身,22.571149,113.899604,44300元/平,17
2411100032521,德兴城花园,龙岗区布吉街,22.614861,114.120201,29400元/平,19
2420039482540764,华盛珑悦,龙华区龙华中心,22.656993,114.036593,77694元/平,7
2411063039866,华昱花园,龙岗区布吉街,22.617559,114.131237,35600元/平,8
2411049729537,鼎太风华六期,南山区前海,22.522218255143,113.91664179667,98400元/平,5
24000000000118,中医院综合楼,宝安区新安,22.578964995674,113.90636597525,52689元/平,1
246946024600333,山语海,南山区前海,22.490612,113.898708,100800元/平,11
2411099662942,江南华府,龙华区龙华中心,22.660189,114.043734,41200元/平,3
2411100442009,英郡假日广场,龙岗区丹竹头,22.62387,114.15591,45600元/平,6
2411063050343,南威中心,龙岗区布吉南岭,22.611537,114.150532,31800元/平,16
2411050202171,凤凰花苑,宝安区福永,22.687038623831,113.83715030147,48900元/平,4
2414167048489205,佳华领域广场,龙华区观澜,22.719930645178,114.06331527331,53000元/平,9
2411063705840,金色阳光雅居,南山区蛇口,22.496349,113.942235,76000元/平,1
2411050346033,宝湖居花园,宝安区新安,22.575242379321,113.91820894396,65000元/平,7
2411100443892,合正丹郡,龙岗区丹竹头,22.625586,114.16371,38600元/平,7
2411062627641,月亮湾山庄,南山区前海,22.496679,113.894108,70000元/平,250
2414281338270166,广福大厦,宝安区福永,22.678508,113.832404,33637元/平,2
249028041715975,西海湾公寓,南山区后海,22.519402,113.935826,100606元/平,1
2411063226191,懿花园,龙华区观澜,22.698107,114.069763,56600元/平,45
2411099793090,深华园南山区,南山区南山中心,22.523199,113.924741,62600元/平,3
2420039882349131,中森公园华府,龙华区观澜,22.699705,114.096932,46000元/平,10
2411052365554,学府雅苑,宝安区沙井,22.720945169489,113.8207795867,暂无数据,3
247281701040336,月华苑公寓,南山区前海,22.49921,113.894238,60132元/平,2
2411049728689,鼎太风华四期,南山区前海,22.523974420607,113.91676616434,98400元/平,4
2420041107326587,昊龙华庭,龙岗区平湖,22.708083,114.128067,暂无数据,3
2411062676115,云顶天海,盐田区梅沙,22.606653,114.312441,38800元/平,4
2411049724839,心语雅园,南山区前海,22.522636429083,113.91855060659,91600元/平,2
2411063687302,现代城梦想家园,南山区后海,22.518254,113.933711,86600元/平,3
2411062554867,绿景蓝湾半岛,福田区沙尾,22.521611,114.046987,79000元/平,8
2413968546475580,南海花园别墅区,南山区后海,22.511033,113.936404,58000元/平,9
2411049749606,后海统建楼,南山区后海,22.512766717564,113.93804498163,74077元/平,7
2411062667063,八十步海寓,盐田区梅沙,22.604955,114.315386,暂无数据,7
2411099662942,江南华府,龙华区龙华中心,22.660189,114.043734,41200元/平,3
2411099573408,天悦园南山,南山区南山中心,22.522894,113.936261,73600元/平,2
2411099844146,翠峰丽景,龙岗区平湖,22.701291,114.148124,34045元/平,3
2411049268919,大信花园,龙华区龙华中心,22.65528719223,114.02780294515,45800元/平,16
2420052687803574,佳兆业时代大厦,龙岗区大运新城,22.711827703447,114.21986322753,暂无数据,2
2411050271488,广三保,宝安区新安,22.567945690095,113.91706306819,40000元/平,2
2411052651913,万科千林山居一期（万科清林径）,龙岗区龙岗中心城,22.757589027953,114.2371402642,32400元/平,29
2411049271883,富通天骏,龙华区龙华中心,22.656814728683,114.02927880928,49400元/平,18
2420030728316915,半岛城邦花园四期,南山区蛇口,22.486216215215,113.94023045854,231293元/平,4
2411049729322,鼎太风华五期,南山区前海,22.523915309863,113.91815154032,98400元/平,4
2411049443473,桦润馨居B区,龙华区龙华中心,22.658946132203,114.0327048265,42500元/平,7
2411049629005,华彩天成居,南山区南山中心,22.523694038031,113.93672524433,92000元/平,4
2420053438740477,宝德云谷大厦,龙岗区大运新城,22.704639,114.210835,暂无数据,3
2420050552549377,清林半山,龙岗区龙岗中心城,22.759475042085,114.23310418971,暂无数据,9
246946510614238,荣超金融大厦,龙岗区大运新城,22.711533,114.221571,暂无数据,1
2411063115491,可乐园,龙华区龙华中心,22.670172,114.005512,52500元/平,4
2411063198373,锦绣花园,龙华区龙华中心,22.653338,114.030079,38600元/平,6
2411099607947,半岛城邦花园二期,南山区蛇口,22.487194,113.938027,101500元/平,8
2411063553834,龙城新苑,南山区南山中心,22.524531,113.93313,64900元/平,12
2411063008841,九州家园二期,龙岗区龙岗双龙,22.732284,114.268985,28000元/平,9
2416234400984589,龙湖山庄,龙华区龙华中心,22.685106,114.035374,40000元/平,20
2420030502815906,金汐11街,龙岗区龙岗双龙,22.735810159137,114.2973601217,暂无数据,2
2411063100394,博林天瑞,南山区大学城,22.590044,113.979482,82700元/平,9
24000000017100,立润富达广场,南山区南头,22.553680305389,113.93593792031,暂无数据,2
2411052631572,余岭山庄,龙岗区龙岗中心城,22.715794914308,114.24747425474,30500元/平,4
2412835551456405,特发和平里二期,龙华区上塘,22.648238,114.01749,62500元/平,4
2411063100394,博林天瑞,南山区大学城,22.590044,113.979482,82700元/平,9
2411063631099,南海玫瑰花园一期,南山区蛇口,22.489865,113.927583,98700元/平,37
2411052731836,新龙岗花园南区,龙岗区龙岗中心城,22.740446,114.260582,28800元/平,5
2411063198373,锦绣花园,龙华区龙华中心,22.653338,114.030079,38600元/平,6
2411049018396,中山苑,南山区南头,22.551232766754,113.93038931341,暂无数据,8
2420020428375029,东森花园,龙岗区龙岗中心城,22.705369,114.24385,32200元/平,17
2411100541656,新城花园龙岗,龙岗区龙岗双龙,22.75324,114.28699,20291元/平,5
2411787120946501,金龙工业城,南山区南头,22.554571,113.936963,暂无数据,3
2411063434153,恒裕滨城一期,南山区深圳湾,22.498091,113.946959,116000元/平,4
2411062607615,南山花园,南山区前海,22.504062,113.902289,88000元/平,23
24000000002273,和健云谷,龙岗区龙岗双龙,22.754506601009,114.28786052618,暂无数据,2
2411050356514,城市假日花园,南山区西丽,22.569415683231,113.98486512233,74800元/平,9
2411063096369,光彩山居岁月,南山区前海,22.51396,113.913938,80000元/平,7
2411049442862,东和花园,龙华区龙华中心,22.666659843873,114.03940332127,44000元/平,8
2411063699937,高山花园,南山区蛇口,22.507493,113.923332,108000元/平,7
2411049623335,后海花园,南山区后海,22.518678319092,113.93758142349,64308元/平,7
2420030738806607,湖润名苑,龙华区观澜,22.734594,114.034865,暂无数据,5
2411049479208,世纪华庭,龙华区龙华中心,22.66482651883,114.04100901911,44000元/平,11
2411100861523,皇庭港湾,南山区深圳湾,22.497518,113.948483,103000元/平,9
2411049717465,山海翠庐,南山区前海,22.51398425528,113.9111610798,89400元/平,21
246926523706485,美丽湾国际公寓,南山区南山中心,22.516869,113.927189,87500元/平,2
2411063564139,天骄华庭,南山区蛇口,22.505155,113.942497,104600元/平,7
2411099961543,天海豪景苑,南山区蛇口,22.501443,113.936791,68000元/平,1
24000000000325,华南国际印刷纸品包装物区（二期）,龙岗区平湖,22.68159940385,114.13265475134,暂无数据,1
2411062929251,华南城1号交易广场,龙岗区平湖,22.684146,114.127851,暂无数据,1
2414126485352055,幸福城公寓,龙华区龙华中心,22.66531,114.044993,暂无数据,1
2411100004214,大运城邦米兰公寓,龙岗区大运新城,22.726343,114.215755,暂无数据,2
2411100444459,盛荟居,龙华区红山,22.642309,114.022255,65000元/平,2
2411050356514,城市假日花园,南山区西丽,22.569415683231,113.98486512233,74800元/平,9
2411050274472,南园新村,福田区华强南,22.545085506381,114.10098192968,73737元/平,17
247959773719792,大运城邦悦城四期,龙岗区大运新城,22.72603,114.213994,暂无数据,8
2420042683678822,绿景美景广场,南山区华侨城,22.5588,113.985203,暂无数据,1
247646344393115,蛇口统建楼,南山区蛇口,22.492173,113.934307,70681元/平,1
2411052463926,万科翰邻城,龙岗区龙岗中心城,22.736805,114.237329,52200元/平,11
2411063578744,汉森吉祥龙,南山区深圳湾,22.502893,113.945634,116000元/平,5
24000000049189,颐安都会中央四期,龙岗区大运新城,22.694714019847,114.23092067661,暂无数据,2
2420045638160085,恒裕珑城,龙岗区龙岗双龙,22.72833,114.282253,暂无数据,13
2411048954748,世纪春城四期,龙华区民治,22.633358498901,114.03864320242,57000元/平,7
2411048668135,翰岭院,福田区梅林,22.577886930098,114.07535194494,76100元/平,17
2411049573321,阳光海滨花园,南山区深圳湾,22.496156208699,113.94738461109,103000元/平,10
2420043506998665,和盛五十府,龙岗区坪地,22.736523,114.307526,暂无数据,1
2411052633652,万科城一期,龙岗区坂田,22.649497,114.075296,55000元/平,10
2411063878467,泛海城市广场,南山区前海,22.502003,113.899041,暂无数据,3
2411049739934,四海小区,南山区蛇口,22.506260147344,113.93158419891,78500元/平,42
2420027653727312,佳兆业城市广场五期,龙岗区坂田,22.663630668944,114.08239485685,66402元/平,5
2417954746413963,双玺时光道,南山区蛇口,22.488206933981,113.92689240551,132000元/平,8
2411049651801,现代城华庭,南山区南山中心,22.522790982921,113.93112212086,71900元/平,7
2411099644740,后海花半里雅居,南山区蛇口,22.503074,113.941833,103000元/平,4
2411063601716,颐安都会中央二期,龙岗区大运新城,22.695286029574,114.2332754341,52100元/平,12
2411062623645,万豪御景苑,南山区前海,22.493955,113.898754,101900元/平,2
2411063585377,阳光花地苑,南山区前海,22.524098,113.919936,101000元/平,4
246944473492728,海上世界双玺,南山区蛇口,22.488387,113.925114,132000元/平,15
2411049624754,后海名苑居北区,南山区后海,22.517180553111,113.93865767212,80000元/平,8
2411050907379,文峰华庭,龙岗区布吉南岭,22.607941,114.150277,43400元/平,8
2411063589408,勤诚达22世纪二期,宝安区新安,22.578877,113.916736,100800元/平,4
24000000000340,罗湖区布吉镇樟树布村住宅,龙岗区丹竹头,22.61358745625,114.16096643139,27165元/平,2
2416228565660392,福华大厦,宝安区福永,22.676178,113.828627,30000元/平,1
2413804530314754,万科翡丽郡三期,宝安区沙井,22.737779,113.820568,49000元/平,3
247579788914255,春天广场,南山区蛇口,22.493492,113.927414,74600元/平,2
2414821673152453,文福大厦,宝安区福永,22.67969,113.833957,34000元/平,6
2411099691639,南油花园,龙岗区平湖,22.703008,114.116806,30000元/平,6
2411049551095,君汇新天,南山区深圳湾,22.508528725328,113.94630631687,103000元/平,9
2411049738947,兰园小区,南山区蛇口,22.509293916,113.93415185973,69000元/平,25
2411063585492,瑞景华庭,南山区前海,22.519829,113.916068,83300元/平,3
2411063434512,鲸山觐海,南山区蛇口,22.484478,113.913322,116000元/平,25
24000000003907,田心新村笋岗街道办综合楼,罗湖区笋岗,22.575041920838,114.11986292273,暂无数据,2
2411054039035,棕榈堡花园,宝安区沙井,22.725121,113.836528,47700元/平,19
2411049774967,荔园小区,南山区蛇口,22.494551057432,113.92430484315,84000元/平,15
2411063407116,海欣花园,南山区蛇口,22.490913,113.927394,66000元/平,2
2411049773494,花园城三期,南山区蛇口,22.504451204374,113.92869073146,102700元/平,20
2414413344812478,观澜湖比佩亚区,龙华区观澜,22.750416,114.069448,33271元/平,11
2411049676225,园岭新村,福田区园岭,22.559617,114.107419,92806元/平,108
2411050502993,康乐花园,龙岗区横岗,22.654274302719,114.19516407775,31000元/平,165
2411063898973,老街新寓,南山区蛇口,22.492082,113.935461,65100元/平,1
2411063881998,凯德公园1号,南山区南山中心,22.52044,113.932169,暂无数据,3
246988861549899,观澜湖,龙华区观澜,22.730765463025,114.08454399664,71981元/平,323
2411062841673,珑禧,龙岗区龙岗中心城,22.745563,114.25163,37500元/平,10
2411048975633,中兴路144号大院,罗湖区螺岭,22.555919112823,114.1315344489,75408元/平,9
24000000003089,壹成中心璞誉府,龙华区龙华中心,22.651291621725,114.03847903576,暂无数据,6
2411099523346,三湘海尚花园,南山区深圳湾,22.508966,113.94862,103000元/平,16
2411099675925,招商海月华庭,南山区蛇口,22.503962,113.942622,93200元/平,5
2411049276221,美丽AAA花园,龙华区龙华中心,22.660097992511,114.0268059999,50500元/平,3
2420049165020905,万科千林山居三期（万科清林径）,龙岗区龙岗中心城,22.759487,114.237422,36400元/平,39
2411049937667,倚园大厦,南山区蛇口,22.500061561659,113.93311753097,72400元/平,2
2411100119038,海景广场,南山区蛇口,22.488898,113.921136,44000元/平,1
2411049276608,优品建筑,龙华区龙华中心,22.653748422724,114.02836722924,46600元/平,9
248528747048516,迎晖公寓,南山区蛇口,22.485782,113.919714,68565元/平,3
2411100213252,弘都世纪公寓,南山区蛇口,22.500842,113.942814,87100元/平,1
2411051801973,留仙居南A区,南山区大学城,22.587436649742,113.95606250431,暂无数据,5
2411063686382,钜建大厦,南山区后海,22.517818,113.935806,62600元/平,4
2411049642402,蓬莱花园,南山区蛇口,22.502699230091,113.9404133636,75200元/平,3
2411100414616,宝能悦澜山花园,龙岗区龙岗中心城,22.74149,114.257375,49000元/平,7
2411063190821,龙华花半里花园,龙华区龙华中心,22.679471,114.054663,50600元/平,16
24000000021993,远洋新干线远洋广场,龙岗区龙岗中心城,22.725433012436,114.26902837549,暂无数据,3
2411049443218,东华明珠园,龙华区龙华中心,22.659086466025,114.03848862032,56300元/平,6
2414149020846471,琳珠华庭,龙岗区龙岗中心城,22.710811418007,114.24117127652,49486元/平,5
2411051801973,留仙居南A区,南山区大学城,22.587436649742,113.95606250431,暂无数据,5
2411052733983,阅山公馆,龙岗区龙岗中心城,22.74364654317,114.25671322119,43000元/平,4
2411049678252,云海天城,南山区后海,22.518615323013,113.93850681183,79400元/平,5
2411051820295,丽新花园,南山区大学城,22.588500006392,113.96013945698,暂无数据,16
2411049270628,福景花园,龙华区龙华中心,22.654354177784,114.02943592277,40600元/平,9
2411050706590,龙翔花园,龙岗区龙岗中心城,22.71649670031,114.24580021124,32900元/平,8
2411051929410,森雅谷,龙岗区大运新城,22.682549954778,114.23453206025,37600元/平,3
2411049649497,天海花园,南山区后海,22.517962323906,113.94096695673,108900元/平,6
2410525698436277,桃源居十七区,宝安区桃源居,22.626506,113.869368,50000元/平,4
2411051190922,碧湖康馨园,龙岗区龙岗中心城,22.732443289987,114.25338886753,34200元/平,1
249030664204405,城建仁山智水花园二期,龙华区观澜,22.695533,114.073155,60000元/平,49
2411049936356,泰福苑,南山区蛇口,22.494857629504,113.94017287798,84000元/平,4
2411063462529,鸣溪谷,南山区蛇口,22.502768,113.922853,108000元/平,6
2411052740119,阅山华府,龙岗区龙岗中心城,22.740665984734,114.25204346955,40200元/平,12
2411051405972,锦城星苑一期,龙岗区龙岗双龙,22.751925445789,114.2864754459,28900元/平,6
2411099421207,海珠城,南山区南山中心,22.521071,113.937228,68000元/平,3
2411100299249,汉宝大厦,宝安区新安,22.571508,113.909306,49800元/平,1
2411052721502,禾田小筑,龙岗区龙岗中心城,22.739283001517,114.26060707148,30600元/平,2
2411062929921,花半里·欣悦广场,龙岗区平湖,22.67553,114.129748,20668元/平,3
249167196140146,珠江广场,龙岗区龙岗中心城,22.730888,114.257972,暂无数据,4
2411063898068,凯宁阁,南山区蛇口,22.493656,113.935967,58000元/平,1
2411099643543,建设大厦,龙华区龙华中心,22.661814,114.028124,37442元/平,1
24000000008907,佳兆业金御雅园,龙岗区平湖,22.696448,114.136713,39601元/平,10
2414460930787802,恒裕滨城二期,南山区深圳湾,22.500563,113.946029,132000元/平,5
2411063256442,佳兆业新都汇,龙岗区布吉南岭,22.612684,114.137279,52000元/平,2
2411099899253,雷公岭医院机关楼,南山区蛇口,22.49987,113.933925,74000元/平,2
2411099460584,海伴雅居,南山区蛇口,22.492015,113.926806,71200元/平,2
2411063289047,荔海春城,南山区南山中心,22.511798,113.923177,87200元/平,5
2411052631572,余岭山庄,龙岗区龙岗中心城,22.715794914308,114.24747425474,30500元/平,4
2411099633163,创富时代名苑,龙岗区龙岗双龙,22.728152,114.276713,29900元/平,2
2411099584281,澳城1618二期,南山区蛇口,22.495424,113.944992,116000元/平,10
2411063100394,博林天瑞,南山区大学城,22.590044,113.979482,82700元/平,9
2420025251386696,融湖中心城一期,龙岗区平湖,22.70025,114.126701,43000元/平,6
2414165409542997,汇德大厦,龙华区梅林关,22.61857,114.037025,71138元/平,2
2414826178097519,沙头角桥东街13号,盐田区沙头角,22.551544,114.239025,暂无数据,1
2411063589910,熙璟城,龙岗区平湖,22.688353,114.142799,41000元/平,7
248531889106609,人民北路花园新村,龙华区龙华中心,22.666648,114.027009,39000元/平,16
24000000003188,远洋滨海大厦,南山区前海,22.518402661213,113.91631954175,暂无数据,1
2411099840627,佳兆业茗萃园二期,龙岗区平湖,22.675949,114.149327,36200元/平,3
2411053212794,宏发君域,宝安区松岗,22.784022849038,113.84623698194,47200元/平,6
2411049549970,金色海琴苑,南山区蛇口,22.492828551382,113.94406037377,83900元/平,2
2411053164528,集信名城,宝安区松岗,22.786334906937,113.85527308283,38700元/平,22
248415631389666,百花苑蛇口,南山区蛇口,22.499473,113.933203,71000元/平,4
2411099578743,聚龙苑,龙岗区龙岗双龙,22.725669,114.277881,30000元/平,3
2411063439975,艺丰花园A区,福田区梅林,22.575708,114.072259,55400元/平,12
2411064079166,深物业前海港湾花园,南山区前海,22.503947,113.89792,94900元/平,5
2411049742739,紫竹园,南山区蛇口,22.509692331226,113.93208350966,80400元/平,36
2411063108630,星河传奇,龙华区红山,22.638846,114.026625,72000元/平,6
2411063585256,龙泰轩,南山区南山中心,22.524669,113.932654,68000元/平,3
2411099551001,华府假日大厦,南山区蛇口,22.493945,113.925457,62000元/平,1
2411063578918,佳兆业前海广场一期,南山区前海,22.500598,113.89247,106000元/平,7
2420035474130158,红山府,龙华区红山,22.627171,114.033877,暂无数据,4
2420076697148234,仁恒公园世纪四季新园,龙岗区大运新城,22.696962552351,114.24177031758,暂无数据,8
2411049527227,澳城1618一期,南山区蛇口,22.493650431928,113.94483963164,116000元/平,6
2411049074889,莱蒙水榭春天一期,龙华区红山,22.635292,114.029824,73000元/平,3
2414126766370878,星河传奇·铂寓S,龙华区红山,22.638524,114.026365,暂无数据,4
248615771254684,青青山庄,南山区前海,22.510304,113.907009,106000元/平,2
2420033592154434,融创智汇大厦,龙华区龙华中心,22.649299,114.025802,暂无数据,4
2411063190212,南粤明珠海洋之心,南山区后海,22.519637,113.93984,110500元/平,3
2411052623703,承翰南联公馆,龙岗区龙岗中心城,22.716123223435,114.27330620711,26400元/平,1
2411052735147,学府道花园,龙岗区龙岗中心城,22.733224,114.237732,52200元/平,6
2420043385363948,京基御景半山,龙岗区龙岗宝荷,22.691511,114.265585,暂无数据,26
2420041950520542,正弘·林语轩,龙岗区龙岗宝荷,22.69267100052,114.26645245479,暂无数据,1
2410655446872412,金景花园,罗湖区银湖,22.574781,114.099763,51300元/平,10
2411050197965,安侨苑,福田区香蜜湖,22.558158,114.017608,暂无数据,3
2411048562386,红岗东村,罗湖区清水河,22.577120076882,114.11464791287,53631元/平,20
2411049852537,日出印象一期,龙华区红山,22.638070162854,114.03288201154,52100元/平,16
2410638258876678,金湖花园C区,罗湖区银湖,22.575353,114.101869,57900元/平,2
249982208388143,博隆大厦,罗湖区清水河,22.583966,114.117336,暂无数据,1
24000000057884,天健天骄北庐,福田区景田,22.557111777766,114.04787624453,暂无数据,4
24000000058983,悦峰尚府,罗湖区布心,22.596154692429,114.12989994925,暂无数据,5
2414165409542997,汇德大厦,龙华区梅林关,22.61857,114.037025,71138元/平,2
2411100898120,高发悦驰苑,龙岗区坂田,22.659108183373,114.08639502141,43400元/平,1
2411099539174,仁恒峦山美地,龙岗区龙岗宝荷,22.695937,114.275613,42000元/平,3
2411048954387,世纪春城三期,龙华区民治,22.633069168643,114.03997679395,56000元/平,7
2411049142149,莱蒙水榭春天A区6期,龙华区红山,22.632561046781,114.03309497463,90500元/平,5
2420052485461214,中海阳光橡树园,龙岗区龙岗宝荷,22.699295357311,114.2788749808,暂无数据,5
2411099662942,江南华府,龙华区龙华中心,22.660189,114.043734,41200元/平,3
2411048947809,阳光新境园,龙华区龙华新区,22.635081305115,114.03781567155,55500元/平,7
2411054839827,万科第五园五期,龙岗区坂田,22.618285,114.077394,45800元/平,12
2414148111993924,卓越誉珑,宝安区沙井,22.741717,113.818894,52766元/平,8
2411050485467,裕林花园,福田区梅林,22.56735507973,114.04806642486,暂无数据,7
2411048628949,百仕达花园二期,罗湖区百仕达,22.579561594597,114.13957136645,59900元/平,19
2411049429374,信义嘉御山,龙岗区坂田,22.641049887244,114.06518957774,72800元/平,17
2411049863398,鸿达苑,福田区梅林,22.565815583964,114.04018114589,暂无数据,2
2411049474989,好景豪园,福田区沙尾,22.524299077071,114.04213584634,61000元/平,4
2411049884030,通业大厦,福田区梅林,22.566259753957,114.04261726254,64200元/平,2
2411048699086,丽港湾,福田区福田保税区,22.516543,114.067648,84100元/平,5
2411048617544,新新家园,福田区石厦,22.524735430567,114.05963805904,84000元/平,4
2411048618421,中港城,福田区石厦,22.522255,114.059672,88500元/平,6
2411048916562,益田豪园居,福田区皇岗,22.520513904515,114.06376062838,75300元/平,5
2411048699842,圆梦园,福田区福田保税区,22.515392678609,114.06375883867,72700元/平,3
2411049456335,云顶翠峰一期,福田区皇岗,22.52284746288,114.06789153132,69700元/平,5
2411048936988,金地名津,福田区皇岗,22.521917165042,114.08024548687,64900元/平,9
2411050295915,港田花园,福田区皇岗,22.523054,114.079935,65800元/平,2
2411048935857,海悦华城,福田区皇岗,22.522614527115,114.07688151401,58900元/平,3
2411049761816,前海金岸,南山区南头,22.53873957924,113.92456220025,84300元/平,2
2411062650190,东方银座公馆,南山区前海,22.534588,113.922337,80000元/平,3
2411049603812,华府苑,南山区南头,22.534898267571,113.92316851641,61000元/平,8
2411049730276,鼎太风华一期,南山区前海,22.526036267046,113.91955227292,95000元/平,4
2411049723051,南新苑,南山区南山中心,22.527660236959,113.92468103465,62000元/平,6
2411062652754,天朗风清,南山区前海,22.535045,113.918786,83600元/平,5
2411049496190,大陆庄园,南山区南头,22.533720903727,113.92389668817,60000元/平,6
2411049752333,星海名城二期七组团,南山区前海,22.543912068032,113.9201537968,73900元/平,13
2411049753389,星海名城六期,南山区前海,22.545219358807,113.91857251963,86000元/平,6
2411049734975,丽乐美居,南山区南头,22.541863598491,113.92416723904,66000元/平,2
2411049015405,阳光华艺大厦,南山区南山中心,22.531233668777,113.93504546961,98000元/平,1
2414149370786685,阳光粤海,南山区科技园,22.53903,113.947,96000元/平,3
2411099803218,荔馨村南山区,南山区南头,22.533719,113.929931,58400元/平,3
2411049007407,深航飞行员公寓,南山区南山中心,22.532434,113.932447,63731元/平,2
2411049078659,如意家园,南山区南头,22.537377,113.9285,69000元/平,4
2411099822669,苏豪名厦,南山区南头,22.53897,113.926093,50800元/平,1
2411063283357,锦隆花园,南山区科技园,22.53034,113.940119,76000元/平,5
2411063314170,海文花园,南山区科技园,22.529377,113.938127,89600元/平,7
2411063221764,山东大厦,南山区南山中心,22.527246,113.935046,47600元/平,3
2411049760980,嘉南美地,南山区南头,22.545950100465,113.92515085197,67000元/平,5
2411063169639,缤纷年华,南山区南头,22.548264,113.934766,104000元/平,2
2411062607075,南光花园,南山区南山中心,22.526743,113.931133,68000元/平,8
2420057917566669,汇园雅居,南山区科技园,22.548741,113.940591,86100元/平,3
2411048685637,桃花园,罗湖区笋岗,22.567866167421,114.11965698053,58030元/平,16
2411063169416,前海华庭,南山区南头,22.54176,113.931743,98900元/平,5
2411063168752,大冲城市花园,南山区科技园,22.549812,113.963331,130000元/平,10
2411049771756,百仕达红树西岸,南山区红树湾,22.528065995026,113.97200422094,110500元/平,3
2411049734065,阳光带海滨城一期,南山区科技园,22.531597580947,113.960106002,117500元/平,12
2411049735536,中信海阔天空,南山区科技园,22.53156536287,113.95144718191,117300元/平,7
2411049763767,美庐锦园,南山区红树湾,22.54208260925,113.97268889231,76000元/平,5
2414165671947917,瑧湾汇,南山区红树湾,22.530362,113.974603,暂无数据,9
2411063598728,金地国际公寓,南山区科技园,22.533441,113.957804,暂无数据,1
2411063519422,深圳湾科技生态园,南山区科技园,22.533178,113.959146,70632元/平,20
2411063883225,珑御府,南山区科技园,22.531946,113.955974,132000元/平,2
2411063905122,大冲都市花园,南山区科技园,22.549396,113.959968,115392元/平,8
2411049721491,岸芷汀兰,南山区科技园,22.528025533313,113.95781276369,132000元/平,5
2411049266123,浪琴半岛,南山区科技园,22.528034411784,113.95536213986,128300元/平,3
2411049484166,万象新园,南山区南山中心,22.529564,113.93375,75000元/平,5
2411100816900,华润深圳湾悦府一期,南山区深圳湾,22.525807,113.95345,132000元/平,2
2411063648498,海景花园,南山区华侨城,22.54207,113.994617,68200元/平,4
2411063310043,友邻公寓,南山区南山中心,22.537291,113.93632,102700元/平,2
2411049015478,阳光里雅居,南山区南山中心,22.530811,113.933607,106000元/平,2
2411049672983,英达钰龙园,南山区南头,22.544894473633,113.92713237837,82100元/平,5
2411049017786,西海明珠花园,南山区南山中心,22.536419,113.936558,95200元/平,9
2411049535878,滨海之窗,南山区后海,22.526098509858,113.94232235686,101700元/平,7
2411100157267,世纪假日广场,南山区华侨城,22.545339,113.978618,70400元/平,4
2411062649097,桃苑公寓,南山区南头,22.53418,113.930584,71500元/平,3
249073475989147,瑞思中心,南山区华侨城,22.544226,113.979722,暂无数据,1
2411063415832,湖滨花园,南山区华侨城,22.542537,113.991185,74442元/平,1
2411049013422,学府花园,南山区南山中心,22.531525,113.932878,75100元/平,5
2411062851088,燕晗山苑,南山区华侨城,22.547647,113.997574,90000元/平,1
2411063170776,中润百分百公寓,南山区南山中心,22.531779,113.935049,85600元/平,3
2411048963830,凯丽花园,南山区科技园,22.548424,113.946233,83300元/平,14
2411063585169,鹏都大厦,南山区南山中心,22.528058,113.934631,54900元/平,2
2411099972491,万科麓城三期,龙岗区布吉水径,22.631276,114.108803,55500元/平,7
2411051289696,茵悦之生花园一期,龙岗区布吉水径,22.63425827861,114.11800376397,41000元/平,6
249956543442113,丽湖花园三期,龙岗区布吉水径,22.636534,114.11326,37700元/平,7
2411063043861,华浩源B区,龙岗区布吉石芽岭,22.630126,114.133025,35100元/平,5
2411050917091,倚山别苑,龙岗区布吉石芽岭,22.627144672885,114.12825860735,36700元/平,3
2411049437100,福东龙华府,龙华区龙华中心,22.651261,114.011547,56100元/平,3
2411048876768,荔园新村(杜鹃山西街),南山区华侨城,22.546670552314,113.98231307014,77000元/平,17
2411100858033,幸福城三期,龙华区龙华中心,22.667554,114.043332,56500元/平,5
2411049466002,南国丽园,龙华区龙华中心,22.660030681912,114.03683417871,55600元/平,3
2411049275517,龙泽榕园,龙华区龙华中心,22.652504095653,114.02886846199,44600元/平,2
2411049448109,龙泉花园,龙华区龙华中心,22.656848494228,114.03327001526,41400元/平,11
2411063740108,香诗美林,福田区竹子林,22.542711,114.014623,89100元/平,10
2414126485352055,幸福城公寓,龙华区龙华中心,22.66531,114.044993,暂无数据,1
2411048873113,锦绣花园一期,南山区华侨城,22.540831210075,114.00171293774,65000元/平,3
2411049444326,金碧世家,龙华区龙华中心,22.657846341615,114.03178816019,46700元/平,7
2411050350587,建业大厦,福田区竹子林,22.542836704145,114.02299024134,92400元/平,2
2411049463319,金海花园,福田区竹子林,22.542983103175,114.01359151721,87863元/平,4
2411050695034,隆盛花园,龙岗区横岗,22.654917,114.208862,33000元/平,15
2411062835809,佳兆业中央广场三期,龙岗区坂田,22.665869,114.084045,59000元/平,16
2411063254777,耀荣园,福田区竹子林,22.545525,114.00375,75000元/平,9
2411063095657,育星苑,福田区竹子林,22.541367,114.015195,69200元/平,2
2414821436960895,永恒楼,宝安区福永,22.67685983995,113.82684228701,41000元/平,2
2411049613452,君子广场,福田区竹子林,22.549040223074,114.00455391962,83600元/平,7
2420030377940441,碧桂园领寓,宝安区福永,22.688298,113.840443,暂无数据,10
2411049464330,佳泰兴苑,福田区竹子林,22.547974661162,114.02011187826,117800元/平,2
2411063105701,桂冠华庭,龙华区龙华中心,22.677442,113.996382,46500元/平,6
2411063256579,东方园博苑,福田区竹子林,22.543245,114.007281,97000元/平,1
2411063895024,京基滨河时代,福田区上下沙,22.534192,114.032753,91900元/平,10
2420028210734492,天玑公馆,龙华区龙华中心,22.681182600807,114.04642596876,56500元/平,3
249639445410393,城建仁山智水花园三期,龙华区观澜,22.695417,114.073676,40500元/平,4
2411100691520,森泉雅轩,龙岗区大运新城,22.683869,114.233674,36000元/平,1
246994266696774,华侨城四海锦园,龙岗区平湖,22.688298,114.128886,40500元/平,3
2411062551964,万科金域蓝湾一期,福田区上下沙,22.529622,114.032051,83000元/平,6
2411099689181,东都雅苑,龙岗区平湖,22.702248,114.130981,30400元/平,4
2416234389737120,华盛观荟名庭,龙华区观澜,22.717113706133,114.04662686272,51200元/平,3
2411099854784,九号院馆,龙岗区平湖,22.70564,114.145613,40700元/平,11
2411099859198,深华业大厦,龙岗区平湖,22.704674,114.139964,32569元/平,6
2414166747787542,鹏华世家华府,龙岗区平湖,22.704483,114.13562,32442元/平,1
2420057429943873,天安高尔夫海景花园,福田区车公庙,22.535146,114.040631,69800元/平,4
2411049579756,金地花园,福田区上下沙,22.526509705071,114.04168963811,55100元/平,29
2411100692045,嘉亿爵悦,龙岗区大运新城,22.720978,114.217942,43100元/平,3
2411049588254,椰树花园,福田区新洲,22.530649263414,114.04403282031,60900元/平,8
2411050710321,公园大地一期,龙岗区龙岗中心城,22.717771,114.241446,53000元/平,12
247760448335329,紫薇苑西区,龙岗区龙岗中心城,22.720109,114.246923,41000元/平,10
2411062842019,美地里园,龙岗区龙岗中心城,22.714529,114.243658,46000元/平,3
2411063203606,香荔绿洲,福田区香蜜湖,22.546847,114.032359,123000元/平,7
2411049501703,泰然小区,福田区车公庙,22.53998299825,114.03281205989,84021元/平,8
2411100878821,杭钢富春大厦,福田区车公庙,22.540435,114.027179,57617元/平,2
2420057429943879,天安高尔夫珑园,福田区车公庙,22.538147,114.03965,98078元/平,7
2411099419149,东海花园君豪阁,福田区香蜜湖,22.546393,114.033143,114130元/平,1
2411100878829,世纪豪庭,福田区车公庙,22.540618,114.027822,50000元/平,1
2414171802733303,深业中城,福田区香蜜湖,22.547177,114.029209,228125元/平,5
2411048614076,祥云天都世纪大厦,福田区新洲,22.527050528341,114.05049860325,62500元/平,3
2411049447032,星河世纪,福田区福田中心,22.543735454179,114.07394460303,85100元/平,3
2411048613833,南方国际广场,福田区石厦,22.532386204285,114.0621321159,71400元/平,4
2411100068293,星座大厦,福田区石厦,22.53181,114.061707,96000元/平,1
2413975829646188,万科翡丽郡四期,宝安区沙井,22.737316825674,113.82157918422,49000元/平,2
2411048746612,嘉洲华苑,福田区车公庙,22.534953644147,114.05136093917,65500元/平,3
2414148111993924,卓越誉珑,宝安区沙井,22.741717,113.818894,52766元/平,8
2411049445703,彩福大厦,福田区福田中心,22.541719175228,114.07413104222,55600元/平,4
2420037031666334,嘉霖微商大楼,龙华区观澜,22.736613,114.02947,暂无数据,2
2411100688865,又一城,龙岗区大运新城,22.731801,114.220185,53500元/平,4
2411048490479,水围龙轩豪庭,福田区皇岗,22.52626375249,114.06874491535,81300元/平,2
2411049445675,城中雅苑,福田区福田中心,22.537313295895,114.05892935551,93500元/平,11
2411050183008,合正佳园,福田区石厦,22.531523643224,114.06261198111,89200元/平,2
2411049446662,港丽豪园,福田区福田中心,22.536298,114.073528,76000元/平,3
2411100520411,宝生Midtown,福田区石厦,22.533245,114.060787,111700元/平,5
2411049454591,华富大厦,福田区景田,22.547293084233,114.05410711396,64200元/平,1
2411048608439,共和世家,福田区皇岗,22.526927405767,114.06484884166,70000元/平,16
2411049474359,新洲大厦,福田区新洲,22.532594709263,114.0555194875,58249元/平,3
2411063566263,新天CBC,福田区石厦,22.526868,114.059697,暂无数据,3
2411052466067,万科金色沁园,龙岗区龙岗中心城,22.729611,114.231201,50000元/平,7
2411063195034,雅颂居,福田区福田中心,22.549489,114.07237,110500元/平,8
2411048492184,御庭园,福田区皇岗,22.525144281048,114.07143796071,63300元/平,2
2411100846872,壹锦园,龙岗区龙岗中心城,22.735761,114.229178,62300元/平,4
2411049472495,锦洲花园,福田区新洲,22.531725167567,114.05112366141,57900元/平,21
2411049447469,岗厦辛诚花园,福田区福田中心,22.537389299417,114.07299280405,64300元/平,11
2411050182660,缔馨园,福田区石厦,22.530806126763,114.05834367437,105400元/平,2
2411051167592,美利达新村,龙岗区龙岗中心城,22.731753,114.232234,35643元/平,3
2411048611096,金地翠园,福田区石厦,22.530122053938,114.06050456926,85000元/平,6
2411048475143,晨晖家园,福田区皇岗,22.525557756796,114.06774623111,70000元/平,2
2411051216087,尚景华园,龙岗区龙岗中心城,22.733199624517,114.24883359014,37100元/平,15
2411052465943,长江花园,龙岗区龙岗中心城,22.736429143097,114.24259905348,35000元/平,3
2411048544005,瑞昌大厦,福田区皇岗,22.533923905424,114.07417537028,55000元/平,2
2411048611237,瑞和园,福田区石厦,22.52933006548,114.06238590769,75400元/平,3
2411049446855,恒运豪庭,福田区福田中心,22.538895961771,114.07280848861,74800元/平,2
2411063030023,禾田世居,龙岗区龙岗中心城,22.726586,114.24021,42777元/平,2
2420027290739614,御景蓝湾公馆,龙岗区龙岗中心城,22.729237,114.233322,47400元/平,1
2411050070081,伟柏花园,福田区皇岗,22.533972134234,114.07339026202,61400元/平,2
2420063723930275,新光大厦,福田区车公庙,22.536508,114.052321,61400元/平,1
2411048483245,恒福花园,福田区皇岗,22.532823,114.074231,55000元/平,2
2411048481807,福泉花园,福田区皇岗,22.53270535359,114.07155835894,58000元/平,2
2411048612818,雅云轩,福田区石厦,22.530896,114.061501,81200元/平,1
2411052737806,天集雅苑,龙岗区龙岗中心城,22.73688,114.251094,33100元/平,4
2411063111840,侨福大厦,福田区景田,22.547027,114.050328,69600元/平,1
2411049447031,发展兴苑,福田区福田中心,22.535755437383,114.0590805812,90000元/平,13
2411049446459,福岗园,福田区福田中心,22.543037,114.070863,62000元/平,1
247034978446636,金汐府,龙岗区龙岗双龙,22.735759,114.297677,32800元/平,3
2411063592784,岗厦天元花园,福田区福田中心,22.544289,114.071747,暂无数据,10
2411050709615,东鸿雅居,龙岗区坪地,22.736104327823,114.30328530761,28100元/平,2
2411048541737,福涛东园,福田区皇岗,22.526679,114.072668,66000元/平,1
2411048616518,祥韵苑,福田区石厦,22.532395784074,114.06099745464,73500元/平,2
2411048676690,瑞达苑,福田区景田,22.549960654575,114.05190377004,75000元/平,1
2411048675826,安栢丽晶,福田区景田,22.54598,114.050193,86000元/平,4
2411567278862831,桂景园,宝安区松岗,22.758539715432,113.86471455041,38000元/平,12
2411049446937,嘉麟豪庭,福田区福田中心,22.544618614858,114.07337986329,53800元/平,3
2411063460879,南海台大厦,南山区南头,22.537169,113.92586,66200元/平,1
249847163597757,国际商业大厦,罗湖区春风路,22.545331,114.12474,暂无数据,2
2411048484115,华轩大厦,福田区皇岗,22.533359322126,114.07099370843,50000元/平,1
2420030720941398,侨城一号广场,南山区华侨城,22.553446,113.992719,暂无数据,1
2411048869090,港湾丽都,南山区前海,22.537003,113.920973,78000元/平,9
24000000037268,佳兆业金御佳园,龙岗区平湖,22.695835706178,114.13443918319,暂无数据,5
2411048747194,香珠花园,福田区香蜜湖,22.543405607583,114.02653857579,98700元/平,4
24000000007446,木棉湾村新区五巷,龙岗区布吉南岭,22.61377304249,114.14018989147,暂无数据,1
2414458738740469,新安大厦,罗湖区春风路,22.548401,114.124849,暂无数据,1
2411050188120,蓝色海云居,福田区石厦,22.532860362602,114.05816978476,86100元/平,1
2411048488622,嘉意台,福田区皇岗,22.525877562141,114.07134380546,60300元/平,3
2411050387829,城投福滨苑,福田区华强南,22.537521,114.084335,76600元/平,2
2411048543289,皇庭居,福田区皇岗,22.529435977347,114.07425378977,63700元/平,2
249865015077937,太阳岛,罗湖区春风路,22.546741,114.130425,暂无数据,1
2411048539788,福民佳园,福田区皇岗,22.52832332326,114.07227959404,66600元/平,2
2411048544617,紫光名苑,福田区皇岗,22.530034277759,114.07435735343,61100元/平,1
247646499843548,源华综合楼,南山区蛇口,22.50444,113.938638,68000元/平,1
2411050341749,宝鸿苑,福田区新洲,22.529292896685,114.04873373911,76800元/平,6
2411048619778,中央花园,福田区石厦,22.529451865047,114.05909137617,68300元/平,6
249684024308240,福田大厦,福田区华强南,22.545711,114.089324,60000元/平,3
2420034599229792,万科香蜜府,福田区竹子林,22.55579443888,114.01340053985,暂无数据,4
2412715493176175,福星雅园 ,龙华区观澜,22.747793,114.022873,13158元/平,1
2411048992388,常丰花园,南山区南头,22.537725985969,113.92843674823,50000元/平,2
2411048491463,显锐大厦,福田区皇岗,22.532898260282,114.07074385968,55000元/平,1
2420033277413249,海莉园,南山区蛇口,22.499118,113.934395,64000元/平,2
2415098862930585,福永花园,宝安区福永,22.675082,113.824106,38000元/平,7
2413991621463088,半山海景别墅,南山区蛇口,22.492971,113.916855,132000元/平,11
2411049953156,海昌大厦,南山区蛇口,22.492741626232,113.9287055316,63000元/平,4
2412355104943939,联华大厦,罗湖区春风路,22.543212,114.124673,暂无数据,1
2420026132738668,泰山大厦,罗湖区万象城,22.542361,114.121902,暂无数据,1
2411049462558,君明府,福田区香蜜湖,22.55751,114.01819,暂无数据,2
2411100250555,35区住宅楼,宝安区新安,22.583229,113.904442,46392元/平,7
2411100874824,新兴村,罗湖区新秀,22.550972,114.153142,45660元/平,5
2411063256442,佳兆业新都汇,龙岗区布吉南岭,22.612684,114.137279,52000元/平,2
2411049636548,明苑大厦,福田区赤尾,22.541144,114.105115,55000元/平,2
24000000022097,THETOWN乐城二期,龙岗区大运新城,22.679480528531,114.22953817503,暂无数据,3
2411049061211,设计院宿舍,罗湖区黄贝岭,22.552795,114.141258,54800元/平,3
24000000010852,岗厦城,福田区福田中心,22.541094236719,114.0731327874,暂无数据,5
2411048494020,集华花园,福田区皇岗,22.531975,114.071186,50000元/平,2
2411049614933,南贸花园,南山区南头,22.539839379437,113.92633230438,97960元/平,2
2411049446496,福鑫苑,福田区福田中心,22.541488389851,114.07691295543,59600元/平,3
2411049464570,鸿新花园,福田区竹子林,22.550793431839,114.01123795834,暂无数据,9
2420029486305776,宝树台,福田区华强北,22.549097,114.099281,100000元/平,3
2411048540666,福民新村,福田区皇岗,22.529073836961,114.07618153086,63300元/平,40
2411063964362,南光捷佳大厦,福田区华强南,22.545358,114.085001,55200元/平,1
2411049447870,华景花园,福田区福田中心,22.536234389765,114.07622750922,50800元/平,1
2413626975466481,宝安山庄,宝安区松岗,22.776896,113.824667,37000元/平,6
2411062842661,牧云溪谷,龙岗区坪地,22.814017733309,114.33434678323,18539元/平,11
2411062492867,康达尔职工住宅楼,福田区新洲,22.532373,114.050634,55000元/平,1
2411063114226,懿德轩,南山区华侨城,22.554894,113.990446,暂无数据,2
2411049465078,侨香公馆,福田区竹子林,22.551102016948,114.01337100552,暂无数据,9
2420031777426082,深圳市福田区福利中心,福田区车公庙,22.535947,114.049594,暂无数据,3
2410042806645231,新闻大厦,福田区华强北,22.547697,114.109446,暂无数据,2
2411100878990,求是大厦,福田区竹子林,22.540917,114.017099,暂无数据,3
2411048486002,皇岗花园大厦,福田区皇岗,22.533473267736,114.07178184084,50400元/平,2
2411063449232,荔香坊,福田区华强北,22.549017,114.108938,93600元/平,6
2411100842722,中信高尔夫别墅栖湖,龙岗区龙岗宝荷,22.7056933681,114.27449865078,暂无数据,14
2411063100394,博林天瑞,南山区大学城,22.590044,113.979482,82700元/平,9
2411049017435,跃华园,南山区南山中心,22.531550044356,113.93084167336,53400元/平,1
2411050372257,明福居,福田区竹子林,22.5481244896,114.0189298456,122700元/平,2
2420020904469988,锦洲市场综合楼,福田区新洲,22.531394,114.05072,暂无数据,1
2420030728317637,海境界家园二期,南山区蛇口,22.497975,113.942284,177970元/平,2
2411049446542,岗厦村统建楼,福田区福田中心,22.543532260915,114.07805651006,暂无数据,9
249227400916438,长虹住宅楼,福田区华强南,22.544401,114.102166,50400元/平,2
2411099565570,宏宝花园,南山区蛇口,22.498522,113.934576,62975元/平,5
2420054296551792,光前村,南山区西丽,22.568638806371,113.96957293035,暂无数据,16
248095089307866,迎朝大厦,南山区蛇口,22.485958,113.91976,暂无数据,1
2410115054055101,华都园大厦,罗湖区春风路,22.547797,114.130008,暂无数据,1
2411049446542,岗厦村统建楼,福田区福田中心,22.543532260915,114.07805651006,暂无数据,9
2411049737824,兰园大厦,南山区蛇口,22.510174211216,113.93400689831,67000元/平,3
2411048563506,洪湖二街十号大院,罗湖区洪湖,22.568828,114.127833,49335元/平,11
2411545118518764,南园村园西,福田区华强南,22.544443,114.096542,61400元/平,5
2411050450729,金梅花园,福田区梅林,22.571049356006,114.04976849076,暂无数据,9
2411050193496,东方欣悦居,福田区石厦,22.529021848997,114.06070560419,85100元/平,2
2411069560729043,地王商务公寓,罗湖区地王,22.548598,114.116134,暂无数据,1
2411063697091,招商桃花园五期,南山区蛇口,22.509896937369,113.92429360554,90000元/平,5
2411064080180,卓越前海壹号,南山区前海,22.535443,113.907057,暂无数据,7
2411049446322,彩天名苑,福田区福田中心,22.543256550912,114.07509021666,64800元/平,4
2411049450902,润恒大厦,福田区福田中心,22.536702842784,114.07558190659,65500元/平,2
2411063848898,庆福园大厦,福田区华强南,22.541918,114.087202,61900元/平,1
2411049447964,皇洲花园,福田区福田中心,22.536586135728,114.07849940376,56600元/平,9
24000000001287,紫元元大厦,福田区皇岗,22.534006,114.07727,暂无数据,1
2411049447897,五邑大厦,福田区华强南,22.544338962335,114.09411838378,43100元/平,1
2411050221779,东风汽车大院,福田区华强北,22.549107872878,114.09989585032,77700元/平,13
2411049635069,光华园,福田区赤尾,22.539965508636,114.09918119193,49800元/平,3
2411063255363,ONE 39,罗湖区地王,22.549892,114.118334,39941元/平,1
248709944388723,大中华汇展阁,罗湖区罗湖口岸,22.540496,114.12403,26799元/平,1
249162542559943,幸福里雅居,罗湖区万象城,22.543066,114.117154,87000元/平,3
2411048406669,供电南苑,罗湖区万象城,22.547886646113,114.11915166381,58000元/平,2
249054885000152,幸福万象,罗湖区罗湖口岸,22.539181,114.117405,暂无数据,1
2411048394382,滨苑小区,罗湖区万象城,22.54030358056,114.1152677361,63800元/平,16
2411048454693,爵士大厦,罗湖区万象城,22.546113037905,114.12125307746,32378元/平,4
24000000002776,燃气集团住宅楼（煤气公司宿舍楼）,福田区华强南,22.544577582071,114.10180760801,55000元/平,2
2411048413891,渔民村,罗湖区罗湖口岸,22.539496022379,114.11871908877,47000元/平,15
249095223455226,巴登街综合楼,福田区上步,22.544882,114.108183,54800元/平,3
2411048987578,金城大厦,罗湖区春风路,22.549305054843,114.12846203069,46600元/平,8
2411049197057,双城世纪,罗湖区罗湖口岸,22.539519,114.12732,48700元/平,3
2411048990445,银座金钻,罗湖区春风路,22.547907176318,114.12823811294,48600元/平,1
2411063864742,澳新亚大厦,福田区福田中心,22.537923,114.075301,暂无数据,1
2411049452196,中深花园,福田区福田中心,22.537256802918,114.07538396686,暂无数据,3
2420033900669614,赤尾深华宿舍,福田区赤尾,22.535008968198,114.09000794382,88173元/平,3
2411048992173,海丰苑大厦,罗湖区春风路,22.546830877661,114.12456483383,45000元/平,3
2411063846678,台湾花园,龙岗区坂田,22.641085,114.068638,37300元/平,4
2410661220331256,龙兴大厦,罗湖区万象城,22.542803,114.12182,39400元/平,1
2411050274472,南园新村,福田区华强南,22.545085506381,114.10098192968,73737元/平,17
2411048409685,华瑞大厦,罗湖区万象城,22.542769322872,114.11574899363,53100元/平,2
2411048452140,中怡大厦,罗湖区万象城,22.544822,114.12141,55816元/平,2
2411048436752,宝平街住宅小区,罗湖区万象城,22.547725481967,114.12034125755,46000元/平,7
2411049282652,锦上花家园,罗湖区黄贝岭,22.547227159711,114.14263809759,52300元/平,2
2411048990153,兴业大厦,罗湖区春风路,22.54900226739,114.12603524809,42000元/平,1
2411048989868,兴隆大厦,罗湖区春风路,22.549049264303,114.12654850361,39000元/平,1
2411048987262,湖心大厦,罗湖区春风路,22.547034,114.126773,45400元/平,2
2410612845064723,好运来大厦,罗湖区春风路,22.545504,114.135856,暂无数据,1
2411048989559,深华商业大厦,罗湖区春风路,22.547017,114.127727,41700元/平,2
2411048986521,东海大厦,罗湖区春风路,22.548191614566,114.12799406258,38000元/平,1
2420025938270663,松兴大厦,宝安区松岗,22.77041,113.853472,34550元/平,6
249055094451638,文锦大厦,罗湖区黄贝岭,22.54945,114.138304,38000元/平,1
2411048756230,文锦花园,罗湖区黄贝岭,22.549735485492,114.1389066642,50000元/平,27
2411050350560,碧海花园,宝安区翻身,22.567915598853,113.90332781895,暂无数据,7
2411049569848,海语西湾,宝安区碧海,22.562813638432,113.87241334391,85000元/平,10
2420030719930544,宝和苑,宝安区碧海,22.573608,113.865619,73146元/平,2
2411049571277,豪业华庭,宝安区碧海,22.566903096782,113.87364298727,57300元/平,13
2411063228162,卡罗社区,宝安区翻身,22.567724,113.896576,75000元/平,4
2411049578830,花样年花乡,宝安区宝安中心,22.571537204019,113.88928419408,88400元/平,4
2411053142705,西城上筑花园,宝安区宝安中心,22.562322983211,113.89872317695,88400元/平,9
2411050261718,富通好旺角一期,宝安区宝安中心,22.563693,113.895581,80000元/平,5
2411050195630,第五大道高发西岸花园一期,宝安区宝安中心,22.562025,113.884127,88400元/平,9
2411050679254,金叶茗苑,宝安区翻身,22.57406202784,113.89308090463,54500元/平,8
2411053153449,熙龙湾一期,宝安区宝安中心,22.554135800504,113.89539148771,100800元/平,14
2414150792415480,第五大道高发西岸花园三期,宝安区宝安中心,22.56089,113.884334,88400元/平,12
2414150232190371,幸福海岸二期,宝安区宝安中心,22.566743,113.88482,88400元/平,3
2411050272394,海滨城广场一期,宝安区翻身,22.568966655223,113.89802073564,52500元/平,10
2411050682483,御景湾,宝安区宝安中心,22.568536522626,113.88112630332,70100元/平,5
2411049569128,海涛居,宝安区西乡,22.571173,113.878437,57500元/平,2
2411053082467,天悦龙庭一期,宝安区宝安中心,22.562992436301,113.89328110605,88400元/平,6
2411050271822,广信花园,宝安区翻身,22.570185,113.895203,51000元/平,4
2411100067255,碧涛阁,宝安区翻身,22.570845,113.892919,55105元/平,3
2414233380096125,富通好旺角二期,宝安区宝安中心,22.564556,113.895973,75000元/平,2
2411049259830,碧湾雅园,宝安区西乡,22.571607671756,113.87622471946,57800元/平,6
2411050346323,宝华花园,宝安区翻身,22.571510668045,113.89546409146,46700元/平,3
2411050669463,华翔居,宝安区翻身,22.574732805291,113.89499388514,48300元/平,6
2420028709100512,新锦安雅园三期,宝安区翻身,22.555177,113.90981,68600元/平,10
2411050343606,白金时代,宝安区新安,22.572195753373,113.90346512509,83000元/平,1
2411050683361,裕宝大厦,宝安区新安,22.565582197383,113.91537089264,66600元/平,2
2411050665451,恒安花园,宝安区新安,22.574914042341,113.92212308594,73800元/平,6
2411050345493,宝河大厦,宝安区新安,22.56720003661,113.91484170249,62400元/平,3
2411050267468,富源花园,宝安区翻身,22.564085246154,113.90303366522,51000元/平,10
2411050266874,冠城世家,宝安区新安,22.571803002821,113.91147356167,66400元/平,9
2411050736635,湖景居,宝安区新安,22.567499120675,113.91742658686,75000元/平,2
2411050343929,宝海花园,宝安区翻身,22.563868,113.909281,52200元/平,4
2411063414027,宝民花园,宝安区新安,22.573326,113.906226,47500元/平,46
2411050264584,富怡花园,宝安区翻身,22.565656624977,113.90536203639,50000元/平,6
2411050260516,富盛苑,宝安区翻身,22.570573892913,113.90183320579,47200元/平,3
2411050611682,新城花园,宝安区翻身,22.571992,113.901106,51500元/平,4
2411050349291,宝新花园,宝安区翻身,22.564824853047,113.90015115354,48271元/平,3
2410660129025785,区城管局宿舍楼,宝安区新安,22.569967,113.920847,65300元/平,4
2411053841549,天河楼,宝安区新安,22.574939,113.917845,60000元/平,3
2420021678478645,21区灵芝新村,宝安区新安,22.574886,113.916207,83450元/平,5
2411049019368,中山颐景花园一期,南山区南头,22.554710437597,113.93082211952,69900元/平,9
2414126491930456,前海东岸,南山区南头,22.558620177786,113.92516232441,90000元/平,5
2411049017083,缘来居,南山区科技园,22.551401483922,113.94084737152,82300元/平,1
2411049004939,晶品居,南山区科技园,22.550706,113.940492,82800元/平,2
2411049012426,祥泰公寓,南山区南头,22.554572374945,113.93492604736,61000元/平,1
2413282937418384,直升机场公寓楼,南山区南头,22.564604,113.936347,60000元/平,2
2411063256583,红树别院,南山区科技园,22.55145,113.962998,132000元/平,4
2411048964755,松坪村二期,南山区科技园,22.563588526663,113.96322902111,68000元/平,8
2411049347841,通讯小区,南山区科技园,22.555815941651,113.95536191333,95000元/平,2
2411049625975,天鹅堡,南山区华侨城,22.553244586396,113.98394563798,76000元/平,18
2418039588008154,香山美墅三期,南山区华侨城,22.558157,113.977139,80600元/平,4
2411099930672,香山里花园一期,南山区华侨城,22.559573,113.980565,79700元/平,5
2411049651096,翠海花园一期,福田区香蜜湖,22.557135644966,114.02320368819,131000元/平,9
2411049588802,中旅国际公馆2期,福田区香蜜湖,22.554136,114.020514,131000元/平,11
2411063573843,栖棠映山,福田区梅林,22.569312,114.02173,106400元/平,6
2411049894409,尚书苑,福田区梅林,22.568739099499,114.04403047283,74000元/平,5
2412377335017995,梅林一村九区,福田区梅林,22.571306,114.041341,77900元/平,5
2411063523369,景尚雅苑,福田区香梅北,22.563674,114.040412,115000元/平,1
2411049479712,天然居,福田区香梅北,22.560147,114.042307,103700元/平,6
2411049459305,景田西小区,福田区景田,22.562456974057,114.04807473615,81300元/平,17
2411049582711,香蜜湖豪庭,福田区香蜜湖,22.557808,114.030583,131000元/平,3
2411049480522,万科城市花园,福田区香梅北,22.562266697242,114.038991184,103400元/平,5
2411049878033,润华苑,福田区梅林,22.572462,114.048586,71200元/平,3
2411063735593,华盛领寓,福田区香梅北,22.564016,114.040873,101600元/平,1
2411063462402,景西大厦,福田区景田,22.563744,114.046586,71100元/平,1
2411063736913,景梅新村,福田区景田,22.565184,114.047516,77634元/平,2
2412376462340855,梅林一村四区,福田区梅林,22.57346,114.04564,77900元/平,7
2411063078320,长城盛世家园二期,福田区莲花,22.566853,114.071555,79500元/平,9
2411050201564,长城盛世家园一期,福田区莲花,22.56603,114.07317,71200元/平,4
2411048667443,海康大厦,福田区梅林,22.573689352747,114.06802245668,66700元/平,1
2411063219697,城投青莲公寓,福田区莲花,22.566888,114.064183,81500元/平,2
2411050086019,黄埔雅苑四期,福田区福田中心,22.550880560409,114.05988452343,91000元/平,5
2411049946225,新世界家园,福田区梅林,22.571035836511,114.05937219344,62300元/平,3
2411048669913,华府馨居,福田区梅林,22.572752,114.066962,82800元/平,6
2411049928027,蓝宝石名庭,福田区梅林,22.571469,114.066726,60000元/平,1
2411100165089,凯丰花园综合楼,福田区梅林,22.57243,114.070791,56340元/平,1
2420057551604860,荔园阁二期,福田区梅林,22.572761,114.057183,67400元/平,1
2411049453599,润丰园,福田区景田,22.55837844475,114.05324755494,64321元/平,3
2411049966952,合旺阁,福田区梅林,22.572190118534,114.06728576536,59100元/平,3
2411062873968,梅兴苑,福田区梅林,22.572207,114.056231,59000元/平,15
2411049487269,景莲花园,福田区景田,22.557894307475,114.05320903119,67784元/平,2
2411049487997,景田南小区,福田区景田,22.561407,114.052664,66400元/平,14
2411049921116,百兴苑,福田区梅林,22.570814,114.063453,48900元/平,5
2411049455570,雨田村一期,福田区莲花,22.56610953226,114.0624058379,66700元/平,8
2420057551604859,荔园阁一期,福田区梅林,22.57274,114.057805,62000元/平,1
2411049921257,东方富苑,福田区梅林,22.570671046079,114.06548814803,61700元/平,2
2420053438548491,景林花园,福田区景田,22.56079,114.051981,63355元/平,3
2411063393747,凯丰花园一期,福田区梅林,22.573509,114.070984,50950元/平,4
2411049454399,润鹏花园,福田区莲花,22.564998637252,114.07084481378,51968元/平,1
2411049455163,新世界山月居,福田区莲花,22.566204887992,114.06359243006,70100元/平,2
2411049929777,梅林居,福田区梅林,22.572150849572,114.06485331536,62500元/平,4
2411049663852,宏威花园,福田区莲花,22.565961836083,114.06495750791,56300元/平,1
2411049931703,合正园,福田区梅林,22.568808838328,114.05814834113,58800元/平,2
2411063202969,警备区安居苑,福田区莲花,22.566009,114.066297,78351元/平,4
2411064018597,东方时代广场,福田区华强北,22.551708,114.092718,74400元/平,1
2411049461488,福莲花园,福田区福田中心,22.551611765459,114.07560811981,78600元/平,23
2411063865235,现代之窗,福田区华强北,22.550048,114.093442,85800元/平,2
2411049456638,莲花二村,福田区莲花,22.555802826265,114.07692741198,86000元/平,50
2411049462769,振业花园,福田区福田中心,22.551118,114.078149,80300元/平,9
2411049529484,华新村,福田区华强北,22.556058,114.092181,73400元/平,30
2411049462996,长福花园,福田区福田中心,22.552867163302,114.07819441678,76600元/平,14
2411049716690,鹏盛村,福田区八卦岭,22.562890069024,114.10870113789,72252元/平,10
2411049676225,园岭新村,福田区园岭,22.559617,114.107419,92806元/平,108
2411049453866,城市主场,福田区八卦岭,22.564261109019,114.10246025327,79700元/平,2
2411048681065,深城公寓,罗湖区笋岗,22.573229706748,114.11161283928,52500元/平,1
2411048428873,红桂皇冠,罗湖区地王,22.556367,114.115348,51000元/平,1
2411049929696,翠馨居花园,福田区八卦岭,22.570224302205,114.1093908286,81784元/平,2
2411049443474,笋岗大厦,罗湖区笋岗,22.570843,114.118293,37600元/平,1
2411048429626,TCL雅馨居,罗湖区地王,22.555525,114.117646,57500元/平,1
2411048600008,金银园,罗湖区银湖,22.574892445927,114.10465575598,58000元/平,2
2411048383831,中航凯特公寓,罗湖区地王,22.557674427655,114.11533735256,暂无数据,1
2411048431187,松园南小区,罗湖区地王,22.55884859568,114.11784273305,54900元/平,19
2411048425893,国都花园,罗湖区地王,22.554889,114.117354,48500元/平,2
2411049445144,庐江春天公寓,罗湖区笋岗,22.572652407149,114.12211423043,41400元/平,3
2411048498228,日豪名园,罗湖区地王,22.555232735539,114.11614690057,43100元/平,1
2411048467409,天元大厦,罗湖区地王,22.556584,114.117769,40400元/平,1
2411048680497,春笋楼,罗湖区笋岗,22.572431920999,114.11500661721,75985元/平,3
2411048437381,嘉福苑,罗湖区地王,22.555963564761,114.11693065811,45164元/平,4
2411049713334,圆龙园,福田区园岭,22.557811521777,114.10393554995,85400元/平,2
2411049444746,湖馨苑,罗湖区笋岗,22.566392,114.123088,65400元/平,1
2411048468396,西湖大厦,罗湖区地王,22.561194334482,114.11591308846,32300元/平,1
24000000051185,招商中环红玺,罗湖区笋岗,22.568668882744,114.11278837623,暂无数据,1
2411048431083,红桂二街一号大院,罗湖区地王,22.555429611846,114.11366159038,79710元/平,4
2411048427276,红围二巷13号,罗湖区地王,22.551105929935,114.11787818617,50986元/平,2
2411048434699,洪一二邨,罗湖区地王,22.554564816147,114.11606402043,52894元/平,10
2411048434913,宝泉庄菁华楼,罗湖区地王,22.556012,114.118468,47480元/平,5
2411048439876,燃料公司,罗湖区地王,22.555950819857,114.11800042888,52142元/平,3
2411049445254,铁东小区,罗湖区笋岗,22.568462,114.12325,45500元/平,7
2411049445439,新时速嘉园,罗湖区笋岗,22.567352,114.123113,54900元/平,9
2411049720598,荣生小区,福田区八卦岭,22.568580848362,114.10682451722,67325元/平,3
2411050394172,深勘大厦,福田区华强北,22.553998428491,114.10150657124,暂无数据,1
2411063009273,南国大厦,福田区园岭,22.561688,114.11039,暂无数据,2
2414578850500038,鹏公馆,罗湖区翠竹,22.57267,114.129779,98800元/平,1
2411048445071,金丽豪苑,罗湖区翠竹,22.571564331412,114.13400634299,74300元/平,6
2411048991043,怡泰大厦,罗湖区黄贝岭,22.560464226351,114.13423662665,52400元/平,2
2411048933162,华隆园,罗湖区螺岭,22.556672,114.133353,61619元/平,3
2411048980592,东门天下,罗湖区东门,22.556108,114.128917,61200元/平,4
2411048985741,合正荣悦,罗湖区黄贝岭,22.559169163767,114.13622202024,93200元/平,8
2411048980744,东悦名轩,罗湖区东门,22.557598742773,114.12958052553,70300元/平,3
2411048989201,蓝馨苑,罗湖区黄贝岭,22.557833146489,114.13665067324,73300元/平,1
2411048940969,名都大厦,罗湖区螺岭,22.556844832491,114.13639894129,77400元/平,3
2411049440396,福德花园,罗湖区螺岭,22.552659609424,114.13990029232,55200元/平,2
2411048980007,东门金座,罗湖区东门,22.55449,114.125768,52000元/平,1
2411048981345,华盛君荟名庭,罗湖区东门,22.55696,114.128938,76500元/平,2
2411064002494,泰宁花园,罗湖区百仕达,22.571997,114.147211,46500元/平,7
2411063107463,天玺一号,罗湖区东门,22.558203,114.130232,87100元/平,5
2411048965967,集浩大厦,罗湖区黄贝岭,22.552854193954,114.14207345824,40700元/平,3
2411048657476,佳兆业金翠园,罗湖区翠竹,22.567543,114.135439,98800元/平,5
2411063436012,华丽花园,罗湖区螺岭,22.556711,114.14055,53800元/平,4
2411048803180,翡翠公寓,罗湖区翠竹,22.567287,114.130829,暂无数据,1
2411048782832,嘉多利花园,罗湖区翠竹,22.567231878382,114.13169838341,85800元/平,11
2411048976995,港澳8号,罗湖区东门,22.550571896861,114.12879531604,36000元/平,1
2411048983594,翠华花园,罗湖区黄贝岭,22.561813531685,114.13886864985,78600元/平,40
2411048566790,美景大厦,罗湖区洪湖,22.571442790748,114.1286650479,45900元/平,3
2411064035350,汇锦名园,罗湖区螺岭,22.554547,114.138549,62700元/平,1
2411048983596,南海中心,罗湖区东门,22.554686424937,114.12816727177,46400元/平,3
2411048482414,翠盈嘉园,罗湖区洪湖,22.56334758667,114.12963605874,57000元/平,3
2411064036901,锦绣大厦,罗湖区螺岭,22.555082,114.13824,55500元/平,2
2411048879196,翠苑住宅小区,罗湖区百仕达,22.574327559401,114.14353462316,50000元/平,6
2411048981237,嘉年华名苑,罗湖区东门,22.55625,114.128028,68700元/平,1
2411048485134,洪湖花园,罗湖区洪湖,22.563259294833,114.12723490038,48000元/平,4
2411048530149,碧水园,罗湖区洪湖,22.56675,114.128291,51000元/平,3
2411048966563,集浩花园,罗湖区黄贝岭,22.555717,114.141874,53300元/平,4
2411048879924,翠苑大厦,罗湖区百仕达,22.574836,114.144268,46100元/平,2
2411048487068,湖景花园,罗湖区洪湖,22.565199,114.126567,55000元/平,5
247959199100407,华丽东村,罗湖区黄贝岭,22.557381,114.142989,49100元/平,23
2411048795541,金福大厦,罗湖区百仕达,22.564051905388,114.13691032571,58500元/平,2
2411049440919,华裕花园,罗湖区螺岭,22.552399419673,114.13905917924,51000元/平,2
2411048700216,龙屋小区,罗湖区翠竹,22.565657541023,114.13204542714,78706元/平,16
2411048966925,庐峰翠苑,罗湖区黄贝岭,22.556576,114.143697,59600元/平,5
2411049441478,深发花园,罗湖区黄贝岭,22.552099,114.144754,44000元/平,2
2411048981979,立新花园一期,罗湖区东门,22.55499,114.127224,51332元/平,9
2420072320306114,29号大院西区,罗湖区百仕达,22.56565,114.139774,59576元/平,2
2411048563506,洪湖二街十号大院,罗湖区洪湖,22.568828,114.127833,49335元/平,11
2411048555887,逸湖居,罗湖区翠竹,22.574106575743,114.13014792739,66600元/平,1
2411064063542,水产大厦,罗湖区东门,22.561938,114.126787,41600元/平,1
249161272995593,城建综合楼,罗湖区翠竹,22.570843,114.132828,98800元/平,1
2411048634913,水贝供电局住宅小区,罗湖区百仕达,22.574413755731,114.13758982282,51300元/平,12
2411048717683,湖滨新村,罗湖区黄贝岭,22.565558438931,114.14425683078,54054元/平,17
2411048880258,金泰名苑,罗湖区百仕达,22.574644,114.147991,51100元/平,4
2411048961560,名阳阁,罗湖区螺岭,22.557284304436,114.1361289559,69000元/平,2
2411048975633,中兴路144号大院,罗湖区螺岭,22.555919112823,114.1315344489,75408元/平,9
2411048966993,泰丽苑,罗湖区黄贝岭,22.556981,114.143365,45000元/平,2
2411048977499,湖溪大厦,罗湖区东门,22.551470203558,114.12996847341,32412元/平,1
2411048980958,翠园十四巷,罗湖区螺岭,22.558444194712,114.13309631255,82195元/平,2
2411048988680,万科俊园,罗湖区黄贝岭,22.557732424038,114.13735012803,45000元/平,1
2411048985864,万科彩园,罗湖区东门,22.557118,114.127781,59400元/平,1
2417129941773968,翠园十九巷,罗湖区螺岭,22.559024,114.132796,75461元/平,4
24000000004829,凤凰街14号大院,罗湖区螺岭,22.555018020467,114.14003990513,62641元/平,2
2411048484349,城建小区,罗湖区洪湖,22.564199580305,114.12822432055,59322元/平,3
2411048445969,燃气小区,罗湖区翠竹,22.571565657329,114.13542012911,92222元/平,1
2410502489256564,景庭苑,罗湖区黄贝岭,22.563092,114.143492,68845元/平,2
2411048674157,石油公司宿舍,罗湖区翠竹,22.566573720308,114.1313963192,78700元/平,3
2411048791741,花岗石公司,罗湖区翠竹,22.565762622015,114.13450085019,66316元/平,2
2411048862928,水电大厦,罗湖区翠竹,22.569331,114.136246,58500元/平,4
2411048839085,田贝三路,罗湖区翠竹,22.570560267057,114.13201022421,66237元/平,14
2411048989560,沁芳名苑,罗湖区黄贝岭,22.564372049271,114.14058085341,71932元/平,2
2411048985620,世濠大厦,罗湖区东门,22.554894528953,114.1260656669,45900元/平,2
2411048975343,东方大厦家属楼,罗湖区螺岭,22.557329721026,114.13110862181,46309元/平,1
2411063193877,文锦广场,罗湖区翠竹,22.564558,114.131864,暂无数据,3
2420055305446152,晒布路15号大院,罗湖区东门,22.556194822257,114.12753152491,45324元/平,1
2411063530726,四季御园,罗湖区莲塘,22.559969,114.164785,60300元/平,8
2420072321358266,竹园居,罗湖区黄贝岭,22.563236,114.139238,59621元/平,2
2411063529775,兰亭国际名园,罗湖区莲塘,22.558653,114.163816,51100元/平,2
2411048867462,新世界鹿茵翠地,罗湖区莲塘,22.564955428376,114.16787160793,56400元/平,13
2411138332372590,华清园,罗湖区新秀,22.559834,114.157998,44600元/平,4
2420057445697844,小鹏兴花园,罗湖区莲塘,22.570244268239,114.17414248159,54561元/平,4
2410317486371330,深港新村,罗湖区新秀,22.556367,114.154833,44900元/平,9
2411048857550,安业花园,罗湖区新秀,22.560047,114.158717,45000元/平,8
249979495199236,京武雅翠轩,罗湖区莲塘,22.571322,114.168387,60000元/平,1
249980063264919,乐华楼,罗湖区莲塘,22.570881,114.173954,53000元/平,1
2411048850665,名骏豪庭,罗湖区莲塘,22.564981451872,114.17874017756,53000元/平,10
2411049322362,金色年华家园,罗湖区莲塘,22.567989692308,114.17825074385,63400元/平,3
2411048852125,鹏兴花园五期,罗湖区莲塘,22.563772,114.175443,56000元/平,8
2411048848271,祥和花园,罗湖区莲塘,22.567821313087,114.17563051757,50942元/平,4
2420057429943403,梧桐山新居一期,罗湖区莲塘,22.573056,114.181669,53500元/平,10
2411063572871,云景梧桐花园,罗湖区莲塘,22.572325,114.189174,86200元/平,7
2411063082099,聚福花园二期,罗湖区莲塘,22.566448,114.177927,47800元/平,3
248531889105949,松源大厦,罗湖区莲塘,22.570476,114.17513,43118元/平,7
2411099618185,莲花阁,罗湖区莲塘,22.566435,114.176285,44800元/平,5
2411099669554,御庭轩罗湖,罗湖区莲塘,22.571875,114.182715,52000元/平,3
24000000000967,莲南商住楼一期,罗湖区莲塘,22.566722561371,114.18111202076,52504元/平,2
246923539197675,依仙湖居,罗湖区莲塘,22.573926,114.176649,42032元/平,3
2411063082100,港莲北村,罗湖区莲塘,22.567111,114.176457,49361元/平,3
247099821600845,电信宿舍,罗湖区莲塘,22.566138,114.175849,48013元/平,3
2411062667608,海山道1号,盐田区沙头角,22.564324,114.244955,49500元/平,5
2411062580251,鹏湾花园一村,盐田区沙头角,22.559351,114.242949,48500元/平,19
2411062578224,蓝色海月居,盐田区沙头角,22.567528,114.246925,40100元/平,8
2411062674846,倚山花园二期,盐田区沙头角,22.567728,114.243857,46000元/平,2
2411062635116,蓝郡广场,盐田区沙头角,22.556718,114.243764,59800元/平,6
2411062602161,宝桐居,盐田区沙头角,22.562528,114.231412,40889元/平,1
2411100692437,三十六小区,盐田区沙头角,22.56231,114.235094,46434元/平,5
2411062513722,太平洋小区,盐田区沙头角,22.555122,114.241463,40500元/平,6
2411062929971,蓝郡左岸,盐田区沙头角,22.558025,114.243215,58000元/平,4
2411063474709,东埔海景花园三期,盐田区沙头角,22.554003,114.243599,57200元/平,3
2411062588191,海山居,盐田区沙头角,22.564591,114.245772,43100元/平,8
2411100137230,东顺宿舍,盐田区沙头角,22.561355,114.236026,34381元/平,3
2411100445304,金桐公寓,盐田区沙头角,22.564616,114.242024,48088元/平,2
2420049792234163,沙头角税务局宿舍,盐田区沙头角,22.558563877459,114.23543553892,40381元/平,1
2411063027896,君临海域,盐田区沙头角,22.562647,114.25033,51353元/平,3
2411062573710,海鹏苑,盐田区沙头角,22.567945,114.2519,34200元/平,5
2420023273871666,凯旋湾花园三期,大鹏新区大鹏半岛,22.551353,114.491056,56000元/平,4
2411048709860,圣淘沙骏园,宝安区西乡,22.580043170901,113.86864366048,88700元/平,12
2420034610636480,碧桂园凤凰国际智谷,宝安区西乡,22.59197,113.872831,36934元/平,4
2411048706509,海湾明珠花园二期,宝安区西乡,22.581186345694,113.86706497788,52600元/平,5
2411052410765,黄金大厦,宝安区新安,22.582017,113.89559,65400元/平,3
2411049546068,富通蟠龙居,宝安区西乡,22.581497328914,113.87548413435,57000元/平,24
2411052380468,滨海春城,宝安区翻身,22.575557459046,113.8944349952,56400元/平,7
2411050346781,宝佳苑,宝安区翻身,22.576316129397,113.89661967399,58700元/平,1
2420044769689797,九方广场,宝安区西乡,22.589537,113.876573,38372元/平,4
2420032107879470,德弘基·碧桂园·前海荟,宝安区西乡,22.576786514307,113.88346731265,107720元/平,2
2411049263170,宝兴花园,宝安区西乡,22.593950256645,113.88419278848,42500元/平,5
2411050255509,富民苑,宝安区翻身,22.575635034338,113.8961087241,42700元/平,2
2411049575616,弘雅花园二期,宝安区新安,22.578156026164,113.90001068711,48000元/平,14
2411052406469,宝乐花园,宝安区新安,22.577542349445,113.90163303053,49969元/平,3
2411049521309,丰华苑,宝安区新安,22.580146588092,113.92206324788,82900元/平,2
2411049256729,宝雅花园,宝安区新安,22.578957787905,113.92340636164,72500元/平,7
2413646184329529,31区农贸市场,宝安区新安,22.584901,113.90764,44639元/平,1
2420023677816387,上川村六片,宝安区新安,22.583861,113.907971,56063元/平,6
2411051838278,德意名居一期,南山区大学城,22.596212200122,113.96802375205,83800元/平,6
2411063516905,鼎胜金域世家,南山区大学城,22.58772,113.953944,88500元/平,4
2411063605610,塘朗城广场东区,南山区大学城,22.59607,114.00848,71100元/平,4
2411063242483,水木丹华,南山区大学城,22.598204,113.995503,85200元/平,6
2411063880941,华晖云门,南山区大学城,22.598498,114.00715,98500元/平,6
2411049999882,御锦公馆,福田区梅林,22.576731,114.064487,53600元/平,2
2410118680554548,金碧苑,罗湖区银湖,22.57791,114.095895,50000元/平,14
2411049970935,合正逸园,福田区梅林,22.576738245508,114.07716315624,73100元/平,8
247895002918455,银田花园,罗湖区银湖,22.576454,114.097422,50639元/平,6
2411092226486140,齐明别墅,罗湖区银湖,22.584442,114.092275,63091元/平,25
2411063586183,特皓苑,福田区银湖,22.575734,114.081119,51900元/平,5
2416026851905469,银湖宿舍楼,罗湖区银湖,22.582552,114.087914,52200元/平,4
2411048680723,虹桥星座大厦,罗湖区笋岗,22.576154,114.120597,59000元/平,2
2411048527026,金祥都市花园,罗湖区清水河,22.592391676063,114.11712615634,40000元/平,20
2411048569880,翠雅居,罗湖区清水河,22.578931573426,114.11575834098,53000元/平,10
2411048562002,红岗大厦,罗湖区银湖,22.575573186473,114.11025164313,32618元/平,1
24000000000447,钱排村,龙岗区布吉街,22.596329064024,114.11347992247,31537元/平,8
2411048579962,旭飞华达园,罗湖区百仕达,22.577684,114.136063,50400元/平,5
2411048473091,大地花园,罗湖区布心,22.58260895267,114.13193321118,41100元/平,2
2411048475550,太阳新城,罗湖区布心,22.582369105067,114.1306697128,55600元/平,7
2411063046564,信义假日名城五期B山翠居,龙岗区布吉关,22.597969,114.129684,52253元/平,2
2411048474785,长富花园,罗湖区布心,22.58252018614,114.1348806721,61200元/平,3
2411048584106,贝丽花园,罗湖区翠竹,22.57633446217,114.13206920478,62246元/平,27
2411048775337,鸿翠苑,罗湖区布心,22.58921,114.127802,52000元/平,2
2411048524867,阳光明居,罗湖区布心,22.589328203333,114.14105464177,69900元/平,13
2411048773401,花半里别馆,罗湖区布心,22.586216970886,114.12740792886,51100元/平,1
2411048646648,东安花园,罗湖区百仕达,22.57717214792,114.14399201036,47400元/平,8
2411048517087,青橙时代,罗湖区布心,22.589502653411,114.14476229655,62400元/平,2
2411048641408,粤海新村,罗湖区百仕达,22.578515,114.142437,52600元/平,7
2411051127094,信义假日名城四期锦绣园,龙岗区布吉关,22.599591,114.131916,45600元/平,4
2411048473622,双御雅轩,罗湖区布心,22.582473,114.134168,71000元/平,2
2411048644704,宝龙苑,罗湖区百仕达,22.576536138381,114.14531799322,51380元/平,5
2411099432230,比华利山庄,罗湖区布心,22.594608,114.12584,43400元/平,18
2411048589799,洪湖东岸,罗湖区翠竹,22.575104735979,114.12991025238,54400元/平,5
2411048606984,布心花园三区,罗湖区布心,22.584153211424,114.14795334992,57000元/平,9
2415257652989393,宝丰苑,罗湖区布心,22.588315,114.140857,59400元/平,2
2411048635648,太安路88号,罗湖区百仕达,22.57933545864,114.14169406407,52600元/平,3
24000000050486,观山盛苑,罗湖区布心,22.593208723278,114.13779318188,53889元/平,5
2411048617551,逸心苑,罗湖区布心,22.584990662819,114.14497242148,50000元/平,1
2411048593117,深华丽园,罗湖区翠竹,22.575394,114.133049,54100元/平,5
2411062929180,宝翠苑,罗湖区布心,22.589506,114.12936,55300元/平,2
2420021255777593,辐照中心,罗湖区布心,22.582774,114.137481,53659元/平,2
248776347562812,仙湖山庄二期,罗湖区莲塘,22.576145930676,114.1820830773,85000元/平,24
2411062643277,中海半山溪谷花园,盐田区盐田港,22.592143,114.248413,39200元/平,24
2411062960931,山海四季城·公园道,盐田区盐田港,22.597410753055,114.26533623451,52333元/平,4
2411062575411,华侨新村1期,盐田区盐田港,22.594066,114.272294,30000元/平,5
2411062591828,蔚蓝假日雅苑,盐田区盐田港,22.592498,114.284156,38800元/平,2
2411062536695,深大书香文苑,盐田区盐田港,22.594516,114.282749,33711元/平,3
2414147916171858,领航城领秀花园,宝安区西乡,22.6190903883,113.86158115749,61000元/平,12
2417928176044516,桃源居七区,宝安区桃源居,22.620735,113.865317,48000元/平,9
2417928176044528,桃源居九区,宝安区桃源居,22.620639894768,113.86640688033,48000元/平,6
24000000000945,桃源大厦,宝安区桃源居,22.620356312555,113.865317,暂无数据,2
2413327059660856,中海九号公馆三期,宝安区曦城,22.607269573615,113.90437427044,90300元/平,24
2411048933611,汇龙苑,龙华区梅林关,22.609314196127,114.04857576931,56000元/平,11
2411049419376,中海月朗苑,龙岗区坂田,22.621592575591,114.07327143578,59000元/平,6
2411049019481,滢水山庄,龙华区民治,22.608155,114.057654,43500元/平,28
2411054839827,万科第五园五期,龙岗区坂田,22.618285,114.077394,45800元/平,12
2411062844052,太阳雨家园,龙岗区坂田,22.620518,114.080856,57600元/平,5
2420026917343246,凯旋天玺名庭,龙岗区布吉街,22.612828,114.123625,65000元/平,3
2411050839284,阳光花园一期,龙岗区布吉街,22.621493613324,114.12303537323,43300元/平,10
2411100804593,莲花山庄一村,龙岗区布吉街,22.603623,114.114048,67700元/平,114
2420040881843430,莲花南巷,龙岗区布吉街,22.605314256462,114.11917854722,暂无数据,1
248303779524355,京宝苑,龙岗区布吉街,22.601008,114.119385,32200元/平,1
2411063038680,大世纪花园,龙岗区布吉街,22.616928,114.132491,41000元/平,9
2411051374207,阳光翠园,龙岗区布吉南岭,22.606614,114.147099,34700元/平,7
2411063040073,信义假日名城三期菁华园,龙岗区布吉关,22.601089,114.132042,45600元/平,8
2411062847559,星都豪庭,龙岗区布吉大芬,22.618422,114.144814,51000元/平,4
2411050987021,大世纪杰座,龙岗区布吉街,22.618655468112,114.1332211273,41200元/平,7
2411051299201,南景豪庭,龙岗区布吉大芬,22.614052529551,114.1465266978,40500元/平,2
2411051123879,文雅豪庭,龙岗区布吉街,22.618204543195,114.13383214303,38300元/平,4
2420030724123408,吉昌阁,龙岗区布吉关,22.609583,114.131247,28960元/平,1
246989845900984,兴业花园,龙岗区布吉南岭,22.613003,114.144476,30000元/平,4
2411063050184,大族河山,龙岗区布吉南岭,22.618439,114.16375,47800元/平,7
2420074764618039,恒大国香山翡翠华庭,龙岗区布吉南岭,22.619523,114.171212,42031元/平,3
2411099660283,龙泉别墅,龙岗区布吉大芬,22.622112,114.151512,46200元/平,251
2411062623644,海语东园,盐田区梅沙,22.605586,114.311732,38200元/平,11
2411062603204,爱琴湾,盐田区梅沙,22.600581,114.308093,59800元/平,18
2420021481326344,鸿荣源·尚峻,龙华区上塘,22.646815,114.018725,71400元/平,7
2411049261342,特发和平里,龙华区上塘,22.649534,114.01931,68000元/平,10
2411049243434,潜龙曼海宁花园南区,龙华区上塘,22.645777460915,114.01596142057,71400元/平,8
2411049487063,卓越皇后道,龙华区红山,22.635048727818,114.01915356394,70300元/平,14
2411049439521,长城里程家园,龙华区上塘,22.641541543162,114.01541876695,56800元/平,6
2414147675524077,星河传奇二期,龙华区红山,22.637829549653,114.02411993704,69000元/平,4
2411049438557,金地上塘道一期,龙华区红山,22.640041917875,114.02876119432,66600元/平,6
2411048940130,绿景香颂,龙华区龙华新区,22.636677,114.042886,65400元/平,8
2414124146766799,华业玫瑰四季馨园二期,龙华区红山,22.630716728736,114.02687169699,73800元/平,3
2414463715806269,龙光玖钻,龙华区红山,22.62764884186,114.02883602791,38136元/平,18
2411049066468,城投七里香榭,龙华区红山,22.636701245627,114.03239048173,63400元/平,9
2411048944606,世纪春城一期,龙华区民治,22.633694461109,114.04105576818,51500元/平,14
2411050413336,新华城,龙华区龙华新区,22.647964923071,114.03778089849,54400元/平,5
2411048952426,世纪春城二期,龙华区民治,22.631276,114.039867,52000元/平,17
2411049073799,绿景公馆1866北区,龙华区红山,22.632912454506,114.03600440541,75500元/平,7
2411049097917,莱蒙水榭春天5期,龙华区红山,22.629534692853,114.0343656882,90500元/平,5
2411049441446,合正中央原著,龙华区红山,22.63659719354,114.02908844395,73500元/平,22
2411048947398,世纪春城八号公寓,龙华区民治,22.630263,114.039467,56000元/平,1
2411049073210,幸福枫景,龙华区红山,22.636276048437,114.03565420793,56600元/平,4
