id,name,site,pointLat,pointLng,price,house_type
24000000044894,承翰湾尚国际,福田区皇岗,22.523659629761,114.07011850468,112800元/平,住宅
1381834737557504,润曜府,光明区公明,22.74071349477,113.95747844032,51700元/平,住宅
24000000034920,卓越闽泰·云奕府,宝安区西乡,22.62590717612,113.85701028578,64300元/平,住宅
24000000027368,丹华公馆,南山区西丽,22.57924807481,113.94122387563,67000元/平,住宅
1382882586656768,鸿荣源尚云,龙华区龙华中心,22.648777585988,114.0336588179,65123元/平,住宅
1370851179888640,合正观澜汇三期,龙华区观澜,22.700866912836,114.04640549718,54400元/平,住宅
24000000016691,臻湾云庭,盐田区盐田港,22.595651653515,114.2563547324,54400元/平,住宅
1378152133713920,远洋天祺,龙岗区龙岗双龙,22.758850914143,114.28621381473,33000元/平,住宅
2414463509237244,前海金融中心,南山区前海,22.53985,113.900723,95000元/平,写字楼
2411049558818,东海国际公寓,福田区香蜜湖,22.542627874514,114.0269291713,130000元/平,商业类
246986545770094,绿景天玺湾项目,大鹏新区大鹏半岛,22.609141,114.431348,价格待定,住宅
246947460624625,盛意家园,宝安区宝安中心,22.564627,113.897123,价格待定,住宅
246992369822987,御品峦山花园,宝安区桃源居,22.617365,113.867652,价格待定,住宅
2414165449673349,松茂御城,光明区公明,22.753503,113.912999,价格待定,住宅
2414170318974874,豪方东园,坪山区坪山,22.685647,114.363131,39300元/平,住宅
2414104651115683,百分百创意广场,龙岗区布吉街,22.652365,114.132558,价格待定,商业
246986818399579,联泰梅沙湾,盐田区梅沙,22.592838,114.309903,价格待定,别墅
2414459837100601,花样年家天下,大鹏新区大鹏半岛,22.629209,114.426605,37000元/平,住宅
2414101574881252,龙胜尚府,龙华区龙华中心,22.657983,114.022675,价格待定,住宅
2414148906267224,凯东吉祥悦府,龙岗区龙岗双龙,22.770526,114.288559,39000元/平,住宅
2414146701898311,万福花园,龙华区龙华新区,22.637689,114.046254,69800元/平,住宅
2414149363969329,半山悦海花园,盐田区沙头角,22.561252,114.226751,52400元/平,住宅
2414149370786762,海智云谷,盐田区沙头角,22.567022,114.248836,价格待定,住宅
246967835767686,益田御龙天地,罗湖区黄贝岭,22.560147,114.138848,85900元/平,住宅
2411049396199,明辉花园,宝安区福永,22.685105,113.813943,价格待定,住宅
246986710921139,莱蒙水榭蓝湾,大鹏新区大鹏半岛,22.608933,114.426342,价格待定,住宅
2411063566263,新天CBC,福田区石厦,22.526868,114.059697,47000元/平,商业类
2414438853543954,富驰大厦,龙华区龙华中心,22.65374,114.05295,38000元/平,商业类
2417844559426551,华创云轩,龙岗区坂田,22.657205,114.072426,53000元/平,商业类
2411063027896,君临海域•润之,盐田区沙头角,22.562647,114.25033,58000元/平,商业类
246944331410577,深业上城,福田区莲花,22.562459,114.076811,75000元/平,商业类
2414147123949771,侨城坊,南山区华侨城,22.558061,113.986747,价格待定,写字楼
2420021812732193,塘朗城,南山区大学城,22.595086,114.006216,73000元/平,商业类
2414165671947917,深湾汇云中心,南山区红树湾,22.530362,113.974603,110000元/平,写字楼
2420021701576674,恒邦壹峯,福田区华强北,22.55023,114.097373,85000元/平,商业类
2411064080180,卓越前海壹号,南山区前海,22.535443,113.907057,93000元/平,写字楼
2414166685658387,远洋新干线二期,龙岗区龙岗中心城,22.726592,114.270276,41000元/平,底商
2420021483428629,世茂前海中心,南山区前海,22.509059,113.897347,100000元/平,写字楼
2420025792477991,保利达小行星,宝安区桃源居,22.73603,113.864275,38000元/平,商业类
2414148879289559,深城投中心公馆,坪山区坪山,22.709778,114.348304,34000元/平,商业类
2411063604083,德弘天下华府,罗湖区翠竹,22.568346,114.130386,98000元/平,住宅
2420029482114786,汇金天琅大厦,罗湖区春风路,22.548944,114.125689,88000元/平,商业类
2420029486305776,宝树台,福田区华强北,22.549097,114.099281,68000元/平,商业类
2411063050184,大族河山,龙岗区布吉南岭,22.618439,114.16375,55000元/平,住宅
2420030689481066,信达金尊府,坪山区坪山,22.681829,114.335804,40000元/平,住宅
2411063592784,中心天元,福田区福田中心,22.544289,114.071747,110000元/平,住宅
2411064079780,泰华海逸世家,宝安区西乡,22.581288,113.885875,价格待定,住宅
2420033383316132,领航城·领誉,宝安区西乡,22.614991,113.860368,64000元/平,住宅
2420030730380484,中洲滨海华府二期,福田区上下沙,22.534703,114.034477,93500元/平,住宅
2420031367130753,唐商前海双悦,宝安区沙井,22.718052,113.841081,38000元/平,商业类
2420033592154434,融创智汇大厦,龙华区龙华中心,22.649299,114.025802,45000元/平,商业
2420033592154434,融创智汇大厦,龙华区龙华中心,22.649299,114.025802,48000元/平,商业类
2411062930231,深圳湾公馆,南山区后海,22.512576,113.939333,240000元/平,住宅
2420033852367121,深业泰富广场,罗湖区笋岗,22.568437,114.113024,53000元/平,写字楼
2420034597132342,国速世纪大厦,罗湖区地王,22.559416,114.115014,58000元/平,写字楼
2420034683130880,幸福荟,宝安区碧海,22.573112,113.863584,80000元/平,底商
2420025792477991,保利达小行星,宝安区桃源居,22.73603,113.864275,40000元/平,底商
2420033852367121,深业泰富广场,罗湖区笋岗,22.568437,114.113024,65800元/平,商业类
2420021178188843,润科华府,宝安区曦城,22.632085,113.869,56000元/平,商业类
2414171802733303,深业中城,福田区香蜜湖,22.547177,114.029209,112000元/平,商业类
2420033592154434,融创智汇大厦,龙华区龙华中心,22.649299,114.025802,70000元/平,底商
2420030727232748,京基御景峯,南山区大学城,22.604297,114.018609,55000元/平,商业类
2420035986810885,和谷山汇城,宝安区松岗,22.819168,113.885385,26000元/平,写字楼
2420035986810885,和谷山汇城,宝安区松岗,22.819168,113.885385,25000元/平,商业类
2420035789856720,福城·前海新纪元二期,宝安区新安,22.577406,113.897897,65000元/平,商业类
2420036079368265,蓝郡公馆,盐田区沙头角,22.556652150893,114.23272160596,53000元/平,商业类
2420033592154434,融创智汇大厦,龙华区龙华中心,22.649299,114.025802,价格待定,写字楼
2420036556491208,深物业金领,福田区皇岗,22.534285,114.083159,90000元/平,住宅
2420036555443270,佳兆业E立方,龙华区观澜,22.735128,114.108855,价格待定,商业
2420036699104777,龙湖天琅楼,盐田区沙头角,22.570838,114.249549,40000元/平,商业类
2420037552970891,仁恒梦公园,龙岗区龙岗中心城,22.737671,114.231331,36000元/平,商业类
2420038094072810,粤海城,罗湖区布心,22.583818,114.141033,60000元/平,商业类
2420038879454994,君胜熙珑山,龙岗区坪地,22.758308,114.291868,47000元/平,住宅
2420031192954501,深城投中城花园,坪山区坪山,22.698242,114.347336,38000元/平,商业类
2420039489881205,天健天骄北庐,福田区景田,22.556802,114.048573,150000元/平,住宅
2420039478348034,华侨城创想大厦·云邸,龙华区红山,22.622771,114.036147,价格待定,写字楼
2420038856651292,方大城,南山区华侨城,22.561653,113.979423,65000元/平,写字楼
2420038966822723,世茂广场,坪山区坪山,22.688404894256,114.33608097797,32000元/平,商业类
2420038971019001,太子湾. 湾玺,南山区蛇口,22.476723,113.917074,90000元/平,商业类
2420039278294656,深圳·国际影视文化城,坪山区坪山,22.678911,114.312859,16800元/平,商业类
2420030720985471,汇邦名都花园,宝安区石岩,22.696783,113.977533,40000元/平,商业类
2420031192954501,深城投&中城AIO,坪山区坪山,22.698242,114.347336,价格待定,写字楼
2411064079472,鸿威鸿景华庭,龙岗区龙岗中心城,22.756924,114.22522,44000元/平,住宅
2414463509237244,前海金融中心,南山区前海,22.53985,113.900723,110000元/平,底商
2411063592784,岗厦天元花园,福田区福田中心,22.544289,114.071747,价格待定,写字楼
2420025060461119,福城·前海新纪元,宝安区新安,22.57736,113.897835,价格待定,写字楼
2414167048489205,佳华领域广场,龙华区观澜,22.719930645178,114.06331527331,价格待定,写字楼
2420040258818163,华联城市中心,南山区南山中心,22.518938,113.922591,68000元/平,商业类
2420040258818163,华联城市中心,南山区南山中心,22.518938,113.922591,63000元/平,写字楼
2420033666644619,水贝珠宝总部大厦,罗湖区布心,22.581096,114.131149,55000元/平,写字楼
2420040719324157,龙华·上街,龙华区观澜,22.700926,114.054909,88000元/平,底商
2420032107879470,德弘基·碧桂园·前海荟,宝安区西乡,22.576786514307,113.88346731265,价格待定,写字楼
2420021178188843,润科华府,宝安区曦城,22.632085,113.869,价格待定,写字楼
2420030720985471,汇邦名都花园,宝安区石岩,22.696783,113.977533,价格待定,写字楼
2420030719891467,勤诚达正大城,光明区公明,22.727686,113.921253,55000元/平,底商
2420041758479296,LKF852太子湾,南山区蛇口,22.479252,113.916339,价格待定,底商
2420041949473913,前海颐湾府,南山区前海,22.509922,113.898472,130000元/平,住宅
2420041950522338,保利青谷,大鹏新区大鹏半岛,22.617052,114.36886,50000元/平,住宅
2420042320714725,佳兆业金沙湾,大鹏新区大鹏半岛,22.574752,114.467429,价格待定,商业类
2420042320714725,佳兆业金沙湾,大鹏新区大鹏半岛,22.574752,114.467429,价格待定,别墅
2420042660612083,荣寓,南山区蛇口,22.492275,113.932973,85000元/平,住宅
2420042683680636,华晖瑞禧,龙岗区坂田,22.626664,114.079701,61000元/平,住宅
2420042683678822,绿景美景广场（底商）,南山区华侨城,22.5588,113.985203,价格待定,底商
2420041758479296,太 子湾商务广场,南山区蛇口,22.479252,113.916339,100000元/平,商业类
2420043347526826,会展湾·中港广场,宝安区沙井,22.709776267369,113.78448248978,44000元/平,写字楼
2420042683678822,绿景美景广场,南山区华侨城,22.5588,113.985203,75000元/平,商业类
2420043302512424,首创龙华中心,龙华区龙华中心,22.663184,114.044772,80000元/平,写字楼
2420043302512424,首创龙华中心,龙华区龙华中心,22.663184,114.044772,80000元/平,底商
2420043344476735,晗山悦海,南山区蛇口,22.506322,113.928396,105000元/平,住宅
2420043329799530,颐翠名庭,龙岗区龙岗双龙,22.758848809329,114.28214555395,38000元/平,住宅
2420043344476940,今日香沙御景园,龙岗区坪地,22.759469773633,114.29535093047,37000元/平,住宅
2420043508045879,中海万锦熙岸华庭,坪山区坪山,22.711686,114.398255,42500元/平,住宅
2420043509093673,碧湖春天,坪山区坪山,22.678264,114.306935,33800元/平,住宅
2420031317733017,华润前海大厦,南山区前海,22.537174,113.906154,87000元/平,写字楼
2420043843712642,恒明ONE,龙岗区龙岗中心城,22.736133,114.232879,29500元/平,商业类
2420043823842448,合景同创广场,盐田区沙头角,22.573853,114.258783,40000元/平,商业类
2420043869984800,恒裕深圳湾,南山区深圳湾,22.519668,113.947232,170000元/平,商业类
2414104021731336,富基置地广场,龙岗区龙岗双龙,22.730499,114.27881,价格待定,写字楼
2420038601740496,欢乐港湾•海府一号,宝安区宝安中心,22.550311,113.89023,96000元/平,底商
2420038020675660,会展湾南岸,宝安区福永,22.69039,113.784362,45000元/平,写字楼
2420044514896685,益田益科大厦,坪山区坪山,22.709479,114.371702,25000元/平,写字楼
2420044769689797,阳基九方广场,宝安区西乡,22.589537,113.876573,45000元/平,商业类
2414415428070892,恒大天璟,南山区南山中心,22.516773,113.93138,98000元/平,底商
2420044785571425,华强湾荟,宝安区福永,22.706226,113.821483,70000元/平,底商
2420044795009944,璟悦轩小巨蛋,光明区公明,22.77869,113.912406,43000元/平,商业类
2420030739853436,华润城润府三期,南山区科技园,22.553117,113.961148,250000元/平,底商
2414463509237244,前海金融中心,南山区前海,22.53985,113.900723,130000元/平,商业类
2420045063471415,龙华金茂府,龙华区上塘,22.645802,114.020228,110000元/平,住宅
2420030719891467,勤诚达正大城,光明区公明,22.727686,113.921253,42000元/平,商业类
2411063592784,岗厦天元花园,福田区福田中心,22.544289,114.071747,150000元/平,商业类
2420045467240760,满京华云曦花园,大鹏新区大鹏半岛,22.606049,114.472958,29000元/平,住宅
2420045867809327,贝悦汇大厦,罗湖区翠竹,22.578588,114.134708,54000元/平,商业类
2420045970559228,中通永安大厦,盐田区盐田港,22.597628,114.253695,35000元/平,商业类
24000000001287,紫元元大厦,福田区皇岗,22.534006,114.07727,90000元/平,商业类
24000000001488,中海慧智大厦,罗湖区清水河,22.587408,114.11476,33000元/平,商业
24000000001286,东关珺府,坪山区坪山,22.68574,114.361885,39600元/平,住宅
2420032090936918,万科星城,宝安区沙井,22.722371,113.840497,32000元/平,写字楼
2420044908262798,创新智慧港,宝安区桃源居,22.718428,113.861436,32000元/平,商业类
2420021483428629,世茂前海中心,南山区前海,22.509059,113.897347,价格待定,商业
24000000001012,京基御景时代大厦,龙岗区大运新城,22.712501828772,114.2239254186,29000元/平,写字楼
2420026763142829,京基御景中央,龙岗区大运新城,22.711862,114.214455,58000元/平,商业
2420044795009944,建发璟悦轩,光明区公明,22.77869,113.912406,80000元/平,底商
24000000002064,岁宝国展中心,福田区八卦岭,22.568941193523,114.10091338267,价格待定,住宅
2420031367130753,唐商大厦,宝安区沙井,22.718052,113.841081,33000元/平,商业
2420048637482690,东方凤雅名苑,罗湖区莲塘,22.571756,114.188864,90000元/平,住宅
2420048844159962,会展湾水岸,宝安区福永,22.694459,113.784137,53000元/平,商业类
2420049091621506,盛迪嘉海湾里大厦,盐田区沙头角,22.55974,114.237548,46000元/平,商业类
24000000002431,玺悦台,坪山区坪山,22.732077614053,114.36694217458,35000元/平,住宅
2420049469206472,富通九曜公馆,福田区车公庙,22.536027,114.05126,107000元/平,住宅
2420049516390715,泰禾深圳院子,宝安区曦城,22.606865,113.901482,价格待定,住宅
2420049516390715,泰禾深圳院子,宝安区曦城,22.606865,113.901482,价格待定,别墅
2411064138150,宝能公馆,福田区竹子林,22.545357,114.019804,105000元/平,商业类
2420028210734492,天玑公馆,龙华区龙华中心,22.681182600807,114.04642596876,53000元/平,底商
2420049990388420,通达汇轩,龙华区龙华中心,22.677962,114.035892,18000元/平,商业
2420050040719857,碧桂园翠湖大厦,罗湖区翠竹,22.571542,114.130431,68000元/平,商业类
2420050040719857,碧桂园翠湖国际,罗湖区翠竹,22.571542,114.130431,价格待定,写字楼
2420050047084063,盛合天宸家园,宝安区西乡,22.61634,113.857265,67300元/平,住宅
2420050171791884,中房·翰林门,盐田区沙头角,22.558266,114.237941,53000元/平,商业类
24000000001963,皇庭世茂裕玺,福田区梅林,22.56895266621,114.04778379863,86000元/平,商业类
2420050879699452,锦顺名居,龙华区观澜,22.694923,114.009391,53800元/平,住宅
2420050879698006,花样年•好时光,坪山区坪山,22.693763,114.343539,37000元/平,住宅
2411048454693,云境尚邸,罗湖区万象城,22.546113037905,114.12125307746,62000元/平,住宅
2420051251030991,仁恒芯梦公园,宝安区沙井,22.722762,113.855202,38300元/平,商业类
2420043843712642,恒明ONE,龙岗区龙岗中心城,22.736133,114.232879,价格待定,写字楼
5320027971610891,金地天润自在城,大亚湾西区新寮,22.764454,114.460723,12000元/平,住宅
64000000002897,万科四季花城,五桂山长命水,22.441831483614,113.39494399434,11500元/平,住宅
63000000011149,华发琴澳新城四季峰景六期,香洲区湾仔,22.184315269025,113.52837587536,32000元/平,住宅
64000000017412,雅居乐·湾际壹号,南朗镇南朗镇,22.526785953511,113.61533169286,17000元/平,住宅
53000000016614,曦江润府,惠城东江新城,23.069113,114.471359,16500元/平,住宅
53000000006078,逸基乐天阁,惠阳白云新城,22.776269113026,114.43226766261,10500元/平,住宅
63000000009782,金湾宝龙城二期,金湾区航空新城,22.120830447078,113.35361381933,16500元/平,住宅
5320045512307908,东方铂悦府,惠阳新行政区,22.816795,114.455689,10000元/平,住宅
64000000016181,招商臻湾府,南朗镇南朗镇,22.559932167854,113.60059328645,21000元/平,住宅
53000000024116,星河冠誉府,仲恺高新技术产业开发区仲恺,23.040305990568,114.37675670051,11500元/平,住宅
63000000029411,正方深悦湾,高新区唐家湾镇,22.405842354006,113.55972236093,25000元/平,住宅
5320021157208985,泰丰牧马湖,大亚湾万达,22.754638,114.495342,14000元/平,住宅
6420020999893198,中澳春城,坦洲镇坦洲镇,22.251539,113.491977,15800元/平,住宅
63000000006552,华发又一城七期,斗门区井岸镇,22.159836176559,113.31131032437,13500元/平,住宅
64000000015969,中山宝龙城,东区濠头,22.561312675739,113.41994753355,16000元/平,住宅
63000000011762,复地星愉湾二期,斗门区白藤头,22.159526449145,113.34910183862,16500元/平,住宅
2420051608630028,中泰印邸,南山区南山中心,22.519504,113.92552,104000元/平,住宅
2420051606642522,信义君御山居,龙岗区坂田,22.643241,114.081485,价格待定,住宅
2420051651740612,新世界·松风明月,宝安区松岗,22.77492,113.832672,价格待定,住宅
2420051606642671,京基水贝城市广场,罗湖区翠竹,22.575650685485,114.13070916803,87000元/平,住宅
2420030684275412,金地凯旋广场,龙岗区龙岗中心城,22.718954,114.258572,价格待定,写字楼
2420022082353118,明发悦庭,光明区公明,22.732093,113.899652,28000元/平,商业类
2414104021731336,富基置地大厦,龙岗区龙岗双龙,22.730499,114.27881,40000元/平,住宅
2414104021731336,富基置地大厦,龙岗区龙岗双龙,22.730499,114.27881,30000元/平,商业类
2420045845850315,中粮云景广场,光明区公明,22.783448720494,113.89452246987,22500元/平,写字楼
2420052513703271,卓越蔚蓝铂樾府,大鹏新区大鹏半岛,22.633424,114.440931,33000元/平,住宅
2420052513703270,嘉信云峰公馆,宝安区石岩,22.693284,113.949335,40500元/平,商业类
2420052532578715,岁宝壹品,福田区八卦岭,22.568965,114.100273,89800元/平,商业
2420037552970891,仁恒梦公园·星街,龙岗区龙岗中心城,22.737671,114.231331,58000元/平,商业
2420043344476940,今日香沙御景园,龙岗区坪地,22.759469773633,114.29535093047,27000元/平,商业类
2420052532578715,岁宝壹品苑,福田区八卦岭,22.568965,114.100273,89800元/平,商业类
24000000003090,红星创智广场,光明区公明,22.733593705345,113.92916451415,29000元/平,商业类
24000000003190,万科珑城原点,龙岗区龙岗中心城,22.721463321194,114.25270237957,35000元/平,商业类
2420053015116622,万科启城家园,龙华区观澜,22.715272,114.047762,57000元/平,住宅
2420053015116615,中晟会港湾,宝安区福永,22.692382,113.817499,42000元/平,商业类
24000000003302,怀德国际广场,宝安区福永,22.671194023595,113.8339314874,48000元/平,商业类
2420053389457577,创信时代大厦,龙岗区坂田,22.660679,114.073576,价格待定,商业类
2420030719934757,融悦大厦,龙岗区平湖,22.706046,114.114389,32000元/平,商业类
2420053438740477,宝德云谷大厦,龙岗区大运新城,22.704639,114.210835,30000元/平,商业类
2420053521578935,前海鸿荣源中心,南山区前海,22.535314,113.903134,价格待定,商业类
24000000001964,龙光玖悦台,龙华区红山,22.633322854631,114.02485009353,110000元/平,底商
2420037552970891,仁恒梦公园,龙岗区龙岗中心城,22.737671,114.231331,58000元/平,底商
24000000000747,京基御景中央二期,龙岗区大运新城,22.712632729122,114.21512330833,80000元/平,底商
2420031753948318,康利城,龙岗区平湖,22.665026,114.135949,价格待定,商业类
2420053763802512,帝豪金融大厦,罗湖区笋岗,22.563051,114.115187,价格待定,商业类
2420053763802511,碧桂园心海天誉,盐田区梅沙,22.607653,114.314467,价格待定,住宅
2420050879698532,中海汇德理花园百悦汇,龙华区上塘,22.643687,114.018292,120000元/平,底商
2420053828823935,盛璟润府,龙华区龙华中心,22.669759,114.045243,69500元/平,住宅
24000000003301,特区建发乐府广场,光明区公明,22.754338315898,113.93824630879,39500元/平,商业类
24000000002265,招商东岸城央公寓,大鹏新区大鹏半岛,22.639009905599,114.42774613913,价格待定,商业类
24000000003558,诺德阅山海,大鹏新区大鹏半岛,22.617640931306,114.38180343872,55000元/平,住宅
24000000003458,加福华尔登府邸,福田区皇岗,22.523366304984,114.07270039098,95500元/平,住宅
24000000003659,佳兆业云峰汇花园,光明区公明,22.771252529071,113.94714416942,51000元/平,住宅
24000000001012,京基御景时代大厦,龙岗区大运新城,22.712501828772,114.2239254186,45000元/平,底商
24000000003658,宏发万悦山,光明区公明,22.760767030165,113.94539218987,价格待定,商业
2420054075235332,深国际万科和颂轩,龙华区梅林关,22.608517,114.054267,价格待定,写字楼
2420050879698973,莱蒙水榭云上家园,龙华区红山,22.636974,114.018921,59000元/平,商业类
2420049469204764,卓越荣津瀚海湾,盐田区沙头角,22.554925,114.239074,53000元/平,商业类
2420054324892326,大中华环球金融中心,罗湖区罗湖口岸,22.540426,114.126001,44000元/平,商业类
2420054324892326,大中华环球金融中心,罗湖区罗湖口岸,22.540426,114.126001,79000元/平,写字楼
2420054455964910,山水华庭,龙华区观澜,22.716099,114.106862,47000元/平,住宅
2420054483229490,鹏瑞尚府,盐田区沙头角,22.560193,114.231011,57500元/平,住宅
24000000004034,中洲坊创意中心,罗湖区笋岗,22.577592492563,114.12116376854,67000元/平,商业类
24000000003190,万科珑城原点,龙岗区龙岗中心城,22.721463321194,114.25270237957,80000元/平,底商
2420054782118708,盛荟城,龙华区龙华中心,22.680946,114.019088,55400元/平,住宅
2420054782118708,英泰工业中心旧改,龙华区龙华中心,22.680946,114.019088,价格待定,商业类
2420054782118708,英泰工业中心旧改,龙华区龙华中心,22.680946,114.019088,价格待定,写字楼
2420054782118708,英泰工业中心旧改,龙华区龙华中心,22.680946,114.019088,价格待定,商业
24000000004274,龙湖上城大厦,光明区公明,22.730548751742,113.90705500854,价格待定,商业类
2420054802039149,合景同创·臻林天汇,南山区南头,22.553464,113.928842,82000元/平,商业类
2420054075235332,深国际万科和颂轩,龙华区梅林关,22.608517,114.054267,56000元/平,商业类
2420054950943528,兆鑫汇金广场,罗湖区春风路,22.548733,114.122533,65000元/平,商业类
2420055107185979,湾景时代公馆,宝安区桃源居,22.73617,113.86303,41000元/平,商业类
2420039278294656,深圳·国际影视文化城,坪山区坪山,22.678911,114.312859,价格待定,商业
2420049491220700,笋岗中心润弘大厦,罗湖区笋岗,22.568442,114.116953,价格待定,写字楼
247011990253505,大悦城天玺公馆,宝安区新安,22.572424,113.905139,62000元/平,商业类
2420031317731377,中国华润大厦,南山区深圳湾,22.520507,113.953167,价格待定,写字楼
2420041758479296,太子湾豫玺,南山区蛇口,22.479252,113.916339,价格待定,写字楼
2414147123949771,侨城坊树屋Treehouse,南山区华侨城,22.558061,113.986747,价格待定,商业类
2414415428070892,深圳双子湾,南山区南山中心,22.516773,113.93138,价格待定,商业类
24000000004160,招商前海·领尚公馆,南山区前海,22.510028260063,113.89458675001,价格待定,商业类
2420043344476735,晗山悦海城,南山区蛇口,22.506322,113.928396,100000元/平,商业类
24000000002630,中电长城大厦,南山区科技园,22.548638852985,113.95339206047,价格待定,写字楼
2420055282348048,朗峻广场,宝安区西乡,22.588755,113.877875,38000元/平,商业类
24000000004404,广源大厦,龙岗区平湖,22.676885675518,114.12928743512,35000元/平,商业类
2420025908913963,宏发商业广场,罗湖区布心,22.586781,114.14436,价格待定,写字楼
24000000004273,君成世界湾,宝安区桃源居,22.689377077329,113.84969240769,43000元/平,商业类
24000000004402,会展湾东城,宝安区沙井,22.712121544826,113.78892689668,53000元/平,商业类
24000000004725,海谷科技大厦,宝安区石岩,22.674036124265,113.93234278014,41000元/平,商业类
24000000004725,海谷科技大厦,宝安区石岩,22.674036124265,113.93234278014,32000元/平,写字楼
24000000004621,中信城开红树湾,福田区福田保税区,22.516213825178,114.05010484978,99000元/平,住宅
247417550614963,深房传麒尚林,龙岗区龙岗双龙,22.752172924772,114.28180635139,价格待定,商业类
2420052484380664,兆邦基·端慧苑,光明区公明,22.768123,113.911836,35000元/平,商业类
2420055486820639,山海四季城Ⅱ华府,盐田区盐田港,22.596828,114.260761,57000元/平,住宅
2420051651740617,珑湾时代公寓,宝安区沙井,22.724557,113.805943,44000元/平,商业类
2420030729366540,钧濠·MIX Park,龙岗区布吉街,22.597301,114.114942,43000元/平,商业类
24000000004892,吉祥居,龙岗区龙岗中心城,22.718538217222,114.25570717859,价格待定,住宅
24000000005020,兆邦基IBO,罗湖区布心,22.58666,114.144133,59000元/平,商业类
2420049183961598,蓝湾海岸,宝安区碧海,22.563373815233,113.87435147402,64000元/平,商业类
24000000006509,大集汇创新产业中心,宝安区沙井,22.749783571025,113.82053567765,35000元/平,商业类
2414166779005807,星河荣御花苑,宝安区沙井,22.726967,113.813341,价格待定,商业
2420039478348034,华侨城北站壹号,龙华区红山,22.622771,114.036147,68000元/平,商业类
24000000006928,鹏广达时代广场,盐田区盐田港,22.597439800034,114.26094636219,60000元/平,住宅
2412180617441379,深业沙河U中心,宝安区曦城,22.631539,113.870717,价格待定,商业类
2414142616908014,中粮云景国际,光明区公明,22.783003,113.894377,价格待定,商业类
24000000007662,旭生融和中心,宝安区西乡,22.584515098521,113.86968583537,52000元/平,商业类
24000000003657,万科光年四季,光明区公明,22.772706388654,113.94265651005,42000元/平,商业类
24000000003657,万科光年四季,光明区公明,22.772706388654,113.94265651005,价格待定,写字楼
2420053575056939,汇智时代广场,宝安区松岗,22.770085,113.866878,36000元/平,商业类
24000000010237,名德·时代方舟,宝安区,22.781635073642,113.86438662459,28000元/平,商业类
24000000010237,名德·时代方舟,宝安区,22.781635073642,113.86438662459,28000元/平,写字楼
2420053015116622,万科启城,龙华区观澜,22.715272,114.047762,70000元/平,底商
2420049491220700,笋岗中心·万象华府,罗湖区笋岗,22.568442,114.116953,55000元/平,商业类
24000000004273,君成世界湾,宝安区桃源居,22.689377077329,113.84969240769,50000元/平,写字楼
24000000011419,会展湾云岸广场,宝安区福永,22.692384943043,113.78236140945,47000元/平,写字楼
2411100442911,合泰御景翠峰,盐田区沙头角,22.560303,114.226879,52000元/平,商业类
24000000013353,颐璟名庭,龙岗区龙岗双龙,22.760795806464,114.28073924593,43000元/平,住宅
24000000013554,翠园华府,罗湖区布心,22.581407562846,114.1367548388,81000元/平,住宅
24000000004134,和城里,坪山区坪山,22.707448,114.346198,42000元/平,住宅
24000000013655,万科大都会,宝安区新安,22.57610946019,113.9088163286,93400元/平,住宅
2414151161229918,合正观澜汇·云轩,龙华区观澜,22.705423400049,114.04726199385,42000元/平,商业类
24000000013654,鹏瑞·颐璟府,龙华区观澜,22.687741004549,114.07811902771,55000元/平,住宅
246968135396486,和昌拾里花都,龙岗区龙岗中心城,22.726647,114.267665,32000元/平,商业类
24000000014058,御景荟都,龙岗区龙岗宝荷,22.695258671698,114.28331290809,18800元/平,商业类
24000000014058,恒大悦玺大厦,龙岗区龙岗宝荷,22.695258671698,114.28331290809,价格待定,写字楼
24000000013653,仁恒深之源,罗湖区螺岭,22.552935172961,114.138177133,96700元/平,写字楼
24000000013553,怡瑞达云秀府,坪山区坪山,22.738757530984,114.37792527627,34700元/平,住宅
24000000013652,合正方洲,龙岗区龙岗中心城,22.714407363179,114.25682818792,49825元/平,住宅
24000000014057,龙光玖誉雅筑,坪山区坪山,22.680422486186,114.34757775908,34000元/平,住宅
24000000014057,龙光玖誉雅筑,坪山区坪山,22.680422486186,114.34757775908,价格待定,商业类
24000000013651,东海富汇豪庭,罗湖区莲塘,22.572829967358,114.18051650574,72000元/平,住宅
24000000013655,万科大都会,宝安区新安,22.57610946019,113.9088163286,68000元/平,商业类
24000000011419,会展湾云岸广场,宝安区福永,22.692384943043,113.78236140945,50000元/平,商业类
24000000015985,独树阳光里,罗湖区布心,22.583233869386,114.12747554229,79000元/平,住宅
24000000017100,立润富达广场,南山区南头,22.553680305389,113.93593792031,72000元/平,商业类
24000000018230,新城燕澜和鸣花园,坪山区坪山,22.703812524241,114.38662003111,34800元/平,住宅
24000000018632,华强城乐芙公馆,宝安区福永,22.703862784634,113.82242847331,46000元/平,商业类
24000000019044,恒壹壹品,龙华区坂田,22.626030830611,114.0584965471,71000元/平,住宅
24000000019144,仁恒梦公园二期,龙岗区龙岗中心城,22.735588247405,114.23145219407,30000元/平,商业类
24000000000413,前海瑞玺,南山区前海,22.520283957871,113.91341190573,100000元/平,商业类
24000000019260,富士君荟,宝安区西乡,22.606766252679,113.85264324996,56000元/平,商业类
24000000019040,弘基朗寓,南山区大学城,22.597416642067,114.00716986181,73000元/平,商业类
24000000019039,中海明德里,龙华区坂田,22.625636544841,114.05668906531,68000元/平,住宅
24000000019260,富士君荟,宝安区西乡,22.606766252679,113.85264324996,价格待定,住宅
2420047961104013,京基御景珑庭,宝安区沙井,22.737698,113.802974,67000元/平,底商
2420047961104013,京基御景珑庭,宝安区沙井,22.737698,113.802974,35000元/平,写字楼
24000000004725,海谷科技大厦,宝安区石岩,22.674036124265,113.93234278014,32000元/平,底商
24000000020479,佳兆业云望府,龙岗区坂田,22.655227738282,114.08732383506,62000元/平,住宅
24000000020682,和成金竹家园,龙岗区坂田,22.635480068216,114.08691224668,价格待定,住宅
2420043385363948,京基御景半山,龙岗区龙岗宝荷,22.691511,114.265585,73000元/平,别墅
24000000022097,THE TOWN乐城二期,龙岗区大运新城,22.679480528531,114.22953817503,50000元/平,住宅
24000000022096,中信凯旋君庭,光明区,22.79976851267,113.96720792608,51000元/平,住宅
24000000022095,鸿荣源博誉府,龙华区民治,22.628243576264,114.03964674397,75800元/平,住宅
24000000022094,龙光玖瑞府,光明区,22.735487487772,113.95520532916,48000元/平,住宅
24000000021993,远洋新干线远洋广场,龙岗区龙岗中心城,22.725433012436,114.26902837549,43000元/平,底商
24000000023419,联发天境雅居,龙岗区坂田,22.653748065008,114.07961211335,62000元/平,住宅
24000000022090,安联尚璟府,光明区公明,22.77443664212,113.93681707417,50000元/平,住宅
24000000022088,信城·缙悦城,龙岗区龙岗中心城,22.756696324169,114.22652239553,39500元/平,住宅
24000000023417,信城缙华府,龙岗区坂田,22.632316038717,114.09242097318,62000元/平,住宅
24000000021991,御景华府,龙华区观澜,22.691407127242,114.07854584154,52000元/平,住宅
24000000021992,卓越柏奕府,龙华区上塘,22.642853185602,114.01312729313,74800元/平,住宅
2420043385363948,京基御景半山,龙岗区龙岗宝荷,22.691511,114.265585,40000元/平,底商
24000000021990,玖玖颂阁,宝安区新安,22.583859863459,113.8975389577,88000元/平,住宅
24000000023415,亚太·半山樾府,罗湖区清水河,22.591169122968,114.1138554074,75000元/平,住宅
24000000023416,颐峰名庭,龙岗区龙岗双龙,22.758869463382,114.28020586429,价格待定,住宅
24000000024231,华润城润玺二期,南山区科技园,22.552307257409,113.96512129018,价格待定,住宅
24000000024331,招商臻城花园,龙岗区布吉水径,22.630190243185,114.12419866106,49000元/平,住宅
24000000024229,中化凤鸣水岸花园,宝安区曦城,22.60333093935,113.90690465418,83000元/平,住宅
24000000024228,泰福名苑,宝安区西乡,22.642005435507,113.84267132787,64149元/平,住宅
24000000024227,开云府,南山区前海,22.484646798179,113.89707048023,价格待定,住宅
24000000024327,电建洺悦鹏著花园,光明区公明,22.756707467513,113.95581568376,52500元/平,住宅
24000000024329,泰安名苑,福田区福田中心,22.535400995475,114.06105619748,价格待定,住宅
24000000002728,华丰前海湾·海寓,宝安区碧海,22.575548071763,113.85785958113,73000元/平,商业类
24000000026566,华侨城·新玺,南山区蛇口,22.48572137144,113.93452145175,价格待定,商业类
24000000026464,深业世纪山谷,南山区白石洲,22.551988490281,113.97352937442,价格待定,住宅
24000000027374,正东名苑,南山区南山中心,22.525568360694,113.93198198572,101400元/平,住宅
24000000027375,广豪时代公馆,龙岗区布吉街,22.605707503111,114.11070028804,价格待定,住宅
24000000028579,百合公园小镇,龙岗区布吉关,22.60243093767,114.13518578802,价格待定,住宅
24000000027373,阳光香格里家园,龙岗区龙岗双龙,22.764542023399,114.27786872342,35000元/平,住宅
24000000027672,合正新悦润园,龙岗区平湖,22.695543756793,114.14194428281,42800元/平,住宅
24000000027671,畔山铭苑,龙岗区布吉南岭,22.60966611462,114.15948223058,价格待定,住宅
24000000027669,深铁珑境,龙华区上塘,22.649208092762,114.01424341556,价格待定,住宅
24000000027670,南山悦时光花园,龙岗区龙岗宝荷,22.688791838491,114.26640947574,39500元/平,住宅
24000000028574,鸿荣源尚璟公馆,南山区南头,22.562432023334,113.92540986298,89470元/平,住宅
24000000028576,皇嘉珑府,龙华区梅林关,22.609855680623,114.04649330009,价格待定,住宅
24000000027667,方直珑樾山,南山区西丽,22.564011506099,113.99893911125,100000元/平,住宅
24000000028573,恒大海湾华府,南山区蛇口,22.500978553188,113.93961384414,价格待定,住宅
24000000027665,鼎胜金域阳光家园,南山区西丽,22.581613852516,113.96502787886,价格待定,住宅
24000000027371,总章叠翠花园,南山区西丽,22.584721503282,113.96610961177,价格待定,住宅
24000000028572,汉园茗院,南山区大学城,22.603651904287,114.01678004759,价格待定,住宅
24000000027369,颐城栖湾里,南山区前海,22.511427736071,113.89924185047,价格待定,住宅
24000000027367,恒兴御景园,宝安区沙井,22.718441028422,113.79145567139,47500元/平,住宅
2411062843778,深业东岭,罗湖区黄贝岭,22.555308,114.146576,价格待定,写字楼
24000000027663,深业东岭·铂悦,罗湖区黄贝岭,22.553239980464,114.14464449242,价格待定,写字楼
246967835767686,益田御龙天地,罗湖区黄贝岭,22.560147,114.138848,价格待定,商业类
2411100806818,正大同堂,龙岗区横岗,22.652219,114.186477,价格待定,商业类
24000000004134,和城里,坪山区坪山,22.707448,114.346198,价格待定,商业类
24000000004033,上梅林雅苑,福田区梅林,22.571944679724,114.05913595184,价格待定,住宅
24000000028784,湾尚庭玺家园,福田区皇岗,22.525730541905,114.07015932806,价格待定,住宅
2420054483229490,鹏瑞尚府,盐田区沙头角,22.560193,114.231011,55750元/平,商业类
24000000022089,锦尚公馆,南山区前海,22.516384405803,113.89439638574,97935元/平,商业类
2420043503853227,新世界·临海揽山御园,南山区蛇口,22.499088,113.91987,113000元/平,商业类
24000000004510,金众麒麟府,南山区大学城,22.602075295404,113.97391777956,70000元/平,商业类
24000000028682,和合时代大厦,宝安区石岩,22.695521450375,113.94434328567,32000元/平,商业类
24000000027675,羊台书苑,南山区,22.643647426937,113.94285278268,价格待定,住宅
24000000027662,华策玺悦汇,龙岗区大运新城,22.700890503872,114.24140182398,价格待定,住宅
24000000020480,金茂公园里,光明区公明,22.772123587346,113.93946138181,70000元/平,底商
2420054950943528,兆鑫H+,罗湖区春风路,22.548733,114.122533,96000元/平,住宅
2420047961104013,沙一御景珑庭,宝安区沙井,22.737698,113.802974,56000元/平,住宅
2420051606642671,京基水贝城市广场,罗湖区翠竹,22.575650685485,114.13070916803,53000元/平,写字楼
2420034035987273,天安云谷产业园二期,龙岗区坂田,22.664812,114.073337,价格待定,写字楼
2411050637188,自由港湾之心,福田区福田保税区,22.514714001902,114.05682265818,价格待定,住宅
24000000029993,宝珺园,宝安区石岩,22.707401111599,113.97571553454,46300元/平,住宅
2420050879698532,中海汇德理,龙华区上塘,22.643687,114.018292,120000元/平,商业
2420053575057016,玺玥麓坊,宝安区新安,22.581937,113.914643,65000元/平,商业类
24000000028680,勤诚达誉府,龙岗区龙岗中心城,22.750227342803,114.24145309689,42500元/平,住宅
24000000028783,前海宸湾,南山区蛇口,22.485018299933,113.90495931084,104300元/平,住宅
2420036459140844,宏发天汇城二期,光明区公明,22.78157,113.900165,36000元/平,商业类
24000000003657,万科光年四季,光明区公明,22.772706388654,113.94265651005,价格待定,底商
24000000000940,深房翠林苑,龙岗区龙岗双龙,22.750540684712,114.28131928745,32000元/平,底商
24000000000940,深房翠林苑,龙岗区龙岗双龙,22.750540684712,114.28131928745,23000元/平,商业类
2411703117164372,合正湾府原著,盐田区沙头角,22.561179,114.241682,价格待定,住宅
24000000034919,观月台,光明区,22.733977837933,113.95368679423,价格待定,住宅
24000000000363,太子湾商务广场T4,南山区蛇口,22.481681,113.917113,价格待定,写字楼
24000000034720,佳华沙湖广场,坪山区坪山,22.684363523604,114.33297391407,34700元/平,住宅
24000000034721,太子湾·鲸域,南山区蛇口,22.478942020908,113.91375069217,价格待定,商业类
24000000034722,深业云筑,光明区公明,22.772120382988,113.90073782968,44200元/平,住宅
24000000034922,兴围华府,宝安区福永,22.645290517449,113.83746334122,52400元/平,住宅
24000000034719,鸿荣源壹成中心十区,龙华区龙华中心,22.655998949596,114.03559223568,71840元/平,住宅
2420044528520977,龙湖春江天玺阁,龙华区龙华中心,22.645558,114.048529,70000元/平,底商
24000000034718,深铁璟城,宝安区松岗,22.789142797276,113.82583438055,价格待定,住宅
24000000034918,金地明峯府,光明区公明,22.786982333229,113.87128646492,45200元/平,住宅
24000000034917,中海闻华里,龙华区红山,22.635203234779,114.02368202426,73800元/平,住宅
24000000034916,汇银绿城桂语兰庭,光明区公明,22.772551294507,113.94799974928,价格待定,住宅
24000000034715,中海学仕里,龙华区红山,22.62104902212,114.0323254247,价格待定,住宅
24000000034819,中海观园,光明区,22.736486823593,113.95501273024,价格待定,住宅
24000000034915,联发悦尚居,光明区公明,22.775512882013,113.933585592,48100元/平,住宅
24000000034914,宏发悦云花园,宝安区石岩,22.675686990276,113.94783207725,49235元/平,住宅
24000000034818,星龙园,龙岗区大运新城,22.703651286013,114.22791714297,价格待定,住宅
24000000034717,花润里花园,光明区,22.738864508748,113.99940584444,43000元/平,住宅
24000000034716,深房光明里,光明区公明,22.747317445936,113.95254322215,价格待定,住宅
24000000028681,星河时代大厦,龙华区观澜,22.699467078277,114.00305043899,73000元/平,底商
2420054324892326,大中华环球经贸广场,罗湖区罗湖口岸,22.540426,114.126001,230000元/平,底商
24000000034913,圳发云府,光明区公明,22.753830604682,113.90000067239,23000元/平,商业类
2420038094072810,粤海城,罗湖区布心,22.583818,114.141033,88000元/平,底商
24000000034912,卓越和奕府,龙华区龙华中心,22.647633319036,114.04306104553,65500元/平,住宅
24000000018230,新城燕澜和鸣花园,坪山区坪山,22.703812524241,114.38662003111,价格待定,底商
24000000038073,SPARK星寓,光明区公明,22.764951893485,113.94681565825,35000元/平,商业类
2420050879698973,莱蒙水榭云上家园,龙华区红山,22.636974,114.018921,价格待定,底商
24000000041077,中粮·福田大悦广场,福田区梅林,22.569031598102,114.05348281056,48000元/平,商业类
24000000043687,山海公馆,宝安区西乡,22.595640685058,113.86066397117,69000元/平,住宅
24000000043484,保利明玥澜岸花园,坪山区坪山,22.685536491179,114.32773292345,37000元/平,住宅
24000000043686,中海寰宇珑宸,龙岗区龙岗宝荷,22.694711452488,114.31984214304,39000元/平,住宅
24000000043586,京地海樾府,宝安区碧海,22.580828618421,113.86198845951,价格待定,住宅
24000000043483,保利招商雍山郡,龙岗区龙岗双龙,22.759881592528,114.28174037001,37500元/平,住宅
24000000043685,深业山水东城花园,坪山区坪山,22.673015196256,114.33702274853,35000元/平,住宅
24000000043585,蔚蓝左岸花园,坪山区坪山,22.679181899828,114.3193437184,36700元/平,住宅
24000000043482,仕达广场,龙岗区平湖,22.674849878181,114.14735786346,价格待定,商业类
24000000043684,传承启元,坪山区坪山,22.717901737835,114.39540957877,32000元/平,住宅
24000000043682,翰华广场,龙岗区平湖,22.683421874016,114.15759527534,价格待定,住宅
24000000043481,新保辉香悦轩,龙岗区布吉关,22.602247968638,114.13154729476,价格待定,住宅
24000000044892,万科金域学府,龙岗区龙岗中心城,22.737338596459,114.23942824728,45000元/平,住宅
24000000044993,保利招商龙誉,龙华区梅林关,22.611982971368,114.04182562947,73500元/平,住宅
24000000044890,正奇未来城,坪山区坪山,22.704062678504,114.35684906498,价格待定,住宅
24000000044891,河东骏濠园,宝安区西乡,22.583964817224,113.89151428,价格待定,住宅
24000000026464,深业世纪山谷,南山区白石洲,22.551988490281,113.97352937442,86000元/平,商业类
24000000000147,地铁金融科技大厦,南山区科技园,22.544592,113.951433,价格待定,写字楼
24000000044888,深圳南太科技中心,宝安区西乡,22.610409128779,113.86775965679,价格待定,商业类
24000000045094,吉祥花园,龙岗区坂田,22.658575238844,114.08741574019,56000元/平,住宅
24000000045094,吉祥花园,龙岗区坂田,22.658575238844,114.08741574019,价格待定,商业类
24000000045294,锦绣公园壹号,南山区华侨城,22.54093300854,113.99934193331,价格待定,商业类
24000000045292,特发香阅四季园,龙岗区布吉石芽岭,22.629094349629,114.14185511298,价格待定,住宅
24000000045291,海峦坊,宝安区西乡,22.60141939489,113.88649714377,74300元/平,住宅
24000000045290,颐城瑧湾悦家园,南山区前海,22.50939733653,113.89931604928,价格待定,住宅
24000000045290,颐城瑧湾悦家园,南山区前海,22.50939733653,113.89931604928,价格待定,商业类
24000000045192,招商前海湾,南山区前海,22.50747671392,113.88960525508,价格待定,住宅
24000000044887,云海臻府,宝安区沙井,22.727460266022,113.78402996765,46100元/平,住宅
24000000045394,望辰府,盐田区盐田港,22.591109293038,114.24586916388,52700元/平,住宅
24000000044891,河东骏濠园,宝安区西乡,22.583964817224,113.89151428,52500元/平,商业类
24000000046594,太子湾泓玺,南山区蛇口,22.481579090197,113.91801303518,价格待定,商业类
24000000047894,粤海城,罗湖区布心,22.584260497014,114.14152813765,32000元/平,写字楼
24000000028578,华侨城四海华亭,龙华区龙华中心,22.659737873448,114.02080109611,39000元/平,商业类
24000000013554,翠园华府,罗湖区布心,22.581407562846,114.1367548388,价格待定,商业类
24000000047893,华侨城宝辰,宝安区宝安中心,22.559815331331,113.88630876719,价格待定,写字楼
24000000047892,君胜熙玥湾,坪山区坪山,22.692293944677,114.33849023047,35000元/平,住宅
24000000047991,华润置地未来城,罗湖区螺岭,22.55118638742,114.13365218495,87000元/平,住宅
24000000047187,中粮大悦城铂悦苑,宝安区新安,22.573530769013,113.90746561702,88600元/平,住宅
24000000047187,中粮大悦城铂悦苑,宝安区新安,22.573530769013,113.90746561702,59000元/平,商业类
2412159364903555,英龙尊滙,福田区景田,22.548599,114.054859,价格待定,商业类
2414148045408733,中集国际海洋商务中心,南山区前海,22.530114,113.904923,价格待定,写字楼
24000000047185,御成府,南山区南头,22.533820559405,113.92478988506,89000元/平,住宅
24000000047990,中信·金沙湾,大鹏新区大鹏半岛,22.575144078145,114.46427903375,价格待定,商业类
24000000047184,龙光春城玖榕府,坪山区坪山,22.681072048676,114.31830481798,价格待定,住宅
24000000047888,天源华府,南山区南头,22.552052808647,113.9288577689,价格待定,住宅
24000000047889,勤诚达云邸,宝安区新安,22.585648558248,113.9033136197,价格待定,住宅
24000000048694,天健悦湾府,南山区前海,22.549368237211,113.91066269737,价格待定,住宅
24000000048692,万科星天地,罗湖区春风路,22.544825245754,114.13202156478,价格待定,商业类
24000000048794,万科未来之光,宝安区曦城,22.595323148213,113.91622456215,85000元/平,住宅
24000000048693,深润大厦,罗湖区黄贝岭,22.552046168554,114.14628644913,价格待定,写字楼
24000000048793,京基天韵府,罗湖区布心,22.586476063936,114.14632378489,价格待定,住宅
24000000048691,柏悦湾,南山区南山中心,22.513246774476,113.92556135667,75000元/平,商业类
24000000048690,美盛岭尚苑,龙岗区龙岗双龙,22.762481274159,114.28243588389,35000元/平,住宅
24000000048689,招商玺家园,南山区蛇口,22.480725510656,113.9210036385,价格待定,住宅
24000000049694,深物业御棠上府,光明区公明,22.730424628191,113.9128594062,40800元/平,住宅
24000000048688,润晖府,光明区公明,22.74093089812,113.95598891579,51600元/平,住宅
24000000049794,润曦府,光明区公明,22.729242178272,113.9296821875,45000元/平,住宅
24000000049793,御景天峦府,罗湖区莲塘,22.55876791701,114.19274919262,50000元/平,住宅
24000000048687,创意世纪公馆,南山区前海,22.498764371825,113.89125222406,价格待定,住宅
24000000049791,仁恒公园世纪三期,龙岗区大运新城,22.697658761814,114.2403842935,55327元/平,住宅
24000000041077,中粮·福田大悦广场,福田区梅林,22.569031598102,114.05348281056,价格待定,底商
24000000049692,光明云谷一期,光明区,22.795311500518,113.96700241816,价格待定,写字楼
24000000048685,华侨城九樾广场,光明区公明,22.783950005435,113.94061326448,价格待定,商业类
24000000048684,滨江爱义南方大厦,福田区华强北,22.550548607592,114.10186288107,价格待定,写字楼
24000000049691,雲山院,盐田区梅沙,22.619477432145,114.29937034093,价格待定,别墅
24000000049790,金科·湾心壹号,福田区莲花,22.566518194569,114.07364094789,价格待定,商业类
2420071131187347,华强时代广场,宝安区福永,22.705597,113.822914,价格待定,商业类
24000000048683,领峰杰筑,龙岗区龙岗双龙,22.718210174552,114.27762139829,33000元/平,住宅
24000000051694,顺泰中晟大厦,龙华区龙华中心,22.665476237415,114.0130356574,37000元/平,商业类
24000000051694,顺泰中晟大厦,龙华区龙华中心,22.665476237415,114.0130356574,48000元/平,底商
24000000051694,顺泰中晟大厦,龙华区龙华中心,22.665476237415,114.0130356574,30000元/平,写字楼
24000000051794,深业云海湾,南山区前海,22.547871254241,113.90928115519,价格待定,住宅
24000000028578,华侨城四海华亭,龙华区龙华中心,22.659737873448,114.02080109611,57000元/平,住宅
24000000051894,臣田开元广场,宝安区桃源居,22.598636725638,113.87960301318,价格待定,商业类
24000000051893,新天石厦铭苑,福田区石厦,22.525054728771,114.05755856252,107000元/平,住宅
2420030689527926,美域蓝湾花园,龙岗区大运新城,22.716833,114.218225,价格待定,住宅
24000000051994,璟荟名庭,宝安区松岗,22.772935933692,113.86241570057,44500元/平,住宅
24000000052094,鹏瑞半山云璟,盐田区盐田港,22.594132282955,114.24566878153,45000元/平,住宅
24000000052093,富基·云珑府,龙华区龙华中心,22.64605438502,114.05131734901,54000元/平,住宅
24000000053294,鹏广达湾区壹号广场,盐田区盐田港,22.589304874795,114.27204773717,49000元/平,商业类
24000000013652,合正方洲,龙岗区龙岗中心城,22.714407363179,114.25682818792,价格待定,写字楼
24000000020479,佳兆业云望府,龙岗区坂田,22.655227738282,114.08732383506,价格待定,写字楼
246944331410577,深业上城,福田区莲花,22.562459,114.076811,价格待定,写字楼
24000000047187,大悦城三期,宝安区新安,22.573530769013,113.90746561702,价格待定,写字楼
24000000053293,龙岸君粼,龙华区坂田,22.621658799359,114.06442249926,价格待定,别墅
24000000053994,金信中心,宝安区松岗,22.751717358437,113.85529648569,27200元/平,商业类
24000000053994,金信中心,宝安区松岗,22.751717358437,113.85529648569,价格待定,写字楼
24000000052092,融湖盛景花园,龙岗区平湖,22.698009307313,114.12423663004,43000元/平,住宅
24000000021993,远洋新干线远洋广场,龙岗区龙岗中心城,22.725433012436,114.26902837549,18000元/平,写字楼
24000000045291,海峦坊,宝安区西乡,22.60141939489,113.88649714377,价格待定,写字楼
24000000053993,京基云熙阁,罗湖区莲塘,22.57310575132,114.18789799659,价格待定,住宅
24000000053292,城脉中心,罗湖区笋岗,22.564468624867,114.11160294384,价格待定,写字楼
24000000052091,金桃园二期,南山区南头,22.537604127235,113.92365718616,价格待定,住宅
24000000027662,华策玺悦汇,龙岗区大运新城,22.700890503872,114.24140182398,价格待定,写字楼
24000000053291,彭年善玥湾,大鹏新区大鹏半岛,22.575578473978,114.5102837235,价格待定,商业类
24000000052090,深铁熙府,南山区蛇口,22.475463466806,113.90186492919,价格待定,住宅
24000000053290,深铁前海时代,南山区前海,22.53685623086,113.90929664724,价格待定,写字楼
24000000034917,中海闻华里,龙华区红山,22.635203234779,114.02368202426,78000元/平,底商
2420053015116622,万科启城,龙华区观澜,22.715272,114.047762,价格待定,商业类
24000000053293,龙岸君粼,龙华区坂田,22.621658799359,114.06442249926,80600元/平,住宅
24000000055994,臻著雅居,龙华区红山,22.63888177494,114.02814924322,价格待定,住宅
24000000055993,中信·信荣汇,罗湖区笋岗,22.5704106533,114.1177943124,价格待定,商业类
24000000053291,彭年善玥湾,大鹏新区大鹏半岛,22.575578473978,114.5102837235,价格待定,别墅
24000000055992,天曜府,龙华区红山,22.631871954,114.02586850039,75900元/平,住宅
1369294560387072,艺城湾樽,南山区蛇口,22.478103193156,113.91767857562,价格待定,商业类
1369298426920960,溪山君樾,龙华区梅林关,22.605787216269,114.06628571668,78900元/平,住宅
1369299270500352,深业颐樾府,龙华区红山,22.637966710979,114.0277286553,72000元/平,住宅
24000000027173,深业鹤塘岭花园,南山区华侨城,22.545324194739,113.97959264638,110000元/平,住宅
1370507793833984,越秀·瑞樾府,宝安区宝安中心,22.565948850416,113.88326085342,价格待定,住宅
1370735007211520,卓越和奕府二期,龙华区龙华中心,0,0,63000元/平,住宅
1370851195183104,天健和悦府,坪山区坪山,22.700079916775,114.38952782378,33000元/平,住宅
1370851426533376,紫樾润府,坪山区坪山,22.699185647342,114.38675918689,31000元/平,住宅
1370998121119744,名居·山河里,龙岗区横岗,22.663287046078,114.22386802317,49800元/平,住宅
1371223107100672,滢水湾花园,龙华区民治,22.608408625494,114.06178409505,价格待定,住宅
1371223129309184,越秀潮樾府,宝安区碧海,22.576471297573,113.85552175451,74300元/平,住宅
1372056973352960,深铁阅云境广场,龙岗区大运新城,22.693561613852,114.23407204989,价格待定,住宅
1372057460334592,会展湾雍境花园,宝安区沙井,22.72379544571,113.78213460682,47950元/平,住宅
1372279370489856,深圳前海·华发冰雪世界丨华发新城,宝安区沙井,22.721921282724,113.78392410777,29000元/平,住宅
1372832238026752,超核中心润府,龙华区民治,22.616792710321,114.04404396567,价格待定,住宅
1372832290979840,金地环湾城,福田区沙尾,22.52700194912,114.04490619866,价格待定,住宅
1372832290979840,金地环湾城,福田区沙尾,22.52700194912,114.04490619866,价格待定,商业类
1373197557252096,鸿德园二期,宝安区福永,22.696232144096,113.81175585292,价格待定,住宅
1373210196606976,万丰海岸城,宝安区沙井,22.719133396264,113.82671242872,价格待定,写字楼
1373703950082048,中海珑悦理,龙华区民治,22.615870859676,114.04237627366,价格待定,住宅
1373703966097408,同乐公馆,南山区南头,22.566895951419,113.9280865923,价格待定,住宅
1374335496167424,安居凤桐苑,光明区公明,22.744867431694,113.93477051126,价格待定,住宅
1374335514755072,安居玥龙苑,龙岗区龙岗宝荷,22.699549807252,114.29922312041,价格待定,住宅
1374335583813632,盈峰前海中心,宝安区沙井,22.71445567538,113.78304146471,价格待定,商业类
1374336330063872,恒地尊悦花园,龙华区民治,22.61979190276,114.05441758285,价格待定,住宅
1374342710181888,宏发悦见倾湖锦府,龙华区龙华中心,22.67015895309,114.04731406997,66000元/平,住宅
1374402515845120,昭华里,龙岗区龙岗中心城,22.734285272016,114.25446829277,价格待定,住宅
1374402515845120,昭华里,龙岗区龙岗中心城,22.734285272016,114.25446829277,价格待定,底商
1373352179220480,卓越闽泰星奕府,宝安区西乡,22.62632,113.856688,64100元/平,住宅
1374754610225152,泰福公寓,宝安区西乡,22.643683432039,113.84440745199,价格待定,商业类
1375186278809600,安居云畔,盐田区盐田港,22.590386455744,114.24970690322,价格待定,住宅
1375186298421248,安居福汇阁,宝安区福永,22.70033316283,113.8111787208,价格待定,住宅
1375186348351488,星河珑府,龙岗区龙岗宝荷,22.690210060701,114.30052528827,价格待定,住宅
1375186377891840,安居鸿栖台,宝安区曦城,22.602708371674,113.9059720301,价格待定,住宅
1375186398691328,安居峰景苑,龙华区观澜,22.716150659142,114.06517855419,价格待定,住宅
1375186412036096,安居同乐馨苑,南山区南头,22.567574794789,113.92810734727,价格待定,住宅
1375186412036096,安居同乐馨苑,南山区南头,22.567574794789,113.92810734727,价格待定,别墅
1375186861096960,和荣家园,宝安区西乡,22.608007682164,113.84983411552,64800元/平,住宅
1375187745677312,静安府,龙岗区龙岗中心城,22.747366099507,114.25322396882,38000元/平,住宅
24000000048684,滨江爱义南方大厦,福田区华强北,22.550548607592,114.10186288107,55000元/平,商业类
1375825450827776,中洲迎玺花园,龙华区民治,22.614325751832,114.0457395408,价格待定,住宅
1375825472471040,深铁睿著广场,光明区公明,22.775766092766,113.93952713891,价格待定,住宅
1375825487790080,天泽玉河府,光明区公明,22.722114182895,113.91424356126,价格待定,住宅
1375887279603712,城建大厦,罗湖区万象城,22.544482956064,114.11170569041,价格待定,写字楼
1375887294406656,城建云投创新金融总部基地,罗湖区笋岗,22.573945857649,114.11253618681,价格待定,住宅
1375825472471040,深铁睿著广场,光明区公明,22.775766092766,113.93952713891,价格待定,写字楼
1375957894545408,中海时光境花园,光明区公明,22.742582352754,113.95932275145,价格待定,住宅
1376880489496576,一湾臻邸,南山区前海,22.525080065705,113.90006257294,价格待定,住宅
1376880500695040,岗宏翰林汇,龙岗区平湖,22.683987471776,114.16005154341,价格待定,住宅
1377172909973504,保利招商龙誉二期,龙华区梅林关,22.612726,114.042452,70125元/平,住宅
1377382520217600,宏发悦见公园里,光明区公明,22.781794374211,113.90763881988,价格待定,住宅
1377382554517504,锦绣时代广场,龙华区龙华新区,22.644010959205,114.04892606075,价格待定,商业类
1377382575931392,紫和嘉园,龙岗区龙岗中心城,22.748909348663,114.25948736659,39500元/平,住宅
1377382600204288,德懿府,宝安区福永,22.672693393688,113.82736762469,价格待定,住宅
1377382620979200,泰瑞府,龙岗区大运新城,22.711496155828,114.21759521779,价格待定,住宅
1377730371510272,天和南苑,龙华区龙华中心,22.680753440267,114.0389955746,50000元/平,底商
1377740323053568,天和北苑,龙华区龙华中心,22.68242324332,114.03863195119,价格待定,底商
2411063027896,君临海域,盐田区沙头角,22.562647,114.25033,价格待定,住宅
24000000024227,开云府,南山区前海,22.484646798179,113.89707048023,价格待定,写字楼
1378153861562368,峰璟苑,龙岗区坂田,22.653304158424,114.08747352099,价格待定,住宅
1378212162723840,小梅沙·觐海府,盐田区梅沙,22.60972625412,114.33497821964,价格待定,住宅
1378238228725760,京基东滨时代,南山区前海,22.519428653255,113.91647827969,68000元/平,商业类
24000000024227,开云府,南山区前海,22.484646798179,113.89707048023,价格待定,商业类
24000000047893,华侨城宝辰,宝安区宝安中心,22.559815331331,113.88630876719,价格待定,商业类
1378930828525568,星河星月云邸,龙华区龙华中心,22.673392844229,114.00186263219,价格待定,住宅
1378930848980992,四海臻邸,南山区蛇口,22.506081880842,113.93005054463,100000元/平,住宅
24000000013653,仁恒深之源,罗湖区螺岭,22.552935172961,114.138177133,45000元/平,商业类
1378238228725760,京基东滨时代,南山区前海,22.519428653255,113.91647827969,价格待定,写字楼
1379640921088000,天健和瑞府,光明区公明,22.772747907711,113.9376256123,价格待定,住宅
2411703117164372,合正湾府原著,盐田区沙头角,22.561179,114.241682,价格待定,商业类
1380269148078080,深业上林苑,福田区八卦岭,22.565419,114.106404,价格待定,商业类
1380283477442560,K立方广场,龙华区龙华中心,22.665929247301,114.00031427734,价格待定,写字楼
1380409829900288,华润云上润府,宝安区福永,22.697464300751,113.81067012079,价格待定,住宅
24000000021992,卓越柏奕府,龙华区上塘,22.642853185602,114.01312729313,70633元/平,底商
1380915195543552,前海瑞玺,南山区前海,22.51908226283,113.91306463486,价格待定,写字楼
1380915232333824,华润超核紫云府,龙华区梅林关,22.614889894528,114.04087502685,价格待定,住宅
24000000024327,电建洺悦鹏著花园,光明区公明,22.756707467513,113.95581568376,价格待定,商业类
2420050570372883,鸿荣源天俊,龙华区民治,22.622275,114.037148,价格待定,写字楼
1381834660118528,招商雍云府,龙华区观澜,22.724223076787,114.02645272562,46000元/平,住宅
1381834686472192,天宸,福田区福田中心,22.536119737997,114.06018826678,价格待定,住宅
1381834755399680,卓越晟悦家园,坪山区坪山,22.675291524423,114.30963499261,价格待定,住宅
1381835097800704,鸿荣源珈誉府,宝安区福永,22.704593060816,113.82585945802,价格待定,住宅
1381839544598528,中集前海国际中心,南山区前海,22.527933176112,113.90302755642,价格待定,商业类
2420050018767990,中海寰宇时代花园,光明区公明,22.748138,113.948637,价格待定,别墅
24000000003301,乐府广场,光明区公明,22.754338315898,113.93824630879,价格待定,写字楼
1382193087553536,城建云宸汇,龙岗区坂田,22.653846194687,114.08709963666,价格待定,住宅
1382196437762048,特发学府朗园,光明区,22.808196744384,113.90024666688,价格待定,住宅
1382196452229120,绿景尚悦府,福田区沙尾,22.523222213041,114.04250641783,价格待定,住宅
24000000014058,御景荟都,龙岗区龙岗宝荷,22.695258671698,114.28331290809,33000元/平,底商
1382549607415808,金众云山海公馆,南山区前海,22.48551222819,113.89988089093,价格待定,住宅
1382552615682048,拾悦城楠园,宝安区沙井,22.730385659502,113.82577017944,价格待定,住宅
2420050018767990,中海寰宇时代花园,光明区公明,22.748138,113.948637,价格待定,底商
2414165449673349,松茂御城,光明区公明,22.753503,113.912999,价格待定,商业类
1383661360128000,深国际华南数字谷,龙华区民治,22.615518942828,114.05822942356,价格待定,写字楼
1369298426920960,溪山君樾,龙华区梅林关,22.605787216269,114.06628571668,价格待定,别墅
1383663660343296,岗厦汇花园,福田区福田中心,22.540172751835,114.07155821152,价格待定,住宅
1383664340770816,信义君御山汇珑花园,龙岗区坂田,22.640135747189,114.07837683545,价格待定,住宅
1383664381173760,前海交易广场,南山区前海,22.5395815309,113.90608880338,价格待定,商业类
1383666841903104,金地宸峯府,龙华区龙华中心,22.650276177134,114.03412794899,价格待定,住宅
1383666880798720,深物业澜湖时代,龙华区观澜,22.739358349342,114.06732650208,价格待定,住宅
1383667793002496,新世界香蜜四季家园,福田区景田,22.547237146557,114.04754168097,价格待定,住宅
1383745857003520,龙湖星玺青云阙,龙岗区龙岗中心城,22.7547659006,114.24018697297,价格待定,住宅
1383755351433216,前海瑧玺,南山区前海,22.515456912513,113.89721087798,价格待定,住宅
1383755373985792,满京华金硕华府,光明区公明,22.774749709166,113.94313763091,价格待定,住宅
1383758011760640,龙湖御湖境,光明区公明,22.785944630817,113.87590261491,价格待定,住宅
2420053438740477,宝德云谷大厦,龙岗区大运新城,22.704639,114.210835,价格待定,写字楼
24000000053290,深铁前海时代,南山区前海,22.53685623086,113.90929664724,价格待定,商业类
1384391737769984,信城缙学府,龙岗区平湖,22.693815362409,114.16052202184,价格待定,住宅
1385088408502272,海岸悦府,宝安区翻身,22.558237469186,113.90991236225,价格待定,住宅
1385088473219072,海乐华府,宝安区翻身,22.561327431207,113.90945177132,价格待定,住宅
1385090523348992,金地峰境誉府,光明区公明,22.76952769967,113.95765245697,价格待定,住宅
1385090554019840,安居华越龙苑,龙华区龙华新区,22.644423211186,114.04086823185,价格待定,住宅
1385090582814720,信城缙熙园,龙华区观澜,22.720978579699,114.02637057383,价格待定,住宅
1385090620612608,星河开市客环球商业中心,龙华区红山,22.633806002586,114.02091111795,价格待定,住宅
2411063581621,港铁天颂,龙华区上塘,22.651492,114.017863,价格待定,别墅
1385093710561280,安居景贤阁,福田区香梅北,22.560454457158,114.04369032053,价格待定,住宅
1385093728927744,安居君兰湾府,大鹏新区大鹏半岛,22.656666963492,114.50409746704,价格待定,住宅
1385093740658688,安居梓和苑,坪山区坪山,22.766326472153,114.41392664319,价格待定,住宅
1385093750808576,安居泰和苑,坪山区坪山,22.677830301307,114.34739681947,价格待定,住宅
1385093767905280,珑逸府,龙岗区布吉关,22.605582149755,114.12762969993,价格待定,住宅
1385093789384704,深业颐瑞府,光明区公明,22.774728457172,113.94719167879,价格待定,住宅
1385093815558144,太子湾瑞玺,南山区蛇口,22.480776392942,113.91929673744,价格待定,商业类
1385093827264512,帆湾海寓,大鹏新区大鹏半岛,22.628725163586,114.44142824455,价格待定,住宅
1385099621228544,云禧公馆,龙岗区布吉关,22.606522609517,114.13567582425,价格待定,住宅
24000000043687,京基智农山海尚寓,宝安区西乡,22.595640685058,113.86066397117,价格待定,商业类
1375186348351488,星河珑御,龙岗区龙岗宝荷,22.690210060701,114.30052528827,价格待定,底商
246946024600332,绿景白石洲,南山区华侨城,22.546879,113.978063,价格待定,住宅
246970453012598,嘉兴春天大厦,龙岗区龙岗双龙,22.736422,114.286965,价格待定,写字楼
246968827457909,创城丁山河畔,龙岗区坪地,22.771099,114.311349,40000元/平,住宅
2420030720941398,侨城一号广场,南山区华侨城,22.553446,113.992719,170000元/平,商业类
247013735607465,海岸中心,福田区华强南,22.538284,114.084038,价格待定,写字楼
247011846073429,颂德国际,福田区梅林,22.567572,114.040603,价格待定,写字楼
2420031249576802,里城玺樾山,龙岗区布吉水径,22.634155,114.128764,53000元/平,住宅
2411063027896,君临海域,盐田区沙头角,22.562647,114.25033,150000元/平,别墅
2420025794573698,新宝轩V立方,光明区公明,22.731909,113.901913,35000元/平,写字楼
2411063580831,半山半海,盐田区盐田港,22.589086,114.247302,120000元/平,别墅
2420030720941398,侨城一号广场,南山区华侨城,22.553446,113.992719,68000元/平,写字楼
2420031367130753,唐商大厦,宝安区沙井,22.718052,113.841081,38000元/平,写字楼
2420031368178158,深圳金地中心,福田区福田中心,22.544492,114.07048,价格待定,写字楼
5320031766808652,长通熙园,惠阳开城大润发,22.78024,114.482356,13500元/平,住宅
5311063200109,三远大爱城,大亚湾灿邦,22.760658,114.501962,13500元/平,住宅
5317773384445910,隆腾盛世,惠阳秋长,22.818999,114.336527,18000元/平,住宅
5311063182496,天安珑城,惠阳区政府,22.802061263557,114.46470644743,15500元/平,住宅
5417886169542841,春晖国际城,塘厦镇塘厦镇,22.838266,114.108353,26000元/平,住宅
6420020747187925,中铭新达城,火炬中山港口岸,22.564950510657,113.46912234106,13000元/平,住宅
5320020773402199,五矿哈施塔特,博罗博罗中心区,23.184495,114.337201,16000元/平,别墅
5320020778642451,牧云溪谷,惠阳秋长,22.811487,114.333065,18000元/平,住宅
5420020846797887,佳兆业碧海云天,沙田镇沙田镇,22.828629285042,113.62204751244,22000元/平,住宅
6420020476612266,骏珑盛景,石岐区岐港,22.551723402813,113.37104282352,14000元/平,住宅
5420021007264767,新鸿基珑汇,石龙镇石龙镇,23.120038,113.897512,20000元/平,住宅
5320021007265503,华浩海悦湾,大亚湾霞涌,22.779932,114.677981,6000元/平,住宅
6420020502848689,棕榈彩虹,西区彩虹,22.546405,113.356839,15500元/平,住宅
6420021107934991,锦绣海湾城九期,南朗镇南朗镇,22.425765,113.553623,12500元/平,住宅
6420020999893557,锦绣国际花城四期,坦洲镇坦洲镇,22.276322451448,113.45809099494,11500元/平,住宅
6420020999893264,誉峯名门,坦洲镇坦洲镇,22.261977,113.503831,17500元/平,住宅
6420020986260975,德瑞花园,三乡镇三乡镇,22.329175,113.466234,8900元/平,住宅
6420021100593524,尚东新天地,火炬中职院,22.521326,113.457268,20000元/平,住宅
6420021539020403,花海湾,西区彩虹,22.546197,113.370228,12500元/平,住宅
5411100315787,嘉辉豪庭.逸峯,凤岗镇凤岗镇,22.725494,114.194639,28000元/平,住宅
6420021181327484,天奕国际 （展盈天钻）,东区齐东,22.526138933309,113.4272095874,25000元/平,商业类
6420023453319220,华立普罗旺斯,板芙镇板芙镇,22.393023,113.326886,15500元/平,别墅
6420023824709797,华发观山水,三乡镇三乡镇,22.361995,113.37783,7500元/平,住宅
6320027926520407,奥园阳光一号,金湾区三灶镇,22.055056,113.350201,15000元/平,住宅
6320027948543550,东方润园,金湾区红旗镇,22.139246,113.352123,16000元/平,住宅
6320027983144195,泰盈玖悦湾,高新区唐家湾镇,22.357615,113.622285,37000元/平,住宅
6320027981049804,金碧丽江东海岸,斗门区白藤头,22.166803,113.354334,16500元/平,住宅
6320027957979842,万菱情侣湾一号,香洲区吉大,22.239503,113.591181,66000元/平,住宅
6320030492322326,誉诚花园,斗门区白蕉镇,22.230517,113.320557,13500元/平,住宅
6420032780278856,祥圣富地,坦洲镇坦洲镇,22.277165,113.471322,15500元/平,住宅
6420032660721306,云山汇景豪园,三乡镇三乡镇,22.354438,113.403445,9000元/平,住宅
6420034654803297,远扬世纪城二期,大涌镇大涌镇,22.48208,113.292953,4800元/平,商业类
6420035143445665,如愿居,港口镇华师附中,22.574662,113.405663,10000元/平,住宅
6420033692563693,中盈壹英里,黄圃镇黄圃镇,22.702254441247,113.36532962025,7000元/平,住宅
5320035302101776,丰谷天玺,大亚湾龙光城,22.73846,114.430504,16000元/平,住宅
6420035376543273,钰海绿洲,三乡镇三乡镇,22.345729,113.418985,9000元/平,住宅
6320035503491708,卓越唐家墅,高新区唐家湾镇,22.361017,113.613562,36000元/平,别墅
5320036003887727,御城水都,惠阳区政府,22.801017,114.46038,12000元/平,住宅
5320037955490409,中洲半岛城邦,博罗博罗中心区,23.166037,114.326561,8500元/平,住宅
5420037358898312,天琴湾花园,沙田镇沙田镇,22.831636,113.619337,25000元/平,住宅
5420035858016489,丰华珑远翠珑湾,莞城区东平街,23.043727,113.780812,20000元/平,商业类
5320037636906161,曦悦湾畔花园,大亚湾西区新寮,22.768744,114.449927,14200元/平,住宅
5320039040047025,仁和美地,大亚湾灿邦,22.747048,114.508951,10500元/平,住宅
5311063274820,新华联广场,大亚湾大亚湾中心区,22.750782975409,114.53469435243,10000元/平,住宅
6320039119963471,华发绿洋湾,高新区唐家湾镇,22.372933,113.630776,35000元/平,住宅
6420023824709797,华发观山水,三乡镇三乡镇,22.361995,113.37783,18000元/平,别墅
6420039475463791,南洲潮汇湾,东凤镇东凤镇,22.688432319946,113.26348296361,9500元/平,住宅
6320040224215487,盛东江山赋,香洲区吉大,22.250274,113.570753,40000元/平,住宅
6420033681029585,雅居乐民森迪茵湖,三角镇三角镇,22.66918450336,113.47010391873,8500元/平,住宅
6420040764332360,尚都名苑,坦洲镇坦洲镇,22.263939,113.517726,13500元/平,住宅
6420040357516059,时代美宸,西区沙朗,22.570029,113.348349,14500元/平,住宅
6420041230003752,东尚峰景,东凤镇东凤镇,22.705362,113.27642,8500元/平,住宅
6320028152012640,华发山庄,香洲区前山,22.265620111559,113.55287690536,45000元/平,别墅
6414940134714539,奕翠园,东区紫马岭,22.522397156498,113.41319301825,21000元/平,住宅
6320040680510137,天一居,香洲区湾仔,22.194170267722,113.53702377849,48000元/平,住宅
6320041801564746,乐而居花园,香洲区南屏,22.22584,113.500353,24500元/平,住宅
6320041816310596,学思雅筑苑,斗门区乾务镇,22.162614,113.182017,11000元/平,住宅
6420041738704738,钰海佳园,三乡镇三乡镇,22.336725,113.449749,7600元/平,住宅
5320042522009194,奥林清华花园,博罗博罗中心区,23.187106,114.299443,7500元/平,住宅
5320043239349827,时代可园,惠城龙丰,23.05817,114.397291,9300元/平,住宅
5320043262493177,宏益丽苑,惠阳秋长,23.020609,114.367582,8200元/平,住宅
6420040963619452,佳境康城三期,坦洲镇坦洲镇,22.271392838616,113.50611634894,20500元/平,住宅
5420044375340756,颐安云玺,常平镇常平镇,22.979889,114.025544,20000元/平,住宅
6320044490682391,时代水岸,斗门区白蕉镇,22.198627,113.328666,12500元/平,住宅
63000000000003,五洲家园,斗门区白藤头,22.16016129487,113.36100184447,23000元/平,住宅
5320044183506216,水悦华府,惠阳草洋新区,22.780105,114.452533,11800元/平,住宅
6320044786623053,香麓湾,高新区唐家湾镇,22.315797,113.586797,43000元/平,别墅
6320045198794436,华发城建四季半岛·水晶湾,香洲区湾仔,22.178914,113.522204,32000元/平,住宅
6420038420355118,锦绣国际花城三期二区,坦洲镇坦洲镇,22.282038285177,113.45448816066,12000元/平,住宅
6320045510211620,时代都荟大境,斗门区白藤头,22.174992,113.343509,15500元/平,住宅
5320045515472978,名巨伴山,博罗博罗中心区,23.173352,114.304743,8500元/平,住宅
6320045592020031,国维中央广场,香洲区拱北,22.238925,113.553766,27000元/平,商业类
6420033501727615,雅居乐枫璟美地,东升镇坦背,22.582485356122,113.3267876117,10000元/平,住宅
6420046367054511,天基叠彩领峰,南区竹秀园,22.473638,113.364719,11000元/平,住宅
6320034025489797,五洲东方墅,斗门区井岸镇,22.179222103438,113.31210759115,16500元/平,住宅
6320046522277370,双瑞藏珑湾,香洲区湾仔,22.209129,113.538284,42000元/平,住宅
5320046520183633,泓泰花园,大亚湾西区新寮,22.758726,114.450091,12000元/平,住宅
6420033537373760,逸骏星园,坦洲镇坦洲镇,22.263650174881,113.51059460883,17000元/平,住宅
64000000001695,逸骏半岛,坦洲镇坦洲镇,22.272304231317,113.51315960864,15000元/平,住宅
64000000001694,金鹰半山花园,石岐区市人大,22.52894017986,113.39537424546,20000元/平,住宅
64000000001809,神州水岸轩,坦洲镇坦洲镇,22.281056606746,113.50372037963,12800元/平,住宅
54000000001578,唐商翰林府,谢岗镇谢岗镇,22.978285000055,114.10211678249,15000元/平,住宅
5320049541553285,东亚·俪景轩,博罗博罗中心区,23.215499,114.318,6500元/平,住宅
6320049840437417,中冶逸璟公馆（二期）,横琴区横琴,22.159172,113.524813,60000元/平,住宅
6320050184373584,应来科创广场,横琴区横琴,22.133799,113.533738,20000元/平,商业类
5320031072259061,隆生仲恺花园,仲恺高新技术产业开发区仲恺,23.009467,114.338346,12100元/平,住宅
6320050403608691,格力双子星,斗门区白蕉镇,22.228685,113.329976,9200元/平,住宅
6320050804197501,涛鸿·金涛华府,金湾区红旗镇,22.138809,113.341263,16000元/平,住宅
54000000002032,众筑滨海中央,虎门镇万达,22.844520746265,113.68238629791,30000元/平,住宅
5320051010894673,金裕星河丹堤,博罗博罗中心区,23.199087,114.362572,28000元/平,别墅
6320051251028478,华德同裕·璞樾花园,斗门区白藤头,22.159557,113.354749,18000元/平,住宅
6320051256274163,金茂悦城市花园,斗门区白藤头,22.155432,113.352439,16500元/平,住宅
5320051606642066,铂钻花园,惠城东江新城,23.074771090199,114.47517407796,12000元/平,住宅
6320051629714856,乐富里,香洲区上冲,22.277933,113.519442,34000元/平,住宅
5320051616091788,金地招商中交未来花园,惠城东江新城,23.073978,114.478844,11500元/平,住宅
5320051654879151,宏昌山海传奇,惠东惠东沿海,22.788796614889,114.74027429165,10000元/平,住宅
5320052012452866,保利·鹿江来,惠城水口,23.104179,114.483644,11500元/平,住宅
64000000003407,鸿瑞壹品,火炬濠头,22.538606382527,113.43674851189,22000元/平,住宅
5320052166657674,中瑞怡润华府,大亚湾大亚湾中心区,22.758014,114.542589,13500元/平,住宅
6320052561973270,金湾宝龙城,金湾区航空新城,22.121523,113.354621,17000元/平,住宅
64000000003694,招商禹洲云鼎府,火炬太阳城,22.564638342519,113.48973826106,18000元/平,住宅
64000000003899,远南曦湾邸,港口镇华师附中,22.57376013372,113.40190963251,12000元/平,住宅
64000000003898,越秀天樾湾,西区彩虹,22.54983937786,113.35425273205,16000元/平,住宅
5320052717232089,富雅水岸,仲恺高新技术产业开发区仲恺,23.035857,114.348068,9000元/平,住宅
6320052835717516,马鞍山一号公馆,香洲区前山,22.256194,113.532253,34000元/平,住宅
6320052889129948,中葡商贸广场,横琴区横琴,22.140578,113.551975,38000元/平,商业类
64000000003896,华立凯旋新城,黄圃镇黄圃镇,22.739947411062,113.34320893169,8200元/平,住宅
6415053469551377,保利国际广场.R（二期）,港口镇华师附中,22.588595,113.406709,7500元/平,商业
54000000002713,龙湖·金地天曜城,茶山镇石龙镇,23.093881194887,113.86381080846,22000元/平,住宅
54000000002935,三正·鹏程上花园,凤岗镇凤岗镇,22.699359038054,114.18404737486,31000元/平,住宅
54000000002834,时代天韵,厚街镇厚街镇,22.943535462759,113.72282803845,23000元/平,住宅
54000000002933,海上明悦,沙田镇沙田镇,22.880291610405,113.5999927524,19000元/平,住宅
64000000003894,颐安熙园,西区博爱一北,22.52116444915,113.36390531921,14500元/平,住宅
64000000004004,骏珑汇景湾,西区博爱一北,22.518025938067,113.36019921984,15000元/平,住宅
5320020773402199,五矿哈施塔特,博罗博罗中心区,23.184495,114.337201,8500元/平,住宅
6420033353872666,钰海山悦城,三乡镇三乡镇,22.339560245314,113.43381535329,8500元/平,住宅
64000000004348,碧桂园黄金时代,火炬中山港口岸,22.577154915537,113.46701280097,11000元/平,住宅
64000000004349,汇豪万秀豪庭,沙溪镇博爱一南,22.500870530114,113.35550812631,10700元/平,住宅
6320053618044915,华发又一城六期,斗门区井岸镇,22.154887,113.311648,13500元/平,住宅
6420053722710580,凯柏峰景,三乡镇三乡镇,22.369469,113.498277,11500元/平,住宅
6320053768002485,华发广场（天啟）,横琴区横琴,22.158504,113.548033,33000元/平,商业类
6420034203792990,锦绣国际花城一期,坦洲镇坦洲镇,22.279449813903,113.45985179657,11500元/平,住宅
53000000000962,城市山麓花园四期,博罗博罗中心区,23.169284192079,114.32704465085,7500元/平,住宅
54000000003064,璀璨时代,虎门镇万达,22.844334885772,113.71058564216,29000元/平,住宅
54000000003063,招商·保利依城大观,谢岗镇谢岗镇,22.971866648762,114.17100031305,18800元/平,住宅
6320054603826098,峰泽丽苑,斗门区斗门镇,22.226446,113.204851,8500元/平,住宅
5320054809389724,瑞禧园,大亚湾万达,22.756974,114.487871,13500元/平,住宅
64000000005223,信业尚上名筑花园,东升镇坦背,22.602830562338,113.31629859807,9500元/平,住宅
64000000005121,华润仁恒公园四季,西区彩虹,22.551306643658,113.36078920106,17000元/平,住宅
6420034203792990,锦绣国际花城一期,坦洲镇坦洲镇,22.279449813903,113.45985179657,8999元/平,商业类
53000000001923,奥林匹克花园五期,惠城江北,23.152336714496,114.39332670315,15300元/平,住宅
64000000005009,御景名都花园,南头镇南头镇,22.71230575741,113.30536174746,9000元/平,住宅
64000000005008,阳光城悦澜府,东升镇坦背,22.590188381239,113.32238014279,9800元/平,住宅
64000000005120,大翼御景豪庭,三乡镇三乡镇,22.376131308639,113.44886585196,8500元/平,住宅
64000000005399,纪元花园,黄圃镇黄圃镇,22.693554568307,113.37679053831,6800元/平,住宅
53000000002232,星河传奇,惠城汝湖,23.186343116623,114.46131475768,10500元/平,住宅
6320033010967438,家和城·阅湖,斗门区白藤头,22.164448674752,113.36131724014,18000元/平,住宅
5320043239349827,时代可园,惠城龙丰,23.05817,114.397291,12500元/平,底商
5320031065960255,鹏达南山壹号,惠城河南岸,23.056404,114.407413,11000元/平,住宅
54000000002032,众筑滨海中央,虎门镇万达,22.844520746265,113.68238629791,19000元/平,商业类
5420041433427383,鲁能公馆,茶山镇茶山镇,23.080316,113.857789,23000元/平,住宅
54000000004024,朗豪公馆,厚街镇厚街镇,22.935600072835,113.66875725111,25000元/平,住宅
53000000002330,冠华城桂香园三期,大亚湾西区新寮,22.744385,114.433572,12500元/平,住宅
64000000005598,江南红合盈家园,三角镇三角镇,22.674275190241,113.42420486504,9800元/平,住宅
6320055841313856,城市博客公馆,金湾区红旗镇,22.139312,113.357266,22000元/平,住宅
53000000002579,中惠峻秀阁,大亚湾比亚迪商圈,22.735922477779,114.46665538374,14000元/平,住宅
6320057061880627,展科花园,金湾区红旗镇,22.136582,113.339483,14000元/平,住宅
54000000005189,佳兆业时代芳华二期,中堂镇中堂镇,23.112127363078,113.66211076328,20000元/平,住宅
54000000004983,卓著天城·辰光,塘厦镇塘厦镇,22.818723177298,114.09331361278,29000元/平,住宅
6320057399540653,五洲富山园,斗门区五山镇,22.195648,113.155126,9000元/平,住宅
64000000007635,宝嘉誉峰,西区彩虹,22.542879817133,113.37012185969,16500元/平,住宅
64000000007532,欢乐海岸天鹅堡,石岐区岐港,22.560696983085,113.37801021446,19000元/平,住宅
64000000007431,颐安陶然阁,南头镇南头镇,22.717219255979,113.30672023912,9000元/平,住宅
5320031072259061,隆生仲恺花园,仲恺高新技术产业开发区仲恺,23.009467,114.338346,37000元/平,底商
53000000004601,德威花园城二期,惠阳秋长,22.835878631359,114.45522825734,9000元/平,住宅
53000000004394,读者文化园,惠城三栋镇,23.040840595413,114.46380474547,18000元/平,商业类
64000000007982,万科西海岸,南朗镇南朗镇,22.557405569727,113.59647446809,21000元/平,住宅
54000000006254,星河璟悦公馆,塘厦镇塘厦镇,22.836525897235,114.10198620191,25500元/平,住宅
64000000002124,锦绣国际花城五期,坦洲镇坦洲镇,22.279002303752,113.45396828952,13000元/平,底商
6420053968245871,润达幸福汇四期,西区新中医院,22.540495601963,113.36002940276,15500元/平,住宅
63000000002691,路福星光上轩,香洲区前山,22.246829278042,113.52828332673,30000元/平,住宅
64000000007880,佳兆业阅山府,火炬博览中心,22.503815565038,113.43852631751,18000元/平,住宅
6318061092751564,韵怡湾,香洲区老香洲,22.285674,113.584014,35000元/平,住宅
53000000006404,润合名居,大亚湾西区新寮,22.759638613602,114.44184344698,12000元/平,住宅
63000000004149,卓越旭辉江屿海,金湾区航空新城,22.118653531626,113.36653862763,24000元/平,住宅
63000000004148,鹏瑞珠澳湾,香洲区夏湾,22.22136453457,113.54314817104,29000元/平,商业类
63000000004255,天樾峰公馆,金湾区三灶镇,22.048156410798,113.36041730123,13000元/平,住宅
54000000006989,金地名著,常平镇常平镇,22.949618727468,114.00078258912,19500元/平,住宅
54000000008121,世城悦湖花园,凤岗镇凤岗镇,22.729677354286,114.20834607086,26800元/平,住宅
54000000006988,鸿荣源熙园山院,凤岗镇凤岗镇,22.71561270709,114.19251149053,30000元/平,住宅
54000000007392,华堂睿晟松湖云溪,松山湖高新区松山湖,22.871106566183,113.86871694171,32000元/平,住宅
63000000004146,清能岭秀荟,高新区唐家湾镇,22.40799541978,113.55176774438,23500元/平,住宅
64000000010836,懿臻山,南区城南一路,22.491888700097,113.37072134911,19000元/平,住宅
53000000008086,星河丹堤WZ区,惠阳南站新城,22.776483307693,114.49599447899,33000元/平,别墅
54000000009175,保利时区,虎门镇新联,22.863765458814,113.680062891,33000元/平,住宅
54000000009275,振业清溪雅苑,清溪镇清溪镇,22.850627,114.172815,25000元/平,住宅
54000000009376,中海松湖璟尚,大岭山镇大岭山镇,22.932822363158,113.84258700548,28000元/平,住宅
54000000009272,万科公园里,麻涌镇麻涌镇,23.072968963323,113.57509546596,18500元/平,住宅
63000000006443,华发碧桂园滨海半岛,金湾区航空新城,22.125489917091,113.37998028029,25800元/平,住宅
5320051010894673,金裕星河丹堤,博罗博罗中心区,23.199087,114.362572,12500元/平,住宅
5311063907438,万城名座花园,惠阳白云新城,22.780968,114.436326,13500元/平,住宅
53000000009955,中洲南麓院,惠城河南岸,23.023448341959,114.44331200794,11000元/平,住宅
63000000008529,天沐·公园里,金湾区三灶镇,22.072296478618,113.39296848471,18000元/平,住宅
53000000010985,金裕星河梧桐湾花园,仲恺高新技术产业开发区仲恺,22.9930758693,114.30065628271,10400元/平,住宅
53000000011187,万科中天宏远文瀚花园,惠阳区政府,22.802477639773,114.47403067794,15500元/平,住宅
63000000009059,龙光玖榕湾苑,香洲区南屏,22.22627465701,113.51352706017,32000元/平,住宅
63000000009161,天茂领航湾,金湾区航空新城,22.1176043051,113.3670362446,28000元/平,住宅
5320026970820846,星河丹堤N区,惠阳南站新城,22.782119,114.501877,14500元/平,住宅
63000000009160,华发天茂国际半岛,金湾区航空新城,22.115616769535,113.36159845268,25000元/平,住宅
64000000015121,中南时方境,西区沙朗,22.558821874402,113.33188974151,13800元/平,住宅
53000000011708,绿景南庄,大亚湾比亚迪商圈,22.728204154395,114.4627229751,12000元/平,住宅
53000000011707,云水佳苑,大亚湾灿邦,22.754610940648,114.50276183726,11500元/平,住宅
63000000009785,湖心明悦,斗门区白藤头,22.156706452083,113.34252024994,16000元/平,住宅
64000000015645,万科城市之光,民众镇民众镇,22.624868115219,113.47495625396,12000元/平,住宅
63000000009987,仁恒河滨花园,高新区唐家湾镇,22.402981898894,113.55705274507,24000元/平,住宅
63000000009783,绿景玺悦湾,香洲区南湾,22.22781312147,113.52895060803,40000元/平,住宅
54000000010864,珑远·印象翠珑湾,麻涌镇麻涌镇,23.035966002183,113.58154619049,22000元/平,住宅
53000000012511,九颂中奥沃华|瑞府,惠城小金口,23.161329949713,114.39896522573,13000元/平,住宅
54000000006254,星河璟悦公馆,塘厦镇塘厦镇,22.836525897235,114.10198620191,15000元/平,商业类
53000000012509,时代印记花园,仲恺高新技术产业开发区仲恺,23.004195725882,114.32386734942,10800元/平,住宅
54000000006254,星河璟悦公馆,塘厦镇塘厦镇,22.836525897235,114.10198620191,42500元/平,别墅
54000000009175,保利时区,虎门镇新联,22.863765458814,113.680062891,16000元/平,商业类
6320023071412233,凤山府,香洲区上冲,22.27453,113.520922,27800元/平,住宅
63000000011148,华发琴澳新城四季峰景五期,香洲区湾仔,22.183625857066,113.52974325982,32000元/平,住宅
63000000011250,华发琴澳新城银景湾,香洲区湾仔,22.187171410199,113.53169943652,36000元/平,住宅
64000000014469,德宝怡高•怡区,火炬中职院,22.52538682565,113.43845023504,18000元/平,住宅
53000000014672,禹州五经嘉誉名邸,仲恺高新技术产业开发区仲恺,23.00809702423,114.31556936544,9500元/平,住宅
63000000012691,华发琴澳新城四季峰景三期,香洲区湾仔,22.183022333351,113.52757515374,32000元/平,住宅
63000000013226,方直西岸花园,斗门区白蕉镇,22.234812928572,113.33319158513,11000元/平,住宅
63000000013542,湖心明荟,斗门区白藤头,22.154238164871,113.3452097562,16500元/平,住宅
64000000019128,保利天珺,东区濠头,22.562332861516,113.42260315269,18500元/平,住宅
54000000013634,中海松湖云锦,大朗镇大朗镇,22.938335625144,113.91486888591,35000元/平,住宅
54000000013837,半岛1号,中堂镇中堂镇,23.110127895,113.66464280476,18200元/平,住宅
54000000014245,怡安星河世纪,塘厦镇塘厦镇,22.855660606535,114.10341986971,13000元/平,商业类
54000000014347,保利堂悦,清溪镇清溪镇,22.834380822823,114.19976135646,22000元/平,住宅
63000000014979,华发广场横琴湾（32地块）,横琴区横琴,22.164660715378,113.53311848374,45000元/平,住宅
63000000015285,粤海·拾桂府,金湾区航空新城,22.119222860223,113.3625367709,25000元/平,住宅
53000000016324,华创金麟府,仲恺高新技术产业开发区仲恺,23.023364193553,114.33278817896,9000元/平,住宅
53000000016322,方圆天俊,仲恺高新技术产业开发区仲恺,23.054730605047,114.34932433735,9000元/平,住宅
53000000016619,方直星图园,惠城江北,23.150052312235,114.43649090713,11000元/平,住宅
5320055476332125,星河丹堤G4区,惠阳南站新城,22.774143,114.501383,18000元/平,住宅
64000000021005,融创深悦府,民众镇民众镇,22.633493347372,113.48568183987,10000元/平,住宅
5311099391176,合生金山湾,惠阳三和经济开发区,22.958037,114.509729,价格待定,别墅
54000000015177,珑远·万江翠珑湾,万江区石美,23.055169567733,113.71390045999,28500元/平,住宅
54000000015173,粤港湾·樾光里,虎门镇大宁,22.818982883118,113.73575406209,25000元/平,住宅
54000000015172,中熙玖墅,谢岗镇谢岗镇,22.963704570935,114.13748443405,16000元/平,住宅
54000000015072,保利·越秀·金茂松湖云禧,寮步镇寮步,22.97933753185,113.87614784711,28000元/平,住宅
54000000015269,怡好·相伴里,凤岗镇凤岗镇,22.759792451963,114.16728535402,24000元/平,住宅
54000000015271,碧桂园·瑜璟臺,茶山镇茶山镇,23.066728210187,113.86025779236,22000元/平,住宅
54000000015169,恒基·旭辉江山,石碣镇石碣镇,23.11210092935,113.84534597784,17000元/平,住宅
63000000016403,华发广场横琴府（20地块）,横琴区横琴,22.164836967123,113.54395831894,50000元/平,住宅
64000000021531,中山108君悦府,东区轻轨北站,22.561679266006,113.41555119536,21000元/平,住宅
64000000021635,雅居乐凯茵云顶,火炬凯茵,22.516639545193,113.46625985526,13250元/平,住宅
54000000010864,珑远·印象翠珑湾,麻涌镇麻涌镇,23.035966002183,113.58154619049,12000元/平,商业类
64000000021939,广银海悦湾,南朗镇南朗镇,22.500961205569,113.52218363007,11500元/平,住宅
64000000021937,伟信金沙南岸,三角镇,22.687053589436,113.40209444783,8000元/平,住宅
64000000022141,中山粤海城,南朗镇南朗镇,22.560809673167,113.59269126293,22000元/平,住宅
63000000013756,世荣尚观,斗门区井岸镇,22.199232350574,113.31713141867,17000元/平,住宅
63000000017119,中珠领域花苑,金湾区红旗镇,22.13124574864,113.34146146798,14500元/平,住宅
63000000016606,畔山御海,金湾区三灶镇,22.04815556531,113.3915560462,16300元/平,住宅
63000000016505,世荣峰景广场,斗门区井岸镇,22.176106617488,113.32276780529,16000元/平,住宅
63000000016498,海伦堡玖悦云府,斗门区白藤头,22.158386437834,113.35461051323,13500元/平,住宅
64000000021628,御山风景,三乡镇三乡镇,22.361924654374,113.3707197741,10000元/平,商业类
63000000016496,万科海上城市二期,金湾区三灶镇,22.083066742347,113.40996856005,26000元/平,住宅
63000000016602,万科海上城市三期,金湾区三灶镇,22.087596202088,113.40480128915,24000元/平,住宅
53000000019350,九颂中奥沃华·鸿禧,大亚湾西区新寮,22.752383590012,114.4614749917,13000元/平,住宅
54000000017214,保利紫云,桥头镇桥头镇,23.007867104563,114.0881383758,16500元/平,住宅
54000000016505,越秀美的天悦江湾,沙田镇沙田镇,22.941335607417,113.63113313477,20000元/平,住宅
53000000018443,星河臻誉府,仲恺高新技术产业开发区仲恺,23.022441877133,114.33518221822,11200元/平,住宅
63000000014058,华发IFC琴澳湾1号,横琴区横琴,22.169547761771,113.54074488684,68000元/平,住宅
63000000016494,九洲保利天和（四期）,金湾区三灶镇,22.105599797807,113.37385107027,70000元/平,别墅
63000000019480,珠海华润置地广场·海湾润府,高新区唐家湾镇,22.405998795123,113.56422033824,24000元/平,住宅
54000000018130,保利阅江台,望牛墩镇望牛墩镇,23.058137756028,113.63272239503,18000元/平,住宅
54000000018129,中海凤凰熙岸,道滘镇道滘镇,22.979789699024,113.6744549373,27000元/平,住宅
63000000020188,洪湾河畔（S6地块）,香洲区南屏,22.197795299468,113.47021649751,22000元/平,住宅
63000000019478,华发琴澳新城四季半岛三期,香洲区湾仔,22.178502683261,113.51950828898,32000元/平,住宅
63000000019477,海伦堡玖悦珑湾,金湾区航空新城,22.123749667856,113.34723521172,23800元/平,住宅
63000000006447,世荣翠湖苑二期（南区）,斗门区井岸镇,22.164738455235,113.30188693232,13500元/平,住宅
54000000017726,汉荣星樾,虎门镇虎门公园,22.830558446131,113.69788740584,28000元/平,住宅
53000000021474,粤海壹桂府,大亚湾澳头,22.73363713905,114.53050312361,10500元/平,住宅
63000000021516,仁恒滨海湾一期,高新区唐家湾镇,22.380433535532,113.57832931144,30000元/平,住宅
53000000021472,金沙濠逸花园,大亚湾西区新寮,22.748165370439,114.45715244572,14000元/平,住宅
63000000022126,华发广场横琴府（19地块）,横琴区横琴,22.165815808353,113.54389059029,52000元/平,住宅
64000000000007,中凯华庭,坦洲镇坦洲镇,22.266897,113.519892,14000元/平,住宅
54000000019861,科学城时区,黄江镇黄江镇,22.902597162189,114.00593376749,27000元/平,住宅
63000000022025,格力海岸六期,高新区唐家湾镇,22.361149991261,113.62910180053,35000元/平,住宅
54000000019859,中熙玖珑山,桥头镇常平镇,23.005472691658,114.08722945284,18000元/平,住宅
54000000021114,保利武汉城建·林语峯境,樟木头镇樟木头镇,22.881027882524,114.08618533729,25000元/平,住宅
54000000021213,中和居,清溪镇清溪镇,22.850407844772,114.15853347356,19000元/平,住宅
54000000021214,孚泰锦城,莞城区运河东,23.039434,113.753986,29000元/平,住宅
54000000016505,越秀美的天悦江湾,沙田镇沙田镇,22.941335607417,113.63113313477,50000元/平,别墅
63000000024097,星河湖山春晓花园,斗门区乾务镇,22.164991258473,113.22916621047,10000元/平,住宅
64000000030370,越秀建发玺樾,火炬太阳城,22.566995466749,113.49797077282,14800元/平,住宅
54000000022327,和府,虎门镇万达,22.832901790591,113.69055718846,36000元/平,住宅
54000000022328,瑞天·莞太印象,南城区宏远南,23.003962845322,113.73146509362,39800元/平,住宅
6320040252573118,仁恒滨海半岛三期,高新区唐家湾镇,22.366920145108,113.63169464594,38500元/平,住宅
54000000004983,卓越华堂卓著天城·辰光,塘厦镇塘厦镇,22.818723177298,114.09331361278,15000元/平,商业类
54000000025061,一湾云璟,长安镇长安新区,22.763948654626,113.77043159674,32500元/平,住宅
64000000033180,万科深业湾中新城,南朗镇南朗镇,22.524577084267,113.62956804931,23000元/平,住宅
53000000018443,星河臻誉府,仲恺高新技术产业开发区仲恺,23.022441877133,114.33518221822,23000元/平,底商
63000000028210,华发广场横琴荟（42地块）,横琴区横琴,22.15872844404,113.54282857653,50000元/平,住宅
53000000024915,富辰悦府,惠城河南岸,23.028661449509,114.43778816649,12500元/平,住宅
54000000015177,珑远·万江翠珑湾,万江区石美,23.055169567733,113.71390045999,11500元/平,商业类
54000000027961,保利和悦滨江,横沥镇横沥镇,23.041166930422,113.990915375,17500元/平,住宅
53000000025112,华润置地·润溪花园,大亚湾比亚迪商圈,22.730585928999,114.46220216937,13500元/平,住宅
63000000028410,观海200里,金湾区三灶镇,22.089310802786,113.41285551256,28000元/平,住宅
5320051616091788,金地招商中交未来花园,惠城东江新城,23.073978,114.478844,20000元/平,底商
63000000028211,创新方娱乐文化中心,横琴区横琴,22.129767017015,113.5246818903,25000元/平,商业类
5320020773402233,鼎峰国汇山,惠城江北,23.131785,114.443248,45000元/平,别墅
53000000027714,华廷瑞府,仲恺高新技术产业开发区仲恺,23.011146338884,114.31859466404,10000元/平,住宅
53000000027713,金满庭,惠城江北,23.126432412694,114.4351431041,13900元/平,住宅
5320021157208985,泰丰牧马湖,大亚湾万达,22.754638,114.495342,25000元/平,底商
54000000028961,莞月松湖,东坑镇大朗镇,22.988491789073,113.93933619878,23000元/平,住宅
53000000027910,宝瑞花园,博罗博罗中心区,23.16986056579,114.33815787219,6600元/平,住宅
64000000005598,江南红合盈家园,三角镇三角镇,22.674275190241,113.42420486504,17500元/平,商业
64000000033180,万科深业湾中新城,南朗镇南朗镇,22.524577084267,113.62956804931,16000元/平,商业类
63000000031909,华发四季云山,香洲区南屏,22.220378747556,113.5201481273,34000元/平,住宅
63000000031908,华发院子,斗门区井岸镇,22.15584449194,113.31369671493,价格待定,别墅
64000000038079,博爱里,火炬中职院,22.520633612628,113.44992882765,14800元/平,住宅
1371095487741952,大运万科城,凤岗镇凤岗镇,22.733373467252,114.20850577519,30000元/平,住宅
1372849196236800,中海源境,南城区东莞图书馆,23.012013904185,113.75869943244,53000元/平,住宅
1373202603409408,观海200里二期,金湾区三灶镇,22.088830711014,113.4119380456,28000元/平,住宅
1373490797469696,保利阳光城四期,惠阳白云新城,22.790323,114.435336,12500元/平,住宅
1375392905838592,五洲家园二期,斗门区白藤头,22.16145323095,113.36234757716,22000元/平,住宅
1375411135193088,誉峰名品,坦洲镇坦洲镇,22.293115894964,113.46212362725,11000元/平,住宅
1375449787899904,翠湖香山国际花园（留香苑）,高新区唐家湾镇,22.368555047579,113.55973772585,42000元/平,别墅
63000000031611,金铭华府,金湾区三灶镇,22.078291231389,113.37338510579,15000元/平,住宅
1375827657662464,天地源悦唐阁,高新区唐家湾镇,22.405525761536,113.56422559903,25000元/平,住宅
1375900782428160,伊泰华庭,坦洲镇坦洲镇,22.27171447696,113.49103202704,13000元/平,住宅
1376163608510464,珠光新城3期,斗门区红旗镇,22.148964508135,113.35242139634,12500元/平,住宅
53000000024116,星河冠誉府,仲恺高新技术产业开发区仲恺,23.040305990568,114.37675670051,8500元/平,商业类
1376406895353856,广银畔山林语,斗门区井岸镇,22.203399482137,113.29612782961,9000元/平,住宅
1376445218775040,颐安骊璟公馆,石岐区实验小学,22.545176432304,113.40274407943,16500元/平,住宅
1377651709632512,越秀龙湖天樾,小榄镇小榄镇,22.649199668553,113.22803922239,14000元/平,住宅
1377949268803584,德威上筑,惠城江北,23.158478356411,114.42866484109,11000元/平,住宅
1378937098534912,锦荟年华花园,惠城三栋镇,23.009484844726,114.44665852027,9220元/平,住宅
1379201417846784,世邦燕都花园,香洲区前山,22.261052,113.543446,30000元/平,住宅
1379629489545216,盈悦森境,板芙镇板芙镇,22.397661664236,113.3354346369,9800元/平,住宅
1380121112764416,华发香海湖,斗门区白藤头,22.17725443679,113.33991598909,17500元/平,住宅
1380348125863936,九洲湾,香洲区吉大,22.240734099834,113.59558038074,60000元/平,住宅
1380348205424640,颐璟名庭,高新区唐家湾镇,22.409895752281,113.55352004396,24000元/平,住宅
1380348125863936,九洲湾,香洲区吉大,22.240734099834,113.59558038074,28000元/平,商业类
1381685317304320,智汇广场,金湾区航空新城,22.119656914731,113.36386016474,10000元/平,商业类
5411100597615,海逸豪庭尚都,南城区水濂山,22.938641,113.736392,22000元/平,住宅
5320052012452866,保利花园,惠城水口,23.104179,114.483644,价格待定,底商
63000000016494,九洲保利天和（四期）,金湾区三灶镇,22.105599797807,113.37385107027,24500元/平,住宅
54000000008121,世城悦湖花园,凤岗镇凤岗镇,22.729677354286,114.20834607086,价格待定,别墅
1384891439783936,健康花城璞悦,火炬太阳城,22.555400046989,113.49017380158,13000元/平,住宅
6320027985245635,万科红树东岸,高新区唐家湾镇,22.390945077299,113.57466827501,28000元/平,住宅
2420031324023016,凤凰公馆,坪山区坪山,22.679009,114.318068,30600元/平,住宅
2420031597964923,保利24季,大鹏新区大鹏半岛,22.604831,114.481381,27000元/平,住宅
2420031596902285,建信天宸,龙岗区横岗,22.646911,114.201045,44000元/平,住宅
2420031713344680,木棉湾商业街,龙岗区布吉街,22.615752,114.13666,100000元/平,底商
2420031746606680,易尚中心,宝安区宝安中心,22.553968,113.88638,80000元/平,写字楼
2420031981910351,后海•星光道,南山区后海,22.511714,113.936193,98880元/平,商业
2415259438188742,奥园峯荟,光明区公明,22.771239,113.904964,60000元/平,底商
2414167048489205,佳华领域广场,龙华区观澜,22.719930645178,114.06331527331,45000元/平,商业类
2420027329539262,红山6979,龙华区红山,22.626972,114.033659,140000元/平,底商
2420030502815906,金汐11街,龙岗区龙岗双龙,22.735810159137,114.2973601217,价格待定,底商
2420032107879470,德弘基·碧桂园·前海荟,宝安区西乡,22.576786514307,113.88346731265,75000元/平,住宅
2420032287253163,中粮天悦广场,宝安区新安,22.576346,113.919865,48000元/平,写字楼
2420032287253163,中粮天悦广场,宝安区新安,22.576346,113.919865,110000元/平,底商
2420029650941517,远洋新天地二期,龙岗区龙岗中心城,22.735797,114.265846,40000元/平,底商
2420032090936918,万科星城,宝安区沙井,22.722371,113.840497,43918元/平,住宅
246946750477291,帝景台,罗湖区新秀,22.552157,114.160626,70000元/平,住宅
2414149370786581,宝昌利御景御峰公馆,龙岗区龙岗宝荷,22.693616,114.267162,39000元/平,住宅
2411100522583,金亨利都荟首府,龙华区红山,22.624696,114.034333,79000元/平,住宅
2414101773038140,传麒东湖名苑,罗湖区百仕达,22.577426,114.149183,68000元/平,住宅
2414150878922956,悦千山雅园,盐田区盐田港,22.603815,114.258517,45000元/平,住宅
2414450187078429,金地1號院,龙华区观澜,22.698901,114.063992,80000元/平,别墅
246947460624626,松茂柏景湾,宝安区西乡,22.59318376904,113.84704378612,60000元/平,住宅
2411100442009,英郡假日广场,龙岗区丹竹头,22.62387,114.15591,38500元/平,商业类
2411064136602,德润荣君府,龙岗区坂田,22.632394,114.075207,50000元/平,商业类
2414149020846654,长庆小时代,龙岗区布吉石芽岭,22.628737,114.130568,44000元/平,住宅
2411100444437,鸿荣源·壹城中心六区,龙华区龙华中心,22.654116,114.039009,72000元/平,住宅
2411062843778,深业东岭,罗湖区黄贝岭,22.555308,114.146576,75000元/平,住宅
2414462686890503,碧桂园荣汇花园,龙岗区坂田,22.629545,114.078786,64000元/平,住宅
2411100459633,前海观一,宝安区新安,22.576814,113.912266,90000元/平,商业类
2411050406987,卓能雅苑,龙华区龙华新区,22.637921,114.050781,58000元/平,住宅
2411052012881,兰江山第,福田区梅林,22.571199,114.020083,150000元/平,住宅
247487936279479,领翔华府,宝安区西乡,22.614563,113.860418,价格待定,底商
2411064079270,满京华SOHO藝峦,宝安区西乡,22.589431,113.880113,40000元/平,写字楼
2420021481325142,恒荣立方中心,宝安区西乡,22.591287,113.884805,57000元/平,写字楼
2420021481325961,信利康大厦,南山区前海,22.507181,113.894765,83000元/平,写字楼
2414463715806269,龙光玖钻,龙华区红山,22.62764884186,114.02883602791,51000元/平,写字楼
2420021701576674,恒邦壹峯,福田区华强北,22.55023,114.097373,88000元/平,写字楼
2420021707880592,前海银鸿,宝安区翻身,22.560721,113.907587,74000元/平,写字楼
2420022082353118,明发光明轩,光明区公明,22.732093,113.899652,35000元/平,写字楼
2420022143203724,香江金融中心,南山区前海,22.507585,113.894658,95000元/平,写字楼
246985606770875,龙岐湾1号,大鹏新区大鹏半岛,22.577634,114.509408,70000元/平,商业类
2411063889727,建安山海中心,福田区竹子林,22.539982,114.011332,价格待定,写字楼
2420022889979354,深圳·泰禾广场,坪山区坪山,22.698407,114.345502,43000元/平,写字楼
2411049079211,松茂御龙湾,宝安区碧海,22.579843,113.859969,价格待定,商业类
2414462686890503,碧桂园荣汇花园,龙岗区坂田,22.629545,114.078786,42000元/平,商业类
2420025251386696,融湖中心城三期,龙岗区平湖,22.70025,114.126701,43000元/平,住宅
246876692754684,中粮祥云,龙岗区大运新城,22.70236,114.238641,35000元/平,写字楼
2420026519669283,Mini公馆,罗湖区布心,22.582359,114.130577,63000元/平,住宅
2420026946704158,湾区领地,南山区深圳湾,22.495883,113.946483,300000元/平,底商
2420027292837725,龙岗天安数码城T4全时空间,龙岗区大运新城,22.728858454238,114.22406508429,36000元/平,商业
2420027329539262,红山6979,龙华区红山,22.626972,114.033659,价格待定,商业类
2420027490070852,山海四季城Ⅲ·四季公馆,盐田区盐田港,22.596052,114.263824,53000元/平,住宅
2411100445920,华联城市全景壹号,宝安区新安,22.57925,113.914675,75000元/平,商业类
2420028430038936,东门百汇,罗湖区东门,22.555641,114.1273,130000元/平,底商
2420029650941517,远洋新天地二期,龙岗区龙岗中心城,22.735797,114.265846,43000元/平,住宅
2420020650717418,前海卓越时代广场·港湾金街,宝安区宝安中心,22.552724,113.89242,199000元/平,底商
2420030377940441,碧桂园领寓,宝安区福永,22.688298,113.840443,价格待定,写字楼
2420030469180357,前海锦云,宝安区西乡,22.589364,113.893988,65000元/平,商业类
2420030472311880,四海锦园.欣寓,龙岗区平湖,22.68745,114.131325,48000元/平,商业类
2420030502815906,金汐11街,龙岗区龙岗双龙,22.735810159137,114.2973601217,32000元/平,商业类
2420030567848944,AT MALL,龙华区上塘,22.642359,114.019323,170000元/平,底商
2411100710675,万科深南道68號,罗湖区春风路,22.550757,114.135434,60000元/平,商业
2420030719891467,勤诚达正大城,光明区公明,22.727686,113.921253,51650元/平,住宅
2411062841169,地铁锦上花园三期,龙岗区横岗,22.639279125181,114.18722702069,40000元/平,商业类
2420030728316915,半岛城邦四期,南山区蛇口,22.486216215215,113.94023045854,116000元/平,住宅
2420021556844786,阳基御龙山,龙华区观澜,22.719675,114.040528,50000元/平,商业类
2420034054891118,星河天地,光明区公明,22.766705583082,113.94516860582,46200元/平,住宅
2420034610636480,碧桂园凤凰国际智谷,宝安区西乡,22.59197,113.872831,41000元/平,商业类
2414167048489660,勤诚达前海世界,宝安区新安,22.578105,113.915141,56000元/平,写字楼
2420021707880592,前海银鸿,宝安区翻身,22.560721,113.907587,70000元/平,商业类
2420034599229792,万科香蜜府,福田区竹子林,22.55579443888,114.01340053985,97000元/平,住宅
2420034597132342,国速世纪大厦,罗湖区地王,22.559416,114.115014,77000元/平,商业类
2420034685227656,百花里,福田区百花,22.560558,114.098986,350000元/平,底商
2420034664240008,观澜逸街,龙华区观澜,22.692654,114.055436,86000元/平,底商
2420022889979354,深圳·泰禾广场,坪山区坪山,22.698407,114.345502,42000元/平,商业类
2420027653727312,佳兆业城市广场五期,龙岗区坂田,22.663630668944,114.08239485685,100000元/平,底商
2420032088840393,新彩苑,龙华区梅林关,22.608538,114.043706,90000元/平,底商
2420035255829770,深国际万科和雅轩,龙华区民治,22.612411,114.053577,66000元/平,住宅
2420035385989625,中骏云景府,龙岗区坪地,22.725225361003,114.30980040376,35000元/平,住宅
2420035411147530,Open Mall-禧食街,宝安区西乡,22.603605,113.857731,60000元/平,底商
2420035474130158,红山府,龙华区红山,22.627171,114.033877,78000元/平,商业类
2420035684894037,博林君瑞Hello Park,宝安区沙井,22.718527,113.834467,80000元/平,底商
2420035704823356,宝泰雅苑,龙华区红山,22.633202,114.036852,69000元/平,住宅
2420035770982256,锦龙荟,福田区华强南,22.542427,114.097732,230000元/平,底商
2420036037445725,华润城万象府,南山区科技园,22.546896,113.961638,102000元/平,商业类
2420036085687010,卓越中寰,宝安区沙井,22.738691,113.825387,45000元/平,商业类
2420036085687010,卓越中寰,宝安区沙井,22.738691,113.825387,38000元/平,底商
2411063577782,东都中央王座,龙岗区龙岗中心城,22.712743,114.241554,价格待定,商业类
2420036085687010,卓越中寰,宝安区沙井,22.738691,113.825387,45000元/平,住宅
2420036555443270,佳兆业E立方,龙华区观澜,22.735128,114.108855,42000元/平,商业类
2420029650941517,远洋新天地二期,龙岗区龙岗中心城,22.735797,114.265846,31000元/平,商业类
2420029650941517,远洋新天地T10,龙岗区龙岗中心城,22.735797,114.265846,26000元/平,写字楼
2420036882767429,壹成中心壹成里,龙华区龙华中心,22.653557,114.040419,180000元/平,底商
2420037552969297,新锦安海纳公馆,宝安区宝安中心,22.559910558454,113.90142872952,90000元/平,住宅
2420038263037994,华润深圳湾瑞府,南山区深圳湾,22.520534,113.953471,158000元/平,商业类
2420035914755923,深房传麒景苑,福田区香梅北,22.564201,114.042966,70000元/平,商业类
2420038601740496,欢乐港湾•海府一号,宝安区宝安中心,22.550311,113.89023,112000元/平,写字楼
2420039498270653,嘉鑫辉煌时代,福田区梅林,22.576073,114.064705,71000元/平,写字楼
2420039255224807,前海科创中心,宝安区碧海,22.572902,113.863788,38000元/平,商业类
2420039330739068,和平天地,龙华区上塘,22.649385,114.018422,120000元/平,底商
2420039424074797,富润·乐庭,坪山区坪山,22.693248,114.37297,36600元/平,住宅
2420023455426536,龙光玖龙台,光明区公明,22.751390501596,113.94138696126,110000元/平,底商
2420027459655336,宝创红禧公馆,宝安区西乡,22.601525,113.857915,价格待定,写字楼
2420038879454994,君胜熙珑山,龙岗区坪地,22.758308,114.291868,价格待定,商业
2411100688865,又一城,龙岗区大运新城,22.731801,114.220185,价格待定,底商
2414169812011058,名居广场,龙岗区龙岗中心城,22.704719,114.240139,价格待定,商业
2420041360028511,恒大城二期花园,坪山区坪山,22.706233,114.346413,38000元/平,住宅
2420041107326587,昊龙华庭,龙岗区平湖,22.708083,114.128067,35000元/平,住宅
2420027292837725,龙岗天安数码城T4全时空间,龙岗区大运新城,22.728858454238,114.22406508429,36000元/平,商业类
2420031596902285,建信天宸,龙岗区横岗,22.646911,114.201045,33000元/平,商业类
2420041950520542,正弘·林语轩,龙岗区龙岗宝荷,22.69267100052,114.26645245479,37000元/平,住宅
2420032090936918,万科星城,宝安区沙井,22.722371,113.840497,43000元/平,商业类
2420032090936918,万科星城,宝安区沙井,22.722371,113.840497,60000元/平,底商
2420043387461224,华润公园九里花园,光明区公明,22.780878,113.880226,50000元/平,住宅
2420043385363948,京基御景半山,龙岗区龙岗宝荷,22.691511,114.265585,43000元/平,住宅
2420043370688734,方直谷仓府,坪山区坪山,22.692424,114.368763,34500元/平,住宅
2420043506998665,和盛五十府,龙岗区坪地,22.736523,114.307526,35500元/平,住宅
2420043372787516,汇智百盛,宝安区松岗,22.774091,113.865781,42500元/平,住宅
2420043527000269,君华时代,龙岗区龙岗双龙,22.756562671597,114.28148018917,40000元/平,住宅
2420034054891118,星河天地,光明区公明,22.766705583082,113.94516860582,41000元/平,商业类
2420039498270653,嘉鑫辉煌时代,福田区梅林,22.576073,114.064705,68000元/平,商业类
2420043302512424,首创龙华中心,龙华区龙华中心,22.663184,114.044772,80000元/平,商业类
2420044056627989,领航城WE PARK,宝安区西乡,22.612942,113.85685,130000元/平,底商
2420044486490014,卓弘星辰,龙岗区横岗,22.666747,114.226408,50000元/平,住宅
2420044357574674,深圳-双子湾,南山区后海,22.515072,113.932995,96000元/平,商业类
2420044359675743,时间谷创意大厦,光明区公明,22.771604,113.894146,价格待定,商业类
2420044242224497,满京华云朗公馆,宝安区西乡,22.643618,113.848635,55000元/平,住宅
2420044534809256,金迪世纪大厦,南山区华侨城,22.548261,113.999894,价格待定,商业类
2411062530658,佳兆业盐田城市广场,盐田区盐田港,22.593834998535,114.25939764532,33000元/平,底商
2420044528520977,龙湖春江天玺阁,龙华区龙华中心,22.645558,114.048529,67500元/平,住宅
2420036555443270,佳兆业E立方,龙华区观澜,22.735128,114.108855,60000元/平,底商
2420031324023016,凤凰公馆,坪山区坪山,22.679009,114.318068,50000元/平,商业类
2420044908262798,创新智慧港,宝安区桃源居,22.718428,113.861436,26800元/平,写字楼
2420039482540764,华盛珑悦,龙华区龙华中心,22.656993,114.036593,52000元/平,商业类
2420044986925927,华讯商厦,龙岗区大运新城,22.708635,114.225667,60000元/平,底商
2420045310982037,招商领玺,南山区前海,22.513275,113.895177,102500元/平,住宅
2420045095983680,颐安都会中央五期,龙岗区大运新城,22.69677,114.230674,56000元/平,住宅
2420045485043953,合正置地大厦,南山区华侨城,22.548659,114.000995,92000元/平,住宅
2420045485043957,远洋天著华府,南山区大学城,22.589501,113.971002,83800元/平,住宅
2420045487161579,海祥阁,南山区前海,22.487193,113.896533,79000元/平,住宅
24000000001044,汉京金融中心,南山区科技园,22.546137417592,113.94310678416,88000元/平,写字楼
2420044528520977,龙湖春江天玺阁,龙华区龙华中心,22.645558,114.048529,51000元/平,商业类
2420030661177318,万科蛇口公馆天街,南山区蛇口,22.493177499981,113.93900114358,90000元/平,商业
2411100806818,正大同堂,龙岗区横岗,22.652219,114.186477,价格待定,住宅
2420046019844790,龙光玖誉府,龙华区观澜,22.704141,114.047176,51300元/平,住宅
2420043527000269,君华天第,龙岗区龙岗双龙,22.756562671597,114.28148018917,60000元/平,底商
2420030661177318,万科蛇口公馆天街,南山区蛇口,22.493177499981,113.93900114358,90000元/平,底商
24000000001387,锦顺星苑,龙华区观澜,22.714003,114.05101,52600元/平,住宅
2414142616908014,中粮云景国际,光明区公明,22.783003,113.894377,价格待定,底商
2420030727232748,京基御景峯,南山区大学城,22.604297,114.018609,65000元/平,写字楼
2420047927561191,金融街华发·融御花园,光明区公明,22.751989,113.938345,50900元/平,住宅
2420047961104013,京基御景珑庭,宝安区沙井,22.737698,113.802974,39000元/平,商业类
24000000001012,京基御景时代大厦,龙岗区大运新城,22.712501828772,114.2239254186,45000元/平,商业
24000000001602,安宏基星曜广场,龙华区龙华中心,22.684778221525,113.99481564625,56000元/平,住宅
24000000001964,龙光玖悦台,龙华区红山,22.633322854631,114.02485009353,90500元/平,住宅
24000000002184,中城宴华府,龙华区红山,22.63859115389,114.02313758883,88000元/平,住宅
2420049398949771,保达誉都花园,龙岗区龙岗中心城,22.749745,114.241556,价格待定,住宅
2420049491220700,笋岗中心万象华府,罗湖区笋岗,22.568442,114.116953,83000元/平,住宅
2420049919080746,特发天鹅湖畔,龙岗区平湖,22.679186,114.167255,40000元/平,住宅
2420049990388420,通达汇轩,龙华区龙华中心,22.677962,114.035892,60300元/平,住宅
2420050040720393,越秀·和樾府,宝安区曦城,22.604047,113.902277,90300元/平,住宅
2420050171791884,中房·翰林门,盐田区沙头角,22.558266,114.237941,57000元/平,住宅
2420050224290631,恒大锦苑,龙岗区龙岗中心城,22.749448,114.25741,39500元/平,住宅
2414147686509569,宏发天汇城,光明区公明,22.781909,113.899967,39000元/平,商业类
2420050215903937,电建地产洺悦府,光明区公明,22.757201734827,113.94304195941,价格待定,住宅
2420050478046556,星都·梅沙天邸,盐田区梅沙,22.60451,114.321992,59800元/平,住宅
2420050552549377,清林半山,龙岗区龙岗中心城,22.759475042085,114.23310418971,39500元/平,住宅
2420050570372883,鸿荣源天俊,龙华区民治,22.622275,114.037148,62000元/平,商业类
2420050570374202,榕江壹号院,宝安区西乡,22.580823,113.864253,价格待定,住宅
2420050879697986,缙山府,罗湖区银湖,22.573661,114.097605,83000元/平,住宅
2420050879698532,中海汇德理,龙华区上塘,22.643687,114.018292,75350元/平,住宅
2420050879698973,莱蒙水榭云上家园,龙华区红山,22.636974,114.018921,73800元/平,住宅
2420050879698088,百晟上府,光明区公明,22.79189,113.906789,47000元/平,住宅
2411063526851,金中环·天赋,福田区莲花,22.570242,114.075098,79000元/平,商业类
2420051654878615,尖岗山壹号花园,宝安区曦城,22.592976,113.923408,88500元/平,住宅
2420049990388420,通达汇轩,龙华区龙华中心,22.677962,114.035892,38000元/平,商业类
2420051756593032,万科·万致天地,龙岗区坂田,22.63555,114.074451,33000元/平,商业类
2411062530658,佳兆业盐田城市广场,盐田区盐田港,22.593834998535,114.25939764532,37600元/平,商业类
2420052484380664,兆邦基·端慧苑,光明区公明,22.768123,113.911836,50000元/平,住宅
2420052485461214,中海阳光橡树园,龙岗区龙岗宝荷,22.698609,114.278613,42000元/平,住宅
2420052512724524,新霖荟邑,龙岗区龙岗双龙,22.754568,114.278705,40000元/平,住宅
2420052532576413,佳华领悦广场,坪山区坪山,22.70843,114.343634,44000元/平,住宅
2420053042184973,保利勤诚达誉都,龙岗区龙岗中心城,22.751509,114.244243,42500元/平,住宅
2420053294034798,北宸之光家园,龙华区观澜,22.729531,114.10819,48000元/平,住宅
24000000003089,壹成中心璞誉府,龙华区龙华中心,22.651291621725,114.03847903576,68000元/平,住宅
24000000003189,佳兆业樾伴山花园,宝安区桃源居,22.662419110913,113.87466091544,55500元/平,住宅
24000000003188,远洋滨海大厦,南山区前海,22.518402661213,113.91631954175,88000元/平,商业类
2420053418624087,华润城润玺一期,南山区科技园,22.550071,113.965194,价格待定,住宅
2420053512146324,香山道公馆,南山区华侨城,22.557787,113.978207,112000元/平,住宅
2420053575057016,玺玥华府,宝安区新安,22.581937,113.914643,88700元/平,住宅
24000000002265,招商东岸,大鹏新区大鹏半岛,22.639009905599,114.42774613913,39500元/平,住宅
2420030743005284,正展逸园,龙岗区坂田,22.65163,114.081999,120000元/平,别墅
2420053970388249,前海天境花园,南山区前海,22.521052,113.895483,112000元/平,住宅
2420054075235332,深国际万科和颂轩,龙华区梅林关,22.608517,114.054267,76500元/平,住宅
24000000003457,利德悦府,龙岗区坪地,22.766997513112,114.2965465304,38000元/平,住宅
2420053970388255,深铁懿府,南山区华侨城,22.559443,114.000153,价格待定,住宅
2420048035530612,水木一方大厦B栋公寓,南山区南头,22.539404162641,113.93439514109,140000元/平,商业类
246947393515414,恒大天玺公馆,罗湖区地王,22.552374,114.118829,价格待定,商业类
24000000000945,桃源大厦,宝安区桃源居,22.620356312555,113.86473642236,价格待定,写字楼
2411271980724231,旭生大厦,宝安区西乡,22.589727,113.870272,价格待定,商业类
24000000004619,恒大都会广场,龙岗区坂田,22.631198958962,114.085294211,63000元/平,底商
2420057604028834,万科瑧山海,南山区前海,22.517758,113.912881,106000元/平,住宅
2420057604028834,万科·瑧山海家园,南山区前海,22.517758,113.912881,120000元/平,底商
2420053970388249,前海天境花园,南山区前海,22.521052,113.895483,150000元/平,商业类
2420053970388249,前海天境花园,南山区前海,22.521052,113.895483,190000元/平,底商
24000000004132,佳兆业壹都汇大厦,龙岗区布吉街,22.612394,114.125587,58000元/平,住宅
24000000004132,佳兆业壹都汇大厦,龙岗区布吉街,22.612394,114.125587,30000元/平,商业类
2420045063471415,龙华金茂府,龙华区上塘,22.645802,114.020228,150000元/平,底商
24000000004132,佳兆业壹都汇大厦,龙岗区布吉街,22.612394,114.125587,62000元/平,商业
2420021556844786,阳基御龙山,龙华区观澜,22.719675,114.040528,价格待定,底商
2420050040720402,招商臻府,宝安区新安,22.584471,113.90098,88000元/平,商业
24000000013656,弘基南城小筑,南山区南头,22.544892852658,113.92769089164,81000元/平,住宅
24000000013555,云科府,光明区,22.793377036925,113.96349924951,50000元/平,住宅
24000000014058,恒大悦玺大厦,龙岗区龙岗宝荷,22.695258671698,114.28331290809,价格待定,住宅
24000000003189,佳兆业樾街汇,宝安区桃源居,22.662419110913,113.87466091544,30000元/平,底商
24000000007437,万科都会四季花园,宝安区曦城,22.605278306242,113.9058957508,90000元/平,住宅
2420038879454994,君胜熙珑山,龙岗区坪地,22.758308,114.291868,29000元/平,商业类
2420035063866404,佳兆业中央广场二期,龙岗区坂田,22.665786,114.083268,36000元/平,写字楼
2420052913397380,满京华云著雅庭,宝安区松岗,22.787640839582,113.83848427234,48700元/平,住宅
2420042599438568,鹏展汇,宝安区沙井,22.746391,113.836127,46000元/平,写字楼
24000000020480,金茂公园里,光明区公明,22.772123587346,113.93946138181,51700元/平,住宅
2420054802039149,臻林天汇大厦,南山区南头,22.553464,113.928842,55000元/平,底商
24000000021993,远洋新干线远洋广场,龙岗区龙岗中心城,22.725433012436,114.26902837549,30000元/平,商业类
24000000021993,远洋新干线远洋广场,龙岗区龙岗中心城,22.725433012436,114.26902837549,45000元/平,住宅
24000000023418,深铁瑞城,光明区公明,22.73272662138,113.93655334124,50300元/平,住宅
24000000022093,海德园,福田区竹子林,22.557334876463,114.01136569531,价格待定,住宅
2420051606642671,京基水贝时代广场,罗湖区翠竹,22.575650685485,114.13070916803,70000元/平,商业类
24000000024535,招商雍和府,宝安区沙井,22.731717209567,113.82693624667,52000元/平,住宅
24000000024328,前海润峯府,南山区前海,22.521623277899,113.89415281129,价格待定,住宅
24000000026161,珑湾上城花园,宝安区沙井,22.724661684453,113.80375169468,52800元/平,住宅
24000000026159,星河天地华邸,光明区公明,22.768620342667,113.94369523156,52000元/平,住宅
24000000027673,星河盛境府,龙岗区横岗,22.667262199686,114.22349813448,53000元/平,住宅
24000000027666,招商仕林臻邸,南山区蛇口,22.498075990956,113.92817933192,115000元/平,住宅
24000000028683,华侨城瑞湾府,宝安区宝安中心,22.557233782455,113.88682535806,102000元/平,写字楼
24000000027173,深业鹤塘岭花园,南山区华侨城,22.545324194739,113.97959264638,价格待定,商业类
2411100688865,又一城,龙岗区大运新城,22.731801,114.220185,价格待定,别墅
2411063277712,天峦湖,坪山区坪山,22.672817,114.358891,价格待定,别墅
24000000028681,星河时代大厦,龙华区观澜,22.699467078277,114.00305043899,26000元/平,写字楼
2420049183961598,蓝湾海岸,宝安区碧海,22.563373815233,113.87435147402,价格待定,写字楼
24000000008887,创智云城,南山区西丽,22.58462545403,113.94639316629,65000元/平,商业类
2414166779005807,星河荣御花苑,宝安区沙井,22.726967,113.813341,50950元/平,住宅
247347420279009,大中华国际金融中心,福田区福田中心,22.544843,114.076443,价格待定,商业类
24000000034820,润峯云上府,宝安区福永,22.697250112004,113.8091417651,48700元/平,住宅
24000000047991,华润置地未来城,罗湖区螺岭,22.55118638742,114.13365218495,55000元/平,商业类
2414149020846654,长庆小时代,龙岗区布吉石芽岭,22.628737,114.130568,50000元/平,底商
2414149020846654,长庆小时代,龙岗区布吉石芽岭,22.628737,114.130568,35000元/平,商业类
24000000041077,中粮·福田大悦广场,福田区梅林,22.569031598102,114.05348281056,60000元/平,商业
24000000005042,尚智科园,光明区公明,22.7429443668,113.93013944762,价格待定,商业类
1371226632404992,万丰海岸城瀚府一期,宝安区沙井,22.71738420902,113.8303993156,价格待定,住宅
246945277750736,深圳湾1号,南山区深圳湾,22.51207,113.949362,280000元/平,商业类
246968135396486,和昌拾里花都,龙岗区龙岗中心城,22.726647,114.267665,47000元/平,住宅
246985606770875,龙岐湾1号,大鹏新区大鹏半岛,22.577634,114.509408,70000元/平,别墅
2420030974854900,玫瑰尚寓,龙华区观澜,22.721844,114.06384,40000元/平,商业类
2420030974854900,玫瑰尚寓,龙华区观澜,22.721844,114.06384,40000元/平,商业
2420031192956201,麟恒中心广场三期,龙岗区横岗,22.643382,114.192868,价格待定,商业类
2420030743005284,正展逸园,龙岗区坂田,22.65163,114.081999,62000元/平,住宅
2420031426941887,天誉city mall,龙岗区龙岗中心城,22.717462,114.251748,150000元/平,底商
6420034203792990,锦绣国际花城一期,坦洲镇坦洲镇,22.279449813903,113.45985179657,10000元/平,商业
1383323300749312,世纪城国际公馆街区,南城区西平,22.993957,113.750658,价格待定,底商
