name,uid,phone
天怡美装饰,215226137,15086639045
宏韵装饰,215230404,18996530061
天怡美装饰杨家坪旗舰店,215234398,18302361473
港宏宜家装饰,215238259,
重庆图家装饰,215238842,18723860806
荣昌一家装饰,215242939,17729615501
二十四城装饰重庆旗舰店,215249910,
万州踏歌装饰,215241297,
米萝优装饰,215231397,
重庆锦佰家装饰,215241820,
天怡美装饰,215226137,15086639045
宏韵装饰,215230404,18996530061
天怡美装饰杨家坪旗舰店,215234398,18302361473
港宏宜家装饰,215238259,
重庆图家装饰,215238842,18723860806
荣昌一家装饰,215242939,17729615501
二十四城装饰重庆旗舰店,215249910,
万州踏歌装饰,215241297,
米萝优装饰,215231397,
重庆锦佰家装饰,215241820,
锦饰佳装饰,215249736,
御端装饰,215247791,
重庆爱庭装饰工程有限责任公司,215243323,
二一八装饰,215237140,
派艺装饰,215238182,
亿家装饰荣昌店,215240467,
荣昌古一装饰设计,215239067,
重庆九棵松装饰,215241219,
乐勋装饰,215236457,
未来整装 全屋定制,215243036,
皇安定制家具工厂,215248346,
陆叁装饰,215244969,
原拓营创装饰,215245519,
良辛装饰,215246384,
百舍装饰,215243517,
轩鼎装饰,215243335,
重庆欧恒装饰,215243954,
重庆百灵鸟家居设计有限公司,215248862,
欣家装饰,215249713,19923625317
顺本装饰,215250610,
撑赞装饰,215243150,18581011698
百点装饰,215230335,
好家丁装饰,215243861,
笛歌装饰,215244547,15213316193
喜玛装饰,215245185,
远景装饰,215226249,
永川天怡美装饰,215231674,13452956276
兰弘装饰,215226769,
锦家乐装饰,215248279,
辞旧迎新装饰,215237788,
锦琢装饰,215241831,
重庆方文装饰设计有限公司,215243393,
维格空间装饰,215244822,
乐尚名家,215248083,
满安装饰,215248856,
壹慕壹装饰,215250163,
嘉丽豪装饰工程有限公司,215250631,
艺鸣装饰,215250839,
龙亭装饰,215231787,
和家欢装饰,215236830,13399881919
重庆本色装饰,215248779,
远弘装饰,215250991,
重庆鸿岚装饰,215248084,
家祥装饰,215226511,
淘虎匠,215240065,
午戈装饰,215235488,
鼎间装饰,215242837,
四维空间装饰,215243922,
巴川装饰,215244610,
重庆楷安装饰工程有限公司,215248926,
尚腾装饰,215251305,
重庆大豆装饰,215246852,15123318294
艺园嘉装饰,215249320,
典岸装饰,215247819,
予念装饰,215247950,
生色印象装饰,215233002,
佐澜装饰,215247706,
重庆智美优家,215251131,
墅美居装饰,215250972,
檀森装饰,215250996,
喜兔装饰,215251261,
铂满装饰,215245737,
重庆紫庭装饰,215239522,15683998111
喜焕新家,215246764,
贝优装饰,215243758,
佳饰祥居装饰,215250732,
美其居装饰,215249679,
米巢装饰,215250773,
凡云装饰,215239066,
大足佰尚装饰,215241541,
玩儿家设计,215245793,
万霆装饰,215246514,
美之乐装饰,215245615,
诗然阁装饰,215247621,17823331320
重庆国广装饰设计,215248097,
壳壳丛建筑设计,215250406,
美饰美家,215246971,
燊岳空间装饰,215248373,18680956557
财精装饰,215245354,
一家装饰大足店,215249099,
巫山建辉装饰,215238292,
宏门居装饰,215249139,
稚芃装饰工程有限公司,215247277,
木子李家居,215250816,
美丽方装饰,215250644,
荣昌青文装饰设计中心,215247192,
乐巧装饰,215250864,
饰家淘装饰,215236861,
蜀域装饰,215233472,
铜梁天美装饰,215238220,
鼎峰日盛装饰,215246545,
登宏装饰,215250699,
乐尚装饰·观音桥透明无忧整装,215235746,
科本未来|C8进口整装,215244202,
先午装饰,215242422,
万州艺策装饰,215249550,
齐饰家装饰,215235215,
重庆庄臣装饰,215237399,
凡花饰景装饰,215236253,
涪陵交换空间装饰,215242619,
玖志装饰,215244462,
俏业家装饰,215247850,
重庆言壹予装饰设计工程有限公司,215250652,
铂尼思整装大家居,215235463,
江顺装饰,215247203,
万州丰沛空间设计装饰,215243185,
重庆岚庭家居,215244071,
浩和宇装饰,215244544,
源之梦装饰,215229968,
优家馆装饰,215248000,
锦欣居装饰,215239929,
明吉利美学软装,215241892,
馨美居装饰,215241971,
一修鸽翻新,215243965,
重庆欣佳房装饰,215244808,
石柱新居缘装饰,215245599,
变新家装饰,215246050,
重庆绿居装饰,215246085,
枇杷装饰,215249281,
博德装饰,215237799,
速龙装饰,215240326,
交换空间万州公司,215242210,
永川美星装饰,215247480,
大程全屋翻新,215244745,
重庆德朗装饰,215237844,
重庆名作装饰,215237804,
涪陵品秋装饰,215242922,
睿博装饰,215244643,
权璟装饰,215245192,
古琨装饰,215245093,
易间装饰,215242571,
零秒空间装饰,215245905,
佳装惠装饰,215233417,
家之韵装饰,215243225,
精焱诚装饰,215244729,
西环装饰,215246256,
便捷翻新,215245992,
璧山饰海逸家装饰,215246184,
大渝装饰,215245854,
匠诚焕装,215242494,
重庆可乐居装饰,215241157,
暮鼓装饰,215243681,
重庆明杰装饰,215240767,
首禾装饰设计工作室,215246921,
墨染设计机构,215247386,
星雨欣装饰,215242781,
视觉装饰,215235764,
瓴建装饰,215236160,
鑫玥视界装饰,215243312,
重庆千家喜装饰,215247762,
玛桦装饰,215244327,
森冠装饰,215246330,
洛漫装饰璧山店,215242927,
爱唯家装饰,215243088,
己何设计,215244321,
虎宝宝装饰,215245190,
重庆新尚全案设计,215246620,
涪陵豪刻之家装饰,215243919,
十二新装饰,215246776,
杰连装饰,215246980,
星艺装饰江津店,215248556,
合川品尚装饰,215246869,
堂德品味装饰,215246989,
星艺装饰永川分公司,215247545,
三汉装饰,215247601,
蝶舞装饰,215246815,
美邦装饰设计有限公司,215247250,
开州九木堂装饰,215247471,
好空间装饰,215248276,
星艺装饰大足店,215248773,
安家 装饰,215246289,
九木堂梁平分公司,215246975,
万州艺晨装饰,215247675,
庭白装饰,215248252,
广东星艺集团涪陵店,215248486,
重庆森焱装饰工程有限公司,215249753,
重庆蓝鲸装饰,215249974,
茂顺家装饰,215247000,
交换空间装饰江津店,215247286,
立品装饰,215247736,
甲古装饰,215248009,
182空间装饰,215248211,
欣盛装饰,215249815,
众城装饰,215249895,
启鸿装饰,215250167,
金为装饰,215238263,
三色堇软装,215244139,
重庆汉工装饰工程有限公司,215242160,
重庆梁柱装饰,215243365,
云阳卓锐,215244404,
芸桩装饰,215238667,
万州罗彬装饰,215243042,
别格特装饰（石柱）,215245730,
搭某设计有限公司,215236008,
峰典装饰,215241185,
重庆市长寿区睿檐交换空间装饰工程有限公司,215242801,
重庆百家福装饰,215245258,
智靓云装饰,215238304,
重庆云阳金孔雀装饰,215244336,
金铸装饰,215245480,
璧山鼎峰装饰,215245881,
九恩堂装饰,215237792,
墅间装饰,215243010,
重庆凰蔷装饰工程有限公司,215243595,
潮漫装饰,215236734,
重庆新祺家装饰,215239864,
壹品塘装饰,215241811,
途煜装饰,215233778,
远贝装饰,215234520,
7M软装,215238425,
卡傲装饰,215241081,
贝宇装饰,215239108,
重庆龙石装饰,215237963,
回头客装饰,215240484,
拾阶梯装饰,215240633,
柯睿嘉装饰,215241190,
武隆家酷德装饰,215241942,
梦优装饰,215242065,
生活家装饰重庆旗舰店,215242263,
渝瀚装饰,215242349,
青椒设计工作室,215242568,
寿星装饰,215242603,
楷模装饰.家居生活馆,215242766,
金榜装饰,215242819,
匠艺装饰,215242932,
雅古装饰,215243462,
重庆美星装饰,215243924,
领诺装饰,215244507,
澳莱特装饰,215244817,
久居空间装饰,215245148,
幸福家,215246255,
美时装饰,215233770,
明道装饰,215231409,
齐恒装饰,215241055,
松旭装饰,215245163,
圆周率装饰,215237977,
桓磊装饰,215240193,
祖龙装饰,215241173,
大足兰庭装饰有限公司,215245688,
名工坊装饰,215240561,
安优家装饰,215242364,
重庆舍予装饰设计工程有限公司,215242633,
岚庭装饰,215239069,
大世界装饰,215240688,
九江装饰璧山店,215236612,
大足哲尚装饰,215237489,
寒舍装饰（噗晓家具软装馆）,215237520,
逸境装饰,215238648,
南川美星装饰,215239289,
其泽装饰,215239302,
川冈装饰,215240560,
重庆淳美装饰,215240987,
重庆雲岭装饰,215241022,
恒川尚佳装饰,215241062,
久家装饰,215241488,
万州紫名都装饰,215241667,
钊源装饰,215241675,
汐家装饰,215241676,
臻樽装饰,215241749,
美心印象装饰,215241781,
重庆兄弟装饰官方店,215242472,
重庆八点装饰设计,215242879,
瀚林装饰,215243157,
东豸装饰,215244917,
越甲装饰,215245560,
九江装饰,215236613,
联兴装饰,215239876,
蚂蚁工坊装饰,215240318,
多岛装饰,215240376,
巧匠世家装饰,215240378,
向君装饰,215241341,
新汇装饰（重庆石柱）,215241409,
庭悟装饰,215242405,
晴荫阁装饰,215242808,
绿森林装饰,215237791,
迅迪装饰,215238379,
铭匠世家装饰,215241511,
重庆高匠装饰,215241993,
优逸装饰,215236980,
大写艺装饰,215237170,
比利屋装饰,215235570,
唯改装饰,215237351,
正道装饰,215237509,
思睿空间装饰,215236573,
汇月装饰,215227759,
重庆华诚装饰,215230126,
蓝舟装饰,215230414,
重庆宏韵装饰,215234505,
京塞装饰,215232948,
铂世鸿装饰,215233149,
军荣装饰,215229163,
洛漫装饰,215232338,
早之稻装饰,215232742,
观天下装饰,215233018,
空舍设计,215234963,
春暖快装,215235944,
柒摄氏度装饰,215236137,
天怡美.百变空间,215236554,
宾鹏装饰,215236693,
良源装饰,215236720,
合川简美装饰,215237463,
雨渤装饰,215237840,
世界之窗装饰,215237877,
重庆赞匠装饰,215237893,
犇意装饰,215238309,
交换空间开州站,215238435,
交换空间涪陵店,215238450,
交换空间万州店,215238452,
交换空间南川店,215238453,
交换空间长寿店,215238454,
四象空间设计,215238490,
重庆宅品装饰,215238502,
交换空间装饰茶园分公司,215238510,
杨家军装饰,215238523,
长武装饰武隆店,215238525,
潼南森装装饰,215239112,
迈凯空间装饰,215239241,
上舍装饰,215239370,
贝乐爷装饰,215239377,
重庆翻师傅装饰,215240180,
巫溪荣翔装饰,215241359,
天义世家装饰,215241660,
尺度装饰,215241796,
千扬装饰,215242291,
米空间装饰,215244883,
重庆鑫色装饰设计工程有限公司,215248823,
炫逸家装饰,215244802,
城上佳装饰,215248599,
龙城装饰,215248924,
澜洵方寸,215249674,
诗情装饰,215238915,
佳馨达装饰,215238302,
佐汉森装饰,215231603,
齐家典尚永川站,215232623,
水无痕装饰,215246965,
天洋装饰,215247165,
饰海逸家装饰,215236509,
维享家装饰,215234272,
重庆佳天下装饰,215230072,
家业兴装饰,215238231,
合川交换空间,215242490,
重庆众信装饰,215243867,
八天装饰,215248575,
重庆乐尚装饰,215226775,
美的家装饰·21年专注大宅全案装修,215227457,
华浔品味装饰官方店,215227754,
优乐整装工厂店,215228506,
重庆壹川装饰,215229993,
交换空间装饰,215230660,
彬致装饰,215231301,
达瑞装饰,215233308,
伟景装饰,215235630,
三禾装饰,215235994,
重庆崇迈建筑装饰设计有限公司,215236493,
吾宅软装,215236629,
汇朗装饰,215236764,
高悦装饰,215237196,
重庆良彬装饰,215237673,
交换空间铜梁店,215238451,
三只兔装饰共享装修,215238641,
井然装饰,215239102,
日之月装饰,215239306,
重庆卓锐装饰,215239456,
万州觐麟装饰,215239851,
爬山虎装饰,215240204,
顾衡装饰,215240466,
东鹏整装家居|永川店,215240544,
全宅配装饰,215240640,
东鹏整装家居|璧山店,215241182,
开开美东装饰,215241351,
写意梵境装饰设计工作室,215241603,
缔爵装饰,215241804,
翼博装饰有限公司,215242146,
轩尚装饰,215242244,
尚家全屋定制,215242464,
知顺装饰,215242470,
翼博装饰,215243130,
畅意佳装饰,215243145,
巧蜜蜂装饰,215243149,
盈美装饰,215243198,
壹新益装饰,215243274,
万邦装饰,215243332,
鼎峰装饰,215243426,
东墅装饰,215243518,
荣昌腾帮装饰,215243564,
家如懿装饰,215243573,
尚米特装饰,215243732,
贤可装饰,215243803,
慕尚•极美家装饰,215243828,
重庆幻想家装饰,215244089,
米梵装饰,215244166,
古汇居装饰,215244516,
智来家居,215244965,
荣昌荣吉鑫装饰,215244987,
点筑装饰,215245415,
君聚慧装饰,215245842,
重庆尚层装饰,215245925,
顺兮装饰,215245970,
佰盛装饰工程有限公司,215246095,
鼎航装饰,215246162,
全有装饰,215246165,
星和庄筑,215246167,
万州佰桥装饰,215246196,
森原装饰,215246248,
重庆乐锐装饰,215246411,
重庆创爱装饰,215246537,
元年装饰,215246567,
贝霖装饰,215246576,
卓日装饰,215246905,
悠哉悠哉装饰,215246961,
靓空间装饰,215247320,
凯源装饰,215248292,
缔伦全案设计中心,215238455,
盛世家园装饰,215246849,
陈灏装饰,215246861,
非也装饰设计,215247339,
璧山居尚装饰,215247369,
源舍装饰,215247615,
启扬装饰,215247322,
富豪博艺装饰,215247904,
璧山西环装饰,215247440,
森美艺家装饰,215247764,
欧艺佳装饰,215248963,
红满江装饰,215249027,
融盛装饰,215249244,
广东帝豪装饰重庆分公司,215245479,
欧智家装饰,215246295,
怡家佰年装饰,215246322,
龙庆万家装饰,215246404,
祥昇装饰工程有限公司,215246414,
奇人装饰,215247176,
典墅装饰,215248229,
重庆恋尚家装饰,215248278,
重庆深度装饰,215248590,
星艺装饰忠县店,215248649,
重庆安然装饰工程有限公司,215248664,
窝居智家装饰,215248881,
焕新家,215248920,
交换空间巫山店,215249129,
爱你家装饰,215226532,
荣昌友居装饰,215231142,
重庆德品装饰COP,215232002,
齐家典尚装饰,215232081,
家装e站梁平站,215233283,
大写艺高端设计中心,215233552,
诺美兴,215234252,
银江装饰,215235029,
优壹佳装饰,215235053,
前卫装饰,215235070,
拾初设计,215235166,
淳品装饰,215235508,
凡花饰锦装饰,215235561,
新观典装饰,215235612,
六三装饰,215235676,
易百国际设计,215235724,
奇创装饰,215236087,
紫若星装饰,215236409,
锄禾装饰,215236569,
琴逸阁装饰,215236749,
赤岸装饰,215237073,
艺兮·空间设计,215237658,
重庆世界之窗装饰,215237862,
云购易家装饰,215237924,
视觉色装饰,215125125,
重庆建品装饰,215227126,
韩涵装饰,215228052,
重庆德品装饰,215229210,
长寿爱你家装饰,215229835,
图家装饰,215229897,
重庆快捷焕新,215230623,
唤新家旧房翻新,215231132,
大足德壹装饰,215231805,
塞纳春天装饰,215232382,
家装e站开州站,215232387,
唐卡装饰,215232635,
凯墅文装饰,215232944,
紫苹果装饰,215233116,
齐家典尚装饰局装部,215233198,
纬创空间,215233929,
觅家装饰,215235360,
天吉装饰,215235455,
万州塞纳春天装饰,215235599,
渝权装饰,215235658,
梦舍装饰,215235768,
东鹏整装家居|鹏信装饰,215235859,
城拓装饰,215235861,
典尚装饰,215236027,
浦江装饰,215236034,
乔柏装饰,215236093,
禾苗装饰,215236164,
长寿大树装饰,215236189,
家装e站忠县站,215236214,
讯典装饰,215236333,
泽讯装饰,215236429,
主创装饰,215236492,
万州三只兔共享装修平台,215236531,
兰瑞装饰,215236580,
奉节淳品装饰,215236626,
足升装饰,215236910,
皓艺装饰,215236912,
启翔装饰,215237019,
景升装饰（重庆）,215237143,
装酷装饰,215237152,
中之艺装饰,215237173,
山禾子云空间设计,215237353,
汇芯美装饰,215237643,
宾鹏整体装饰,215237678,
房计划装饰,215237757,
吐吧槌装饰,215237839,
重庆品功装饰,215237987,
重庆二十四城装饰,215237991,
佰家悦装饰壁山店,215238012,
炫美装饰,215238122,
可乐居装饰,215238148,
梅林春晓装饰,215238194,
科凡装饰,215238210,
重庆乐之家装饰,215238511,
海棠国际美居中心(已删除),215238582,
首威装饰,215238961,
豪望装饰,215239026,
弈智空间装饰,215239122,
鑫圆装饰,215239414,
万栖装饰,215240007,
卓为装饰,215240423,
涪陵尚可嘉装饰,215240880,
政天装饰,215242520,
重庆猫咪装饰设计有限公司,215243203,
重庆璞素装饰工程有限责任公司,215244742,
年盛装饰,215245911,
广旭装饰,215245989,
星和庄筑装饰,215246163,
爱尚怡装饰,215246249,
欧智家装饰,215246293,
大豆装饰,215246712,
意诚焕新装饰,215247120,
交换空间软装,215247178,
一颗心装饰,215247235,
涪陵九木堂装饰,215247237,
拓宇装饰,215247661,
梦居装饰江津店,215247732,
