﻿姓名,评论内容
九千七🌺,女人的直觉，她老公肯定的有问题了，不然不会有改变的
晏晏的平凡生活,有钱才能美，没钱怎么美。
呢0647,你不要嘘嘘嘛[捂脸][捂脸][捂脸]，伱这一嘘我感觉想上厕所[龇牙][龇牙]
小熊软糖დ᭄ʕ̯•͡˔•,没钱什么都没得搞头[捂脸]
沐然回首☁️,为什么有离婚的预感
青云,为什么要嘘出来，悄悄嘘嘛[笑哭][捂脸]
程程在努力◞︎ᶫᵒᵛᵉ♡,感觉离婚了一样[笑哭][笑哭]
美好时光12354霖霖粉,等着看你的成果，然后再去[捂脸][捂脸][捂脸]
月亮湾6122,希望不是说说而已
半酸,很喜欢你们
大白不二,可以每期发出来 让我们跟着学哈
⑨0后两个女鹅,等把娃送幼儿园我也要向小妹看齐[赞]
蕙质兰心,有钱有时间哪个女人都可以变美
兔宝,美美哒[火]
往事成风,[666]
燕子29353,[赞][玫瑰]
回眸〝醉倾城097,我也想去学，如果回去陪娃儿上学准备去学不然没事干，闲着不好
平凡一生,过上了上层人的生活，为了拍视频，也醉了[笑哭][笑哭]
幸福又浪漫676,有点好笑了一直嘘
’誓言不過煙雨過客l,我就觉得这女的离婚了
菲比 ☀ 寻常,[尴尬]这肚子好肥哦🙄
柠檬碎冰冰🌾,你们就不能盼别人点好，，
/ “ᝰꫛꫀꪝ⁵²º⅓¼,[愉快][愉快][愉快]
╰︶（இдஇ,好怕你不注意吹个口哨出来[庆祝]
え織芜ぞ元嬰よ,[玫瑰]
小癫峰,为什么要嘘出来，搞得想上厕所了[笑哭][捂脸]
love爱剪辑🐾,[爱心]
云川江小妹,女人有钱去变美，如果你有一天身无分文的时候，还想不想去变美。
花仙子,[赞][赞][赞]
记得吗836,[火]
喜笑颜开,先去把牙弄好
嬛嬛陶,[爱心]割眼睛了[捂脸][捂脸][捂脸][捂脸]
随遇而安8838,寻找快乐是需要钱的[捂脸]
o捏捏肥脸o,要花多少钱学这个啊
小朱,好象在练气公[捂脸]
艳子41461,@老👗仙女 @大头菜.🍂
赵方503,那有时间搞那些，还是更喜欢钱，没钱那些都是空谈，姐妹们搞钱最重要
灬、诗和远方,[奸笑]
祁仪祖传黄酒,受啥刺激了[暴汗][暴汗][暴汗][暴汗][暴汗]
꧁꫞꯭青栀如初꫞,[爱你][爱你][爱你]
黎健698,你把牙齿弄一下，就更漂亮啦！
黑心辣椒💓💓💓💓,瑜伽一对一贵哦
有一只憨哥小八,嘘什么嘘，还带声音[捂脸]
koi /,为什么老在那里嘘嘘嘘[捂脸]
'――＠霜丫头,[玫瑰][玫瑰][玫瑰]
梁欢894,因为带过娃的都知道，那种声音，为了你更好的作品，这是我给的建议
安好🌸🌸,牙齿弄一下
一辈子1877,我也想，就是没有钱[捂脸]
温馨82632,有钱才能享受
祉猷并茂…,美女瑜伽课多少钱？
靖,[赞][赞][赞][赞]
安心[太阳],生完二胎再练形体啦
🦁小妮妮3🐴,多少钱，等我生完二胎也去弄下
思思3343,明天绝对起不来了[捂脸][捂脸]
ftgvghj,[赞]
沐然回首☁️,为什么有离婚的预感
梁欢894,不发出声音就好了
含hGF,[火][火][火][火][火][火][火][火][火][火][火][火][玫瑰][玫瑰][玫瑰][奸笑][奸笑][奸笑][爱心][爱心][赞][赞][赞][赞][赞][赞][赞][赞][龇牙][龇牙][龇牙][龇牙][龇牙][龇牙]
程程在努力◞︎ᶫᵒᵛᵉ♡,感觉离婚了一样[笑哭][笑哭]
顺风顺水,[赞][赞][赞]
User_1570587614703,现在的农村妇女活得潇洒。
zyp1232,[赞][赞][赞]
没学好物理,到底发生了什么？
大白不二,可以每期发出来 让我们跟着学哈
毛毛虫,好漂亮[爱心]
月亮湾6122,希望不是说说而已
先生姓白🍉,有钱了，开始提高品质了
无情指间,你体态真的不好，适合练瑜伽
SUE9683,小妹儿是个有活力，热爱生活的女人，小二姓要好好珍惜哦！千万别吃着碗里的，看着锅里的[奸笑]
🌸 🌺 💅 刘素君💅 🌺 🌸,这种私教瑜伽课很贵
王先森的王太太♥,一节课就有那么大区别吗？
边城小村的人,[赞][赞][赞][赞]
～Y乐乐Y,说的好女人要开心美美滴
钱新悦。。。,每天瑜伽拍视频，让我们跟着一起学
薰衣草（田）（天腊皇腊味,[赞]
飞翔,小妹有天赋，期待你的成功[赞]
小易,[赞][赞][赞][赞]
黄三姐.,[玫瑰]
A伪装的坚强192,今天看到小妹有点像打乒乓的那个高云骄
秀婷记录生活,没有钱，怎么美
豆豆💐（（🌺⥎🌺）,33[奸笑]
A欣554,[赞]
晓红,[666][666][666][666][666]
ℒℴνℯ零度,我也想，可是我没钱，懒，只有看别人练的视频，睡觉
阿虹,加油！小妹，看你變的更美
CZZ882,[赞][赞][赞]
晏晏的平凡生活,有钱才能美，没钱怎么美。
美丽幸福8511,[玫瑰][玫瑰][玫瑰][玫瑰][玫瑰][爱心][爱心][爱心][爱心][赞][赞][赞][赞]
🔯贰🔯.,女人被资本忽悠，要对自己好，要办自己扮成美女，对自己好一点就是要花钱[捂脸][捂脸][捂脸]
醉美d水西谣,不去上课也很漂亮的
九千七🌺,女人的直觉，她老公肯定的有问题了，不然不会有改变的
越西,[玫瑰][玫瑰][玫瑰]
小熊软糖დ᭄ʕ̯•͡˔•,没钱什么都没得搞头[捂脸]
青云,为什么要嘘出来，悄悄嘘嘛[笑哭][捂脸]
心静,有点钱了，得意了
A々～卢小主＠,看着我就好痛好苦啊，看来这辈子我减不了肥了[笑哭]
芜湖￼,以前好看
半酸,很喜欢你们
美好时光12354霖霖粉,等着看你的成果，然后再去[捂脸][捂脸][捂脸]
忘忧草,[赞][赞]
⑨0后两个女鹅,等把娃送幼儿园我也要向小妹看齐[赞]
＠佳期如梦之海上繁花～,加油[玫瑰][玫瑰]
萌💋💋,来次早的
娟07839,[666]
呢0647,第一
