﻿姓名,评论内容
miss森 偶妮ya!,长得真帅 周周[奸笑]
鹌鹑蛋哎🥚,太宠溺了
奇怪的小姐姐+~^O^,小周周不去上学了
最美不过初相遇,我家这个一剪头发就哭   上次一个多小时才了几刀[捂脸]  老火得很
家🈶🈶俩神兽🎊,之前不是送早教中心了吗？怎么没去了
君20062,小周周好可爱哟
一只胖猪^จุ๊บ,又回去了啊
成悦美,小孩可爱棒棒的[666][666][666][赞][赞][赞]
幸福23367,妹儿好能干
晴诗雨436,应该是库存
一生平安（钢管租赁）,[爱心][爱心]
穆丝小罗🌸,[火]
User_1571494947728,[赞][赞]
用户319,[赞][赞][赞][赞]
我没有过女朋友-,[笑哭]
颖妈,[赞]
明天更美好,[赞]
胆龙威虎,老婆下几个了
王迎268,这孩子没带好[捂脸]
胖妹,[赞][赞][赞]
含hGF,[奸笑][奸笑][奸笑][奸笑][奸笑][奸笑][奸笑][奸笑][奸笑][奸笑][奸笑][奸笑][奸笑][奸笑][玫瑰][玫瑰][玫瑰][玫瑰][玫瑰][龇牙][龇牙][龇牙][龇牙][龇牙][龇牙][龇牙][火][火][赞][赞][赞][赞][赞][赞][爱心][爱心][爱心][爱心][爱心][爱心]
A欣554,[赞]
远方的思念慈悲慈悲,[赞]
|雪花,[赞][赞][赞]
Y💖L841,[666]
圣似如花,[赞][赞][赞][爱心][爱心]
王兵6305,[玫瑰]
谭杰杰,[赞]
迎风＠起舞,[赞][赞][赞]
已然～陌生,@[赞]
幸福又浪漫676,己经过夏了
廖还是郭,第二
