﻿姓名,评论内容
赶走黑夜,那个照妖镜有点[赞]
此生注定,那是敌敌畏吗[笑哭]
一只胖猪^จุ๊บ,本来我也准备报瑜伽班的，结果怀二宝宝了，想想还是懒一点[捂脸][捂脸]
72时。,哈哈哈哈哈，下楼梯笑死我了[捂脸][捂脸][捂脸]
慧慧,拿剑那个严肃点感觉就出来了[笑哭][奸笑]
SUE9683,小妹儿美的，美的，自信点，你比很多人都强
彬彬有礼,小妹好漂亮
1-好幸福,@涵涵是光
派大星的friends,[666][666][666]
唐慧141,[捂脸]
＠曦＠126,雪花女神龙
檬初,[玫瑰]
🌸,[火]
[可爱的汐颜啊]🍃,[赞]
懒.羊 羊🍀,第二张好看
诀别诗,越来越漂亮了小妹。
和平鸽,[赞]
佳  佳很乖,搞笑女无疑了[捂脸]
秀秀,[捂脸][捂脸][捂脸]
百变✘小鱼啊☆,背影照和正面笑的很开心的几张，简直不要太好看[赞][愉快][龇牙]
傲雪寒梅49652,[赞][赞]
艳紫,[玫瑰]
怡59385,[赞]
转身 阳光落地,你不会是想离婚了吧
秀,[赞][赞][赞]
肖胥函,美美的小妹
兔兔🦄柠檬,是普拉提还是瑜伽
一直认真学习的车车,小妹儿，宝剑抢镜了
挚爱宝贝932,经常刷到你，挺真实的，喜欢你[赞]
小小鹿╰,[赞]
涛声依旧53531,好美[玫瑰][玫瑰][玫瑰][玫瑰][玫瑰][玫瑰][玫瑰]
ぼ小秋妹儿ぷ,[玫瑰][玫瑰]
瑶杰❤,[玫瑰]
深海万仗终有底,[666][666]
洋阳,[赞]
Smile. 雨露☞咨询,[玫瑰]
User_1570587614703,农村妇女活得太有滋有味了。
烟花、易冷097,[赞][赞]
娇娇努力中（已瘦28斤）,我喜欢那一张背影。太好看了。[玫瑰]
【涛声💋 依旧】,手里不拿东西会更好，镜子和伞都是现代的
轻舞飞扬06836,[666][666][666]
左左8623,[赞][赞]
A·杨杨子啊,其实你长得很好看
才思敏捷萱萱宝贝,爱你哦[玫瑰]
lisa,感觉像贾宝玉
꧁꫞꯭青栀如初꫞,[爱你][爱你][爱你]
莓有心动❤❤❤,同款衣服
陌上花开。晴,[赞]
養豬仙女ζ,还有点像倚天屠龙记中的一个人，忘叫什么了
養豬仙女ζ,梅超风[笑哭][笑哭][笑哭]
别把遗憾💍留给了未来i,厉害[爱你][爱你][爱你]
美女优伤,你太搞笑了，我很喜欢[龇牙][龇牙]
伊韵儿241,[爱心][爱心][爱心][爱心][爱心]
丁丁妹儿,[赞][赞][赞][赞]
小敏菟菟,都好看吖女生必须要自信满满的
面包脑袋,[爱心]
莫太太,小周周:还我宝剑[facepalm]
柠檬,好漂亮[爱你]
＠鱼腥草。,我觉得你还是挺自信的，如果不自信你就不会拍视频了
元姐,[爱你][爱你]
Yxian丹,看到我都笑了，不好意思
一只胖猪^จุ๊บ,本来我也准备报瑜伽班的，结果怀二宝宝了，想想还是懒一点[捂脸][捂脸]
尹姐213,漂亮[玫瑰][玫瑰][玫瑰][玫瑰]
👣 &白昼半岛$👣,[爱心]
睿睿的麻麻＠,拍的不到位 可以学一下拍照技术
小、L,这汉服不行，不仙，
繁星相伴,[笑哭]
收敛092,[玫瑰]
♥̶归̶零̶ꦿ̶,哈哈哈  侠 大侠[捂脸]
€沐 亦δ帝 溪€,同款睡衣
阿虹,小妹的性格豪爽，喜歡你[赞][赞][赞]
奇迹,道具该更新一下了[捂脸][捂脸][捂脸]
邓老师找工作,拍个醉酒的[捂脸][捂脸][捂脸][捂脸]
耶耶耶耶耶耶耶欧耶欧,越来越美了
相识美丽,[666]
来一口菜包嘛,这个是不是昨天发过[天啊][天啊]
72时。,哈哈哈哈哈，下楼梯笑死我了[捂脸][捂脸][捂脸]
与氧气共存亡598,你这么优秀，
糖宝78747,哈哈哈笑死我了[笑哭][笑哭][笑哭][笑哭]
别闹❤️乖,还挺好看的
王铁蛋WX,小二娃说过谁家不是一地鸡毛，都是一个样的自己的生活自己清楚，自己想开自己疗伤[抱抱]
小杨89545,[火][火][火][火][火][火][赞][赞][赞][赞][赞][赞][赞][赞]
此生注定,那是敌敌畏吗[笑哭]
繁华落尽🌸❤️,装备整起，古风扇子，宝剑，古风伞，拍出来会更好看，更有感觉。[玫瑰][玫瑰]
飞翔,成品美美哒[赞]
开心文玲,漂亮[玫瑰][玫瑰][玫瑰][玫瑰]
英🌹🌹🍁🍂🥀英,好漂亮
A欣554,[赞]
☞ 九月♬,应该换一种伞🌂
SUE9683,小妹儿美的，美的，自信点，你比很多人都强
0＠c-1～.,[666][666][666][666]
圣似如花,[赞][赞][赞][爱心][爱心]
赶走黑夜,那个照妖镜有点[赞]
均167,小妹儿支持你漂亮！[赞][赞]
🍋,[玫瑰]
若（赢）,宝剑是认真的吗？
英95683,[赞][赞][赞][赞]
水泡泡,那个酒瓶有点像农药瓶[笑哭][笑哭][笑哭]
迎风＠起舞,[玫瑰][玫瑰][玫瑰]
花花绿绿,[赞][赞][赞][赞][赞]
慧慧,拿剑那个严肃点感觉就出来了[笑哭][奸笑]
小天12582,[赞]
静姐1745,挺好看的
晓红,[666][666][666][666]
捂风挽笑5336,前排[奸笑][奸笑] 早早的起来看小妹姐姐了
羊piapia嘢,[不说]
