﻿姓名,评论内容
鹅嚼锅海峰,祝总监发大财，早日找到女朋友[奸笑][奸笑]
有温度的冰块,没有我抢不到的前排
A一口,今天我生日能说一句生日快乐吗？
👉平安🍎是福👈aa,我估计等一下会跟总监分30块[憨笑]
兰因絮结,最多两天半 统统清仓特价促销[捂脸]
Y同学,我们这边一毛两毛都要收，真的格局打开啊
丹=⺆+亠,前排
今生我来爱你💑,总监觉得两天70可以了[捂脸]
少羽,十天
仙人掌wyy,[赞]
你叫我作爸爸我教你练功夫,你这样卖  就没得水果鸡吃了哦
小鱼儿＠猫,本钱还没回来，都快卖完了
鸿盛农业有限公司亮亮,10天[抠鼻]
岁月^o^纠缠着往日的不朽,能卖5400
午休到半夜,我们这儿都不准摆摊
我爸,十天20天才能卖完
User_285225803,火龙果红心我买十块[大哭]
父母健康长寿,生日快乐
＠叫我刘阿姨,小台芒昨天在超市看了一下16.8一公斤
随、风、而、去……,[空投]
只为你6440,怎么没有榴莲了
小鲁,@甲方 报驾校干这个去[捂脸]
改变,[赞][赞][赞]
User_1586523177276,都知果12元一斤，很好吃，今年水果有点贵
香水百合59632,兄弟离你和总监太远了不然可以来买你家的果果哦
时间不等人9332,厉害👍[赞][赞]
面包会有的,总监年底要分倒红利啦[欢迎][欢迎][欢迎][欢迎][赞]
木子忠義,超哥发个VV过来，带带我
！！！？？？863,[赞]
嫣小猪💓,都知果好吃，一年四季都好吃。
xiaoshuang417,卖完，总监可以分到两块不
宅叔o,两千
采徐坤▓,我看见你了，[哼]
＠社会摇,在彝良好卖得很
＆＆＆329,我估计要卖一年了[赞][赞][赞]
里总·,[爱心][爱心][爱心]
男人✔🚬🍃,我在彝良，就没有遇见你们两个[捂脸]
Mrss小如意🌈,泰国小菠萝削了皮还能放几天的吗？求科普[笑哭]
期待,彝良啊
阳光城,4430元，那就4 4 3分，摄影师4000.超扣扣400，总监30[龇牙]
中國聯通დ,@懒得热情 @小穆   不羡慕 @~~菜瓜~~* @꧁♡꧂⊙ @¹怏 @Freely @ʰᵉˡˡᵒ𝙠𝙞𝙩. @芳笙归来
悦悦旭旭宝贝,[赞][赞][赞]
口口是爱,这就能拿到5块钱
暖阳780,[奸笑]
夜空中最闪亮的“凡”星,我们也是零头都不要的呀，你要他也不想给[笑哭][笑哭]
风吹过岛屿-.,老三呢？
有心真是累！无心无所谓,战绩越来越好喔[赞]
T,可不可以快递
洛·月汐,两位帅哥你们晚上在哪个县城里卖水果[赞][赞][赞]
清枫柳198,越来越厉害了
『帝★豪』,希望你每天要去哪个位置卖，收摊的说哈，有的还会故意去买
︶￣谁动了流年乱了浮生472,就这点水果怕是成本要不到5000千多吧？
桃子汽水🍑,[爱你][爱你][爱你]
六月天230,我想知道总监能拿多少工资
活死人34,后面小心心双数赚钱，单数挣钱
星空灯工厂店,[赞][赞]
User_1572697049706,咋个超市里的小菠萝9.9两个，好像你的那个一袋是9个哈？
渡劫下凡的小仙女,就喜欢看你们搞钱的样子[奸笑]
破茧的蝶819,[赞][赞][赞][赞][赞][赞]
蒲公英42453,为啥那么多人逛街，我们这除非是早上在菜市场那那么多人
爱住身边每一个人,[龇牙][龇牙][龇牙]
阿――🐑¿,其实人家这是为了节目效果总监才这样的
X苏总,[赞]
X苏总,[赞]
￥小梁很卑微！☹️,@🐯奔宝宝💐
草长莺飞  渟膏湛碧,确实卖的便宜
~娜297,关于抢到了前排不知道说什么[捂脸]
執&唸＠薆,不愧是东方清仓和西方甩卖[赞]
神的童年,10天
★╭🎸唯一,[加油]
潮起潮落3502,明天接着进货。
天生桥水果，干货调料1990,小波萝我才卖二十五，都难卖
pengpeng135,[赞]
少羽,十天
心心相印84708,你们那里的水果怎么那么便宜呢？
紫薇花0509,城管来了[奸笑]
安安呀呀呀呀呀呀,又想骗我去卖水果[捂脸]
ঞ浮生 ໌້ᮨ꧔ꦿ᭄ঞ,我也想来买你家的水果，但是隔的有点远[笑哭][笑哭]
无敌,5天
ぷ张万森,我是你的粉丝
思念、为了谁,十天半个月吧，别太久了
褚雨1985,[赞][赞][赞][赞]
白西子❤,再不给总监升工资，总监要被人挖走咯[天啊][天啊][天啊]
%B&O/y,[赞][赞][赞]
无忧,会被城管赶嘛
多年以后💪 💪 🙏 ?,6500
那里有人在玩火,看上总监了
yanyan8558,笑哈哈哈[666][666]
Lily,赶紧卖完给总监分红[憨笑]
瑶源爸,不要短斤少两呵
他不懂,我刚刚看到你了
他不懂,你们是不是在彝良？
雪兮☘,我也看到真人了[笑哭][笑哭][笑哭]
147亮哥,能不能卖了时候开直播…支持了顶起[666][666][666][666][666][666][666][666][666][666][666][666][666][666][666][666][666][666][666]
脑袋困掉哇,公厕 门口 [笑哭]
꧔ꦿ安℘᭄ᩚ忆꧔ꦿ,每次我下来都没有遇到你们
秦.语～🍡,给我分4吧
车神5973,跟你学
👧记得笑 .,总监快出来我们打螺丝[捂脸]
桂容441,有人挖总监了[赞]
＠穿渡♥星河,你们那水果好便宜，我好想来，[捂脸]
秦.语～🍡,超老板的10个亿国目排，马上就要完成了[捂脸][捂脸][捂脸]
君临天下ajk,我问你是不是来彝良了，你都不回哈粉丝的吗，取关
ℳঞ雷ꦿ ໌້ᮨ꧔ꦿ᭄,起码买到烂[捂脸]
曾经8468,我们这边基本上都是零头几毛的都让你加一个，加不加去都有零头[捂脸]
帅^0^哥*´艸`*,[赞]
癫了没好00631,看你们俩兄弟卖水果好开心[龇牙]
清思文图,一天就卖4430，有点东西！
零撸加米哟,下次我要飞云南去买超扣扣的水果[捂脸][捂脸]
玥爱书语,轻点摔嘛
冷风,买卖完过年
高兴就好20258,[赞]
新新,利润基本上在4500左右
Em0ji❣️,好可以寄过来[笑哭]
ク旺旺碎冰冰づ,位置不错
无上限宠你854,超哥我一直很好奇，你们县城没有城管吗？ @大山里的超超
若曦＠惜缘,我们这里小台芒10块钱一斤[捂脸]
土土木木,[赞][赞][赞]
冬葵子,可以邮寄不
春暖花开54026,我天天都看你们卖水果呀，要是我离你们近的话，我一定天天都来买，太喜欢你你们卖水果了
I am fine°,你要学会四舍五入[偷笑]  11块8应该收12
＠疯狂小杨迷,跟着超哥混，三天饿九顿
青春回忆录,我还是觉得总监工资低了点
yu玉430,看得我都想去买水果了[捂脸][捂脸]
老任-正和恒源装饰公司,总监至少能拿到15
柠萌波波℉,人去哪了[旋转]
复古纪梵希,这边消费有那么高吗
ᝰꫛꫀꪝ𐂂晴熙剪辑,我[捂脸]这个人有强迫症 我的赞必须单数
ᝰꫛꫀꪝ𐂂晴熙剪辑,刚刚
WAP132,五千多？
（*^ω^*）清风,都知果特好吃，我吃过
军👑哥哥520,网红卖东西就是好卖点[捂脸]
萬 先 森,[爱心][爱心][爱心]
爱你的男孩140,我这里好多在冷库上班  货很多
xg徐戈yj,4天
……嘛 也 不 是,你们那里路边可以摆摊还是好，我这里都不准
专业承包生产颗粒,这离10亿还差得远啊[笑哭]
念～,主要还是流量可以，普通人有点难！
阿林1355,下盐津来
生活乐事😊😊小林,进了5千多  卖的省一点点  才卖了4千多[捂脸][捂脸]  你这个说假了[奸笑][奸笑]
0112卿,把你的二维码整大个点，挂在车脑壳上
小益的生日10月8日,你的水果需要卖358天[笑哭]
月亮.美,估计除了本钱，赚两三千多
冰糖  雪李,@梦宇-🦋
小益的生日10月8日,你的水果需要卖358天[笑哭]
――，仅此而已（168）,能分30块今天这样
唐心果爱水果,8两称还是9两称[捂脸]
、那份情、,@⚜️.ㅤㅤ
匕首,[666][666][666][赞][赞][赞][赞][爱心][爱心][爱心][玫瑰][玫瑰][玫瑰][火][火][火][笑哭][笑哭][笑哭]
抚呦°,我猜你又要开始养水果鸡🐔了
暮晨,每次都要看两遍 都是笑着看完的[笑哭][笑哭][笑哭]感觉他们生意好 看着都高兴，我都觉得不可思议了[捂脸][捂脸]
鑫鑫9143,都知果我们这点就产的，特别的甜
被小美騙了5.2無🐋,[偷笑][偷笑][偷笑]
虎妈和【俩皮夹克】,我刚刚在我们楼下水果店买了小台芒9块钱一斤[大哭][大哭]
可中意莫,一个小时[爱你]
骚年。。。...,喂鸡[捂脸]
A.亲爱的路人,感觉我在追剧，快点更新下一期
我还是个宝宝💋💋,小菠萝是真便宜，水果店都是称斤卖[汗]
快手用户1677458651703,一个月13万
何甜心～,水果真心不贵
🐷27118,真心建议你们可以在车上挂个灯。我们这边都是这样的，给别人看的清楚，颜色也好看[龇牙]
2时代王大锤🔨,买一个月[奸笑]
x,看到超老板生意好，我们也跟着开心，加油[赞][赞][赞][赞][赞]
Y同学,我们这边一毛两毛都要收，真的格局打开啊
必杀技,快来了啊，等着你的啊
叶飞7965,二十天
许多年以后33961,别人都知道你发七十了，有点扣
扶摇,撞衫了[笑哭]
艳姗133,朋友们
紫玉4438,更新很勤嘛[笑哭]，祝生意兴隆超
蛇当官,@马码der
晚风吹过ob,[笑哭][笑哭][笑哭]
我就爱勤奋,卖了4430块，纯利润是多少？
ღ᭄ꦿ꯭ღ᭄ꦿ꯭八度ღ᭄,十天
石头剪子布,头发越来越整齐
闪亮的世界365,[666][火][火]
新旧货买卖，影云,分30[捂脸][捂脸][捂脸]
萬世泰平,两天
H💞1118,云贵川这边的一般几毛的零钱都不得收[笑哭]
徐哥88771,3天
晓晓宝贝很调皮😝ฅฅ*,小台芒才6块啊，我这13[汗]
白糖伴黄瓜,@男配角✌🏿️ 位置哪点[微笑][微笑][微笑]
刘数425,超哥要发财哦
👉平安🍎是福👈aa,我估计等一下会跟总监分30块[憨笑]
把秘密告诉ⁿⁱ和ᵏᵃⁱ,马上我来买
i是相互的基本,热乎的[奸笑]
小一一🎅很乖,总监肯定就分了30块钱多了没有
幸福安康55222,[赞][赞][赞][赞]很有经济头脑
有温度的冰块,没有我抢不到的前排
A一口,今天我生日能说一句生日快乐吗？
我叫 ＠张德帅,没有我抢不到的前排
批发雪糕      黄,城管来了@[捂脸]
与风说心事,喂鸡喂鸡
哈哈，goddess,[酷][酷]
流逝0998,天天守着你们的视频更新[偷笑][偷笑]
初遇 .女装,[赞][赞][赞]
.木白风.,[玫瑰]
为你砍条街.,前排
丹=⺆+亠,前排
Life、hao,11
丹=⺆+亠,超哥你又帅了好吧[爱你][爱你]
李梦738,刚刚
悲伤小魚💤,wc  我第一第一
当然可yi呀,第一
小红ufxwdrVw,前排
星：辰，,1
寻愛者.,哈哈
